
==> uv run -m src.experiments.heavy_tail --study alpha --dataset cifar10 --model resnet18 --rounds 100 --num_clients 100 --local_epochs 1 --batch_size 64 --server_lr 0.01 --local_lr 0.01 --momentum 0.9 --beta2 0.999 --noise_scale 0.05 --alphas 1.1,1.3,1.5,1.7,1.9,2.0 --seeds 42,43,44 --methods fedavg,fedavgm,adagrad_ota,adam_ota --dir_conc 0.1 --out_dir results/heavytail --amp_dtype bf16 --fast_data on --eval_every 1 --eval_batch_size 1024 --diagnostics_every 0 --amp --channels_last
/home/promissa/projects/st4001_project/.venv/lib/python3.13/site-packages/torchvision/datasets/cifar.py:83: VisibleDeprecationWarning: dtype(): align should be passed as Python or NumPy boolean but got `align=0`. Did you mean to pass a tuple to create a subarray type? (Deprecated NumPy 2.4)
  entry = pickle.load(f, encoding="latin1")
Device: cuda | Config: {'study': 'alpha', 'dataset': 'cifar10', 'model': 'resnet18', 'rounds': 100, 'num_clients': 100, 'local_epochs': 1, 'batch_size': 64, 'server_lr': 0.01, 'local_lr': 0.01, 'momentum': 0.9, 'beta2': 0.999, 'noise_scale': 0.05, 'alphas': [1.1, 1.3, 1.5, 1.7, 1.9, 2.0], 'mac_alpha': 1.3, 'mac_clip': 3.0, 'mac_clips': [0.0, 1.0, 2.0, 3.0, 5.0], 'mac_noise_scales': [0.05, 0.1, 0.2], 'use_mac': False, 'methods': ['fedavg', 'fedavgm', 'adagrad_ota', 'adam_ota'], 'seeds': [42, 43, 44], 'parallel_seeds': False, 'non_iid': True, 'dir_conc': 0.1, 'log_every': 1, 'save_diagnostics': False, 'out_dir': 'results/heavytail', 'amp': True, 'amp_dtype': 'bf16', 'channels_last': True, 'eval_batch_size': 1024, 'eval_every': 1, 'diagnostics_every': 0, 'fast_data': 'on', 'use_amp': True, 'use_channels_last': True, 'use_fast_data': True}
AMP:       True (bf16) | channels_last=True
Fast data: True (on) | eval_every=1 | diagnostics_every=0

=== Heavy-tail ablation: alpha-stable tail index ===
  alpha=1.1 seed=42  no-MAC fedavg       round    1/100 loss=10058.3027 acc=0.0984
/home/promissa/projects/st4001_project/.venv/lib/python3.13/site-packages/torchvision/datasets/cifar.py:83: VisibleDeprecationWarning: dtype(): align should be passed as Python or NumPy boolean but got `align=0`. Did you mean to pass a tuple to create a subarray type? (Deprecated NumPy 2.4)
  entry = pickle.load(f, encoding="latin1")
  alpha=1.1 seed=44  no-MAC fedavg       round    1/100 loss=27663.6738 acc=0.0988
  alpha=1.1 seed=44  no-MAC fedavg       round    2/100 loss=44636.9570 acc=0.0825
  alpha=1.1 seed=44  no-MAC fedavg       round    3/100 loss=15506689597584972780883943620608.0000 acc=0.1100
  alpha=1.1 seed=42  no-MAC fedavgm      round    1/100 loss=10066.5576 acc=0.0995
  alpha=1.1 seed=44  no-MAC fedavgm      round    1/100 loss=27663.6738 acc=0.0988
  alpha=1.1 seed=44  no-MAC fedavgm      round    2/100 loss=210842.9062 acc=0.1041
  alpha=1.1 seed=44  no-MAC fedavgm      round    3/100 loss=196315645622786931278257162551296.0000 acc=0.1028
  alpha=1.1 seed=42  no-MAC adagrad_ota  round    1/100 loss=2.6984 acc=0.1131
  alpha=1.1 seed=42  no-MAC adagrad_ota  round    2/100 loss=2.6864 acc=0.1005
  alpha=1.1 seed=42  no-MAC adagrad_ota  round    3/100 loss=3.0003 acc=0.1032
  alpha=1.1 seed=42  no-MAC adagrad_ota  round    4/100 loss=2.7777 acc=0.1149
  alpha=1.1 seed=42  no-MAC adagrad_ota  round    5/100 loss=2.2612 acc=0.1829
  alpha=1.1 seed=42  no-MAC adagrad_ota  round    6/100 loss=2.1903 acc=0.1754
  alpha=1.1 seed=42  no-MAC adagrad_ota  round    7/100 loss=2.2046 acc=0.1785
  alpha=1.1 seed=42  no-MAC adagrad_ota  round    8/100 loss=2.1771 acc=0.2013
  alpha=1.1 seed=42  no-MAC adagrad_ota  round    9/100 loss=2.1278 acc=0.2158
  alpha=1.1 seed=42  no-MAC adagrad_ota  round   10/100 loss=2.0802 acc=0.2328
  alpha=1.1 seed=42  no-MAC adagrad_ota  round   11/100 loss=2.0677 acc=0.2230
  alpha=1.1 seed=42  no-MAC adagrad_ota  round   12/100 loss=2.0370 acc=0.2155
  alpha=1.1 seed=42  no-MAC adagrad_ota  round   13/100 loss=2.0097 acc=0.2230
  alpha=1.1 seed=42  no-MAC adagrad_ota  round   14/100 loss=1.9876 acc=0.2364
  alpha=1.1 seed=42  no-MAC adagrad_ota  round   15/100 loss=1.9644 acc=0.2472
  alpha=1.1 seed=42  no-MAC adagrad_ota  round   16/100 loss=1.9481 acc=0.2582
  alpha=1.1 seed=42  no-MAC adagrad_ota  round   17/100 loss=1.9372 acc=0.2640
  alpha=1.1 seed=42  no-MAC adagrad_ota  round   18/100 loss=1.9307 acc=0.2656
  alpha=1.1 seed=42  no-MAC adagrad_ota  round   19/100 loss=1.9267 acc=0.2653
  alpha=1.1 seed=42  no-MAC adagrad_ota  round   20/100 loss=1.9245 acc=0.2681
  alpha=1.1 seed=42  no-MAC adagrad_ota  round   21/100 loss=1.9226 acc=0.2671
  alpha=1.1 seed=42  no-MAC adagrad_ota  round   22/100 loss=1.9224 acc=0.2648
  alpha=1.1 seed=42  no-MAC adagrad_ota  round   23/100 loss=1.9204 acc=0.2627
  alpha=1.1 seed=42  no-MAC adagrad_ota  round   24/100 loss=1.9129 acc=0.2672
  alpha=1.1 seed=42  no-MAC adagrad_ota  round   25/100 loss=1.9073 acc=0.2704
  alpha=1.1 seed=42  no-MAC adagrad_ota  round   26/100 loss=1.9038 acc=0.2762
  alpha=1.1 seed=42  no-MAC adagrad_ota  round   27/100 loss=1.9012 acc=0.2781
  alpha=1.1 seed=42  no-MAC adagrad_ota  round   28/100 loss=1.8985 acc=0.2768
  alpha=1.1 seed=42  no-MAC adagrad_ota  round   29/100 loss=1.8976 acc=0.2784
  alpha=1.1 seed=42  no-MAC adagrad_ota  round   30/100 loss=1.8962 acc=0.2794
  alpha=1.1 seed=42  no-MAC adagrad_ota  round   31/100 loss=1.8951 acc=0.2826
  alpha=1.1 seed=42  no-MAC adagrad_ota  round   32/100 loss=1.8920 acc=0.2828
  alpha=1.1 seed=42  no-MAC adagrad_ota  round   33/100 loss=1.8920 acc=0.2853
  alpha=1.1 seed=42  no-MAC adagrad_ota  round   34/100 loss=1.8902 acc=0.2839
  alpha=1.1 seed=42  no-MAC adagrad_ota  round   35/100 loss=1.8849 acc=0.2887
  alpha=1.1 seed=42  no-MAC adagrad_ota  round   36/100 loss=1.8825 acc=0.2889
  alpha=1.1 seed=42  no-MAC adagrad_ota  round   37/100 loss=1.8800 acc=0.2910
  alpha=1.1 seed=42  no-MAC adagrad_ota  round   38/100 loss=1.8788 acc=0.2895
  alpha=1.1 seed=42  no-MAC adagrad_ota  round   39/100 loss=1.8770 acc=0.2915
  alpha=1.1 seed=42  no-MAC adagrad_ota  round   40/100 loss=1.8762 acc=0.2899
  alpha=1.1 seed=42  no-MAC adagrad_ota  round   41/100 loss=1.8752 acc=0.2924
  alpha=1.1 seed=42  no-MAC adagrad_ota  round   42/100 loss=1.8758 acc=0.2895
  alpha=1.1 seed=42  no-MAC adagrad_ota  round   43/100 loss=1.8764 acc=0.2910
  alpha=1.1 seed=42  no-MAC adagrad_ota  round   44/100 loss=1.8771 acc=0.2897
  alpha=1.1 seed=42  no-MAC adagrad_ota  round   45/100 loss=1.8778 acc=0.2894
  alpha=1.1 seed=42  no-MAC adagrad_ota  round   46/100 loss=1.8780 acc=0.2863
  alpha=1.1 seed=42  no-MAC adagrad_ota  round   47/100 loss=1.8774 acc=0.2868
  alpha=1.1 seed=42  no-MAC adagrad_ota  round   48/100 loss=1.8766 acc=0.2863
  alpha=1.1 seed=42  no-MAC adagrad_ota  round   49/100 loss=1.8770 acc=0.2820
  alpha=1.1 seed=42  no-MAC adagrad_ota  round   50/100 loss=1.8764 acc=0.2815
  alpha=1.1 seed=42  no-MAC adagrad_ota  round   51/100 loss=1.8766 acc=0.2758
  alpha=1.1 seed=42  no-MAC adagrad_ota  round   52/100 loss=1.8764 acc=0.2790
  alpha=1.1 seed=42  no-MAC adagrad_ota  round   53/100 loss=1.8755 acc=0.2779
  alpha=1.1 seed=42  no-MAC adagrad_ota  round   54/100 loss=1.8735 acc=0.2805
  alpha=1.1 seed=42  no-MAC adagrad_ota  round   55/100 loss=1.8710 acc=0.2835
  alpha=1.1 seed=42  no-MAC adagrad_ota  round   56/100 loss=1.8703 acc=0.2824
  alpha=1.1 seed=42  no-MAC adagrad_ota  round   57/100 loss=1.8693 acc=0.2834
  alpha=1.1 seed=42  no-MAC adagrad_ota  round   58/100 loss=1.8694 acc=0.2841
  alpha=1.1 seed=42  no-MAC adagrad_ota  round   59/100 loss=1.8692 acc=0.2868
  alpha=1.1 seed=42  no-MAC adagrad_ota  round   60/100 loss=1.8681 acc=0.2855
  alpha=1.1 seed=42  no-MAC adagrad_ota  round   61/100 loss=1.8674 acc=0.2861
  alpha=1.1 seed=42  no-MAC adagrad_ota  round   62/100 loss=1.8670 acc=0.2864
  alpha=1.1 seed=42  no-MAC adagrad_ota  round   63/100 loss=1.8666 acc=0.2880
  alpha=1.1 seed=42  no-MAC adagrad_ota  round   64/100 loss=1.8658 acc=0.2900
  alpha=1.1 seed=42  no-MAC adagrad_ota  round   65/100 loss=1.8649 acc=0.2921
  alpha=1.1 seed=42  no-MAC adagrad_ota  round   66/100 loss=1.8653 acc=0.2898
  alpha=1.1 seed=42  no-MAC adagrad_ota  round   67/100 loss=1.8651 acc=0.2877
  alpha=1.1 seed=42  no-MAC adagrad_ota  round   68/100 loss=1.8644 acc=0.2883
  alpha=1.1 seed=42  no-MAC adagrad_ota  round   69/100 loss=1.8638 acc=0.2899
  alpha=1.1 seed=42  no-MAC adagrad_ota  round   70/100 loss=1.8642 acc=0.2906
  alpha=1.1 seed=42  no-MAC adagrad_ota  round   71/100 loss=1.8638 acc=0.2920
  alpha=1.1 seed=42  no-MAC adagrad_ota  round   72/100 loss=1.8630 acc=0.2928
  alpha=1.1 seed=42  no-MAC adagrad_ota  round   73/100 loss=1.8622 acc=0.2946
  alpha=1.1 seed=42  no-MAC adagrad_ota  round   74/100 loss=1.8607 acc=0.2942
  alpha=1.1 seed=42  no-MAC adagrad_ota  round   75/100 loss=1.8595 acc=0.2959
  alpha=1.1 seed=42  no-MAC adagrad_ota  round   76/100 loss=1.8589 acc=0.2955
  alpha=1.1 seed=42  no-MAC adagrad_ota  round   77/100 loss=1.8585 acc=0.2985
  alpha=1.1 seed=42  no-MAC adagrad_ota  round   78/100 loss=1.8569 acc=0.2998
  alpha=1.1 seed=42  no-MAC adagrad_ota  round   79/100 loss=1.8577 acc=0.2970
  alpha=1.1 seed=42  no-MAC adagrad_ota  round   80/100 loss=1.8574 acc=0.2974
  alpha=1.1 seed=42  no-MAC adagrad_ota  round   81/100 loss=1.8567 acc=0.2967
  alpha=1.1 seed=42  no-MAC adagrad_ota  round   82/100 loss=1.8562 acc=0.3000
  alpha=1.1 seed=42  no-MAC adagrad_ota  round   83/100 loss=1.8563 acc=0.2989
  alpha=1.1 seed=42  no-MAC adagrad_ota  round   84/100 loss=1.8564 acc=0.2994
  alpha=1.1 seed=42  no-MAC adagrad_ota  round   85/100 loss=1.8557 acc=0.2995
  alpha=1.1 seed=42  no-MAC adagrad_ota  round   86/100 loss=1.8550 acc=0.2991
  alpha=1.1 seed=42  no-MAC adagrad_ota  round   87/100 loss=1.8552 acc=0.2973
  alpha=1.1 seed=42  no-MAC adagrad_ota  round   88/100 loss=1.8540 acc=0.2979
  alpha=1.1 seed=42  no-MAC adagrad_ota  round   89/100 loss=1.8533 acc=0.2984
  alpha=1.1 seed=42  no-MAC adagrad_ota  round   90/100 loss=1.8523 acc=0.2975
  alpha=1.1 seed=42  no-MAC adagrad_ota  round   91/100 loss=1.8528 acc=0.2946
  alpha=1.1 seed=42  no-MAC adagrad_ota  round   92/100 loss=1.8526 acc=0.2949
  alpha=1.1 seed=42  no-MAC adagrad_ota  round   93/100 loss=1.8522 acc=0.2963
  alpha=1.1 seed=42  no-MAC adagrad_ota  round   94/100 loss=1.8503 acc=0.2942
  alpha=1.1 seed=42  no-MAC adagrad_ota  round   95/100 loss=1.8491 acc=0.2975
  alpha=1.1 seed=42  no-MAC adagrad_ota  round   96/100 loss=1.8476 acc=0.2997
  alpha=1.1 seed=42  no-MAC adagrad_ota  round   97/100 loss=1.8473 acc=0.2987
  alpha=1.1 seed=42  no-MAC adagrad_ota  round   98/100 loss=1.8461 acc=0.3004
  alpha=1.1 seed=42  no-MAC adagrad_ota  round   99/100 loss=1.8457 acc=0.2997
  alpha=1.1 seed=42  no-MAC adagrad_ota  round  100/100 loss=1.8454 acc=0.2997
  alpha=1.1 seed=43  no-MAC adagrad_ota  round    1/100 loss=3.0195 acc=0.1030
  alpha=1.1 seed=43  no-MAC adagrad_ota  round    2/100 loss=2.5506 acc=0.1000
  alpha=1.1 seed=43  no-MAC adagrad_ota  round    3/100 loss=2.5091 acc=0.1608
  alpha=1.1 seed=43  no-MAC adagrad_ota  round    4/100 loss=2.2945 acc=0.1719
  alpha=1.1 seed=43  no-MAC adagrad_ota  round    5/100 loss=2.6104 acc=0.1310
  alpha=1.1 seed=43  no-MAC adagrad_ota  round    6/100 loss=2.6210 acc=0.1429
  alpha=1.1 seed=43  no-MAC adagrad_ota  round    7/100 loss=2.3961 acc=0.1667
  alpha=1.1 seed=43  no-MAC adagrad_ota  round    8/100 loss=2.1982 acc=0.1989
  alpha=1.1 seed=43  no-MAC adagrad_ota  round    9/100 loss=2.0749 acc=0.2266
  alpha=1.1 seed=43  no-MAC adagrad_ota  round   10/100 loss=2.0377 acc=0.2214
  alpha=1.1 seed=43  no-MAC adagrad_ota  round   11/100 loss=2.0326 acc=0.2162
  alpha=1.1 seed=43  no-MAC adagrad_ota  round   12/100 loss=2.0204 acc=0.2185
  alpha=1.1 seed=43  no-MAC adagrad_ota  round   13/100 loss=1.9878 acc=0.2197
  alpha=1.1 seed=43  no-MAC adagrad_ota  round   14/100 loss=1.9566 acc=0.2313
  alpha=1.1 seed=43  no-MAC adagrad_ota  round   15/100 loss=1.9418 acc=0.2399
  alpha=1.1 seed=43  no-MAC adagrad_ota  round   16/100 loss=1.9348 acc=0.2500
  alpha=1.1 seed=43  no-MAC adagrad_ota  round   17/100 loss=1.9255 acc=0.2566
  alpha=1.1 seed=43  no-MAC adagrad_ota  round   18/100 loss=1.9166 acc=0.2641
  alpha=1.1 seed=43  no-MAC adagrad_ota  round   19/100 loss=1.9124 acc=0.2654
  alpha=1.1 seed=43  no-MAC adagrad_ota  round   20/100 loss=1.9029 acc=0.2708
  alpha=1.1 seed=43  no-MAC adagrad_ota  round   21/100 loss=1.8981 acc=0.2744
  alpha=1.1 seed=43  no-MAC adagrad_ota  round   22/100 loss=1.8877 acc=0.2842
  alpha=1.1 seed=43  no-MAC adagrad_ota  round   23/100 loss=1.8836 acc=0.2818
  alpha=1.1 seed=43  no-MAC adagrad_ota  round   24/100 loss=1.8831 acc=0.2804
  alpha=1.1 seed=43  no-MAC adagrad_ota  round   25/100 loss=1.8828 acc=0.2767
  alpha=1.1 seed=43  no-MAC adagrad_ota  round   26/100 loss=1.8812 acc=0.2748
  alpha=1.1 seed=43  no-MAC adagrad_ota  round   27/100 loss=1.8803 acc=0.2729
  alpha=1.1 seed=43  no-MAC adagrad_ota  round   28/100 loss=1.8814 acc=0.2703
  alpha=1.1 seed=43  no-MAC adagrad_ota  round   29/100 loss=1.8775 acc=0.2717
  alpha=1.1 seed=43  no-MAC adagrad_ota  round   30/100 loss=1.8732 acc=0.2764
  alpha=1.1 seed=43  no-MAC adagrad_ota  round   31/100 loss=1.8718 acc=0.2817
  alpha=1.1 seed=43  no-MAC adagrad_ota  round   32/100 loss=1.8687 acc=0.2828
  alpha=1.1 seed=43  no-MAC adagrad_ota  round   33/100 loss=1.8662 acc=0.2907
  alpha=1.1 seed=43  no-MAC adagrad_ota  round   34/100 loss=1.8657 acc=0.2913
  alpha=1.1 seed=43  no-MAC adagrad_ota  round   35/100 loss=1.8653 acc=0.2920
  alpha=1.1 seed=43  no-MAC adagrad_ota  round   36/100 loss=1.8637 acc=0.2918
  alpha=1.1 seed=43  no-MAC adagrad_ota  round   37/100 loss=1.8633 acc=0.2915
  alpha=1.1 seed=43  no-MAC adagrad_ota  round   38/100 loss=1.8650 acc=0.2908
  alpha=1.1 seed=43  no-MAC adagrad_ota  round   39/100 loss=1.8648 acc=0.2910
  alpha=1.1 seed=43  no-MAC adagrad_ota  round   40/100 loss=1.8619 acc=0.2906
  alpha=1.1 seed=43  no-MAC adagrad_ota  round   41/100 loss=1.8593 acc=0.2923
  alpha=1.1 seed=43  no-MAC adagrad_ota  round   42/100 loss=1.8573 acc=0.2923
  alpha=1.1 seed=43  no-MAC adagrad_ota  round   43/100 loss=1.8551 acc=0.2932
  alpha=1.1 seed=43  no-MAC adagrad_ota  round   44/100 loss=1.8513 acc=0.2936
  alpha=1.1 seed=43  no-MAC adagrad_ota  round   45/100 loss=1.8498 acc=0.2921
  alpha=1.1 seed=43  no-MAC adagrad_ota  round   46/100 loss=1.8485 acc=0.2909
  alpha=1.1 seed=43  no-MAC adagrad_ota  round   47/100 loss=1.8448 acc=0.2959
  alpha=1.1 seed=43  no-MAC adagrad_ota  round   48/100 loss=1.8427 acc=0.2987
  alpha=1.1 seed=43  no-MAC adagrad_ota  round   49/100 loss=1.8424 acc=0.2983
  alpha=1.1 seed=43  no-MAC adagrad_ota  round   50/100 loss=1.8419 acc=0.2977
  alpha=1.1 seed=43  no-MAC adagrad_ota  round   51/100 loss=1.8417 acc=0.2946
  alpha=1.1 seed=43  no-MAC adagrad_ota  round   52/100 loss=1.8421 acc=0.2964
  alpha=1.1 seed=43  no-MAC adagrad_ota  round   53/100 loss=1.8425 acc=0.2944
  alpha=1.1 seed=43  no-MAC adagrad_ota  round   54/100 loss=1.8440 acc=0.2911
  alpha=1.1 seed=43  no-MAC adagrad_ota  round   55/100 loss=1.8462 acc=0.2895
  alpha=1.1 seed=43  no-MAC adagrad_ota  round   56/100 loss=1.8437 acc=0.2911
  alpha=1.1 seed=43  no-MAC adagrad_ota  round   57/100 loss=1.8434 acc=0.2914
  alpha=1.1 seed=43  no-MAC adagrad_ota  round   58/100 loss=1.8449 acc=0.2912
  alpha=1.1 seed=43  no-MAC adagrad_ota  round   59/100 loss=1.8449 acc=0.2891
  alpha=1.1 seed=43  no-MAC adagrad_ota  round   60/100 loss=1.8453 acc=0.2891
  alpha=1.1 seed=43  no-MAC adagrad_ota  round   61/100 loss=1.8457 acc=0.2873
  alpha=1.1 seed=43  no-MAC adagrad_ota  round   62/100 loss=1.8449 acc=0.2872
  alpha=1.1 seed=43  no-MAC adagrad_ota  round   63/100 loss=1.8450 acc=0.2853
  alpha=1.1 seed=43  no-MAC adagrad_ota  round   64/100 loss=1.8446 acc=0.2838
  alpha=1.1 seed=43  no-MAC adagrad_ota  round   65/100 loss=1.8436 acc=0.2861
  alpha=1.1 seed=43  no-MAC adagrad_ota  round   66/100 loss=1.8439 acc=0.2857
  alpha=1.1 seed=43  no-MAC adagrad_ota  round   67/100 loss=1.8414 acc=0.2889
  alpha=1.1 seed=43  no-MAC adagrad_ota  round   68/100 loss=1.8409 acc=0.2906
  alpha=1.1 seed=43  no-MAC adagrad_ota  round   69/100 loss=1.8402 acc=0.2910
  alpha=1.1 seed=43  no-MAC adagrad_ota  round   70/100 loss=1.8393 acc=0.2908
  alpha=1.1 seed=43  no-MAC adagrad_ota  round   71/100 loss=1.8392 acc=0.2928
  alpha=1.1 seed=43  no-MAC adagrad_ota  round   72/100 loss=1.8393 acc=0.2926
  alpha=1.1 seed=43  no-MAC adagrad_ota  round   73/100 loss=1.8400 acc=0.2919
  alpha=1.1 seed=43  no-MAC adagrad_ota  round   74/100 loss=1.8403 acc=0.2912
  alpha=1.1 seed=43  no-MAC adagrad_ota  round   75/100 loss=1.8397 acc=0.2933
  alpha=1.1 seed=43  no-MAC adagrad_ota  round   76/100 loss=1.8378 acc=0.2928
  alpha=1.1 seed=43  no-MAC adagrad_ota  round   77/100 loss=1.8363 acc=0.2922
  alpha=1.1 seed=43  no-MAC adagrad_ota  round   78/100 loss=1.8342 acc=0.2944
  alpha=1.1 seed=43  no-MAC adagrad_ota  round   79/100 loss=1.8347 acc=0.2921
  alpha=1.1 seed=43  no-MAC adagrad_ota  round   80/100 loss=1.8348 acc=0.2927
  alpha=1.1 seed=43  no-MAC adagrad_ota  round   81/100 loss=1.8350 acc=0.2936
  alpha=1.1 seed=43  no-MAC adagrad_ota  round   82/100 loss=1.8353 acc=0.2943
  alpha=1.1 seed=43  no-MAC adagrad_ota  round   83/100 loss=1.8346 acc=0.2956
  alpha=1.1 seed=43  no-MAC adagrad_ota  round   84/100 loss=1.8329 acc=0.2966
  alpha=1.1 seed=43  no-MAC adagrad_ota  round   85/100 loss=1.8318 acc=0.2964
  alpha=1.1 seed=43  no-MAC adagrad_ota  round   86/100 loss=1.8315 acc=0.2972
  alpha=1.1 seed=43  no-MAC adagrad_ota  round   87/100 loss=1.8313 acc=0.2973
  alpha=1.1 seed=43  no-MAC adagrad_ota  round   88/100 loss=1.8302 acc=0.2970
  alpha=1.1 seed=43  no-MAC adagrad_ota  round   89/100 loss=1.8294 acc=0.2970
  alpha=1.1 seed=43  no-MAC adagrad_ota  round   90/100 loss=1.8299 acc=0.2966
  alpha=1.1 seed=43  no-MAC adagrad_ota  round   91/100 loss=1.8321 acc=0.2958
  alpha=1.1 seed=43  no-MAC adagrad_ota  round   92/100 loss=1.8320 acc=0.2969
  alpha=1.1 seed=43  no-MAC adagrad_ota  round   93/100 loss=1.8313 acc=0.2959
  alpha=1.1 seed=43  no-MAC adagrad_ota  round   94/100 loss=1.8299 acc=0.2956
  alpha=1.1 seed=43  no-MAC adagrad_ota  round   95/100 loss=1.8301 acc=0.2957
  alpha=1.1 seed=43  no-MAC adagrad_ota  round   96/100 loss=1.8295 acc=0.2927
  alpha=1.1 seed=43  no-MAC adagrad_ota  round   97/100 loss=1.8285 acc=0.2932
  alpha=1.1 seed=43  no-MAC adagrad_ota  round   98/100 loss=1.8289 acc=0.2930
  alpha=1.1 seed=43  no-MAC adagrad_ota  round   99/100 loss=1.8295 acc=0.2905
  alpha=1.1 seed=43  no-MAC adagrad_ota  round  100/100 loss=1.8288 acc=0.2924
  alpha=1.1 seed=44  no-MAC adagrad_ota  round    1/100 loss=3.1418 acc=0.1013
  alpha=1.1 seed=44  no-MAC adagrad_ota  round    2/100 loss=2.5332 acc=0.1392
  alpha=1.1 seed=44  no-MAC adagrad_ota  round    3/100 loss=3.2629 acc=0.1039
  alpha=1.1 seed=44  no-MAC adagrad_ota  round    4/100 loss=2.9697 acc=0.1034
  alpha=1.1 seed=44  no-MAC adagrad_ota  round    5/100 loss=2.3918 acc=0.1622
  alpha=1.1 seed=44  no-MAC adagrad_ota  round    6/100 loss=2.1989 acc=0.1698
  alpha=1.1 seed=44  no-MAC adagrad_ota  round    7/100 loss=2.1706 acc=0.1802
  alpha=1.1 seed=44  no-MAC adagrad_ota  round    8/100 loss=2.0975 acc=0.1958
  alpha=1.1 seed=44  no-MAC adagrad_ota  round    9/100 loss=2.0420 acc=0.2260
  alpha=1.1 seed=44  no-MAC adagrad_ota  round   10/100 loss=2.0360 acc=0.2338
  alpha=1.1 seed=44  no-MAC adagrad_ota  round   11/100 loss=2.0483 acc=0.2329
  alpha=1.1 seed=44  no-MAC adagrad_ota  round   12/100 loss=2.0506 acc=0.2252
  alpha=1.1 seed=44  no-MAC adagrad_ota  round   13/100 loss=2.0284 acc=0.2309
  alpha=1.1 seed=44  no-MAC adagrad_ota  round   14/100 loss=1.9925 acc=0.2531
  alpha=1.1 seed=44  no-MAC adagrad_ota  round   15/100 loss=1.9600 acc=0.2699
  alpha=1.1 seed=44  no-MAC adagrad_ota  round   16/100 loss=1.9439 acc=0.2743
  alpha=1.1 seed=44  no-MAC adagrad_ota  round   17/100 loss=1.9368 acc=0.2750
  alpha=1.1 seed=44  no-MAC adagrad_ota  round   18/100 loss=1.9358 acc=0.2619
  alpha=1.1 seed=44  no-MAC adagrad_ota  round   19/100 loss=1.9363 acc=0.2594
  alpha=1.1 seed=44  no-MAC adagrad_ota  round   20/100 loss=1.9316 acc=0.2606
  alpha=1.1 seed=44  no-MAC adagrad_ota  round   21/100 loss=1.9253 acc=0.2678
  alpha=1.1 seed=44  no-MAC adagrad_ota  round   22/100 loss=1.9198 acc=0.2731
  alpha=1.1 seed=44  no-MAC adagrad_ota  round   23/100 loss=1.9170 acc=0.2767
  alpha=1.1 seed=44  no-MAC adagrad_ota  round   24/100 loss=1.9153 acc=0.2778
  alpha=1.1 seed=44  no-MAC adagrad_ota  round   25/100 loss=1.9142 acc=0.2816
  alpha=1.1 seed=44  no-MAC adagrad_ota  round   26/100 loss=1.9112 acc=0.2858
  alpha=1.1 seed=44  no-MAC adagrad_ota  round   27/100 loss=1.9109 acc=0.2869
  alpha=1.1 seed=44  no-MAC adagrad_ota  round   28/100 loss=1.9104 acc=0.2874
  alpha=1.1 seed=44  no-MAC adagrad_ota  round   29/100 loss=1.9107 acc=0.2826
  alpha=1.1 seed=44  no-MAC adagrad_ota  round   30/100 loss=1.9081 acc=0.2813
  alpha=1.1 seed=44  no-MAC adagrad_ota  round   31/100 loss=1.9058 acc=0.2812
  alpha=1.1 seed=44  no-MAC adagrad_ota  round   32/100 loss=1.9006 acc=0.2856
  alpha=1.1 seed=44  no-MAC adagrad_ota  round   33/100 loss=1.8961 acc=0.2916
  alpha=1.1 seed=44  no-MAC adagrad_ota  round   34/100 loss=1.8931 acc=0.2939
  alpha=1.1 seed=44  no-MAC adagrad_ota  round   35/100 loss=1.8917 acc=0.2934
  alpha=1.1 seed=44  no-MAC adagrad_ota  round   36/100 loss=1.8908 acc=0.2938
  alpha=1.1 seed=44  no-MAC adagrad_ota  round   37/100 loss=1.8903 acc=0.2960
  alpha=1.1 seed=44  no-MAC adagrad_ota  round   38/100 loss=1.8901 acc=0.2958
  alpha=1.1 seed=44  no-MAC adagrad_ota  round   39/100 loss=1.8875 acc=0.2944
  alpha=1.1 seed=44  no-MAC adagrad_ota  round   40/100 loss=1.8870 acc=0.2933
  alpha=1.1 seed=44  no-MAC adagrad_ota  round   41/100 loss=1.8853 acc=0.2937
  alpha=1.1 seed=44  no-MAC adagrad_ota  round   42/100 loss=1.8835 acc=0.2925
  alpha=1.1 seed=44  no-MAC adagrad_ota  round   43/100 loss=1.8818 acc=0.2959
  alpha=1.1 seed=44  no-MAC adagrad_ota  round   44/100 loss=1.8793 acc=0.2978
  alpha=1.1 seed=44  no-MAC adagrad_ota  round   45/100 loss=1.8780 acc=0.3005
  alpha=1.1 seed=44  no-MAC adagrad_ota  round   46/100 loss=1.8769 acc=0.3038
  alpha=1.1 seed=44  no-MAC adagrad_ota  round   47/100 loss=1.8748 acc=0.3050
  alpha=1.1 seed=44  no-MAC adagrad_ota  round   48/100 loss=1.8722 acc=0.3045
  alpha=1.1 seed=44  no-MAC adagrad_ota  round   49/100 loss=1.8697 acc=0.3048
  alpha=1.1 seed=44  no-MAC adagrad_ota  round   50/100 loss=1.8666 acc=0.3048
  alpha=1.1 seed=44  no-MAC adagrad_ota  round   51/100 loss=1.8637 acc=0.3038
  alpha=1.1 seed=44  no-MAC adagrad_ota  round   52/100 loss=1.8616 acc=0.3062
  alpha=1.1 seed=44  no-MAC adagrad_ota  round   53/100 loss=1.8605 acc=0.3020
  alpha=1.1 seed=44  no-MAC adagrad_ota  round   54/100 loss=1.8586 acc=0.3026
  alpha=1.1 seed=44  no-MAC adagrad_ota  round   55/100 loss=1.8585 acc=0.3024
  alpha=1.1 seed=44  no-MAC adagrad_ota  round   56/100 loss=1.8591 acc=0.3030
  alpha=1.1 seed=44  no-MAC adagrad_ota  round   57/100 loss=1.8608 acc=0.3007
  alpha=1.1 seed=44  no-MAC adagrad_ota  round   58/100 loss=1.8597 acc=0.2980
  alpha=1.1 seed=44  no-MAC adagrad_ota  round   59/100 loss=1.8594 acc=0.2987
  alpha=1.1 seed=44  no-MAC adagrad_ota  round   60/100 loss=1.8586 acc=0.2981
  alpha=1.1 seed=44  no-MAC adagrad_ota  round   61/100 loss=1.8595 acc=0.2951
  alpha=1.1 seed=44  no-MAC adagrad_ota  round   62/100 loss=1.8582 acc=0.2962
  alpha=1.1 seed=44  no-MAC adagrad_ota  round   63/100 loss=1.8599 acc=0.2958
  alpha=1.1 seed=44  no-MAC adagrad_ota  round   64/100 loss=1.8596 acc=0.2965
  alpha=1.1 seed=44  no-MAC adagrad_ota  round   65/100 loss=1.8587 acc=0.2976
  alpha=1.1 seed=44  no-MAC adagrad_ota  round   66/100 loss=1.8585 acc=0.2971
  alpha=1.1 seed=44  no-MAC adagrad_ota  round   67/100 loss=1.8595 acc=0.2992
  alpha=1.1 seed=44  no-MAC adagrad_ota  round   68/100 loss=1.8589 acc=0.2994
  alpha=1.1 seed=44  no-MAC adagrad_ota  round   69/100 loss=1.8583 acc=0.3008
  alpha=1.1 seed=44  no-MAC adagrad_ota  round   70/100 loss=1.8587 acc=0.2991
  alpha=1.1 seed=44  no-MAC adagrad_ota  round   71/100 loss=1.8597 acc=0.2997
  alpha=1.1 seed=44  no-MAC adagrad_ota  round   72/100 loss=1.8595 acc=0.3014
  alpha=1.1 seed=44  no-MAC adagrad_ota  round   73/100 loss=1.8584 acc=0.3004
  alpha=1.1 seed=44  no-MAC adagrad_ota  round   74/100 loss=1.8579 acc=0.3013
  alpha=1.1 seed=44  no-MAC adagrad_ota  round   75/100 loss=1.8564 acc=0.3010
  alpha=1.1 seed=44  no-MAC adagrad_ota  round   76/100 loss=1.8568 acc=0.2997
  alpha=1.1 seed=44  no-MAC adagrad_ota  round   77/100 loss=1.8570 acc=0.3009
  alpha=1.1 seed=44  no-MAC adagrad_ota  round   78/100 loss=1.8564 acc=0.2990
  alpha=1.1 seed=44  no-MAC adagrad_ota  round   79/100 loss=1.8570 acc=0.3022
  alpha=1.1 seed=44  no-MAC adagrad_ota  round   80/100 loss=1.8575 acc=0.3006
  alpha=1.1 seed=44  no-MAC adagrad_ota  round   81/100 loss=1.8563 acc=0.3034
  alpha=1.1 seed=44  no-MAC adagrad_ota  round   82/100 loss=1.8535 acc=0.3077
  alpha=1.1 seed=44  no-MAC adagrad_ota  round   83/100 loss=1.8526 acc=0.3100
  alpha=1.1 seed=44  no-MAC adagrad_ota  round   84/100 loss=1.8501 acc=0.3103
  alpha=1.1 seed=44  no-MAC adagrad_ota  round   85/100 loss=1.8477 acc=0.3133
  alpha=1.1 seed=44  no-MAC adagrad_ota  round   86/100 loss=1.8463 acc=0.3132
  alpha=1.1 seed=44  no-MAC adagrad_ota  round   87/100 loss=1.8449 acc=0.3134
  alpha=1.1 seed=44  no-MAC adagrad_ota  round   88/100 loss=1.8428 acc=0.3129
  alpha=1.1 seed=44  no-MAC adagrad_ota  round   89/100 loss=1.8414 acc=0.3143
  alpha=1.1 seed=44  no-MAC adagrad_ota  round   90/100 loss=1.8396 acc=0.3171
  alpha=1.1 seed=44  no-MAC adagrad_ota  round   91/100 loss=1.8375 acc=0.3144
  alpha=1.1 seed=44  no-MAC adagrad_ota  round   92/100 loss=1.8368 acc=0.3129
  alpha=1.1 seed=44  no-MAC adagrad_ota  round   93/100 loss=1.8358 acc=0.3143
  alpha=1.1 seed=44  no-MAC adagrad_ota  round   94/100 loss=1.8361 acc=0.3160
  alpha=1.1 seed=44  no-MAC adagrad_ota  round   95/100 loss=1.8361 acc=0.3152
  alpha=1.1 seed=44  no-MAC adagrad_ota  round   96/100 loss=1.8350 acc=0.3130
  alpha=1.1 seed=44  no-MAC adagrad_ota  round   97/100 loss=1.8346 acc=0.3145
  alpha=1.1 seed=44  no-MAC adagrad_ota  round   98/100 loss=1.8344 acc=0.3134
  alpha=1.1 seed=44  no-MAC adagrad_ota  round   99/100 loss=1.8336 acc=0.3126
  alpha=1.1 seed=44  no-MAC adagrad_ota  round  100/100 loss=1.8338 acc=0.3144
  alpha=1.1 seed=42  no-MAC adam_ota     round    1/100 loss=2.7374 acc=0.1086
  alpha=1.1 seed=42  no-MAC adam_ota     round    2/100 loss=3.3812 acc=0.1000
  alpha=1.1 seed=42  no-MAC adam_ota     round    3/100 loss=5.8532 acc=0.1000
  alpha=1.1 seed=42  no-MAC adam_ota     round    4/100 loss=6.7845 acc=0.1000
  alpha=1.1 seed=42  no-MAC adam_ota     round    5/100 loss=4.5644 acc=0.1318
  alpha=1.1 seed=42  no-MAC adam_ota     round    6/100 loss=4.8390 acc=0.1163
  alpha=1.1 seed=42  no-MAC adam_ota     round    7/100 loss=5.6305 acc=0.1018
  alpha=1.1 seed=42  no-MAC adam_ota     round    8/100 loss=5.6356 acc=0.1050
  alpha=1.1 seed=42  no-MAC adam_ota     round    9/100 loss=4.9184 acc=0.1422
  alpha=1.1 seed=42  no-MAC adam_ota     round   10/100 loss=4.6551 acc=0.1314
  alpha=1.1 seed=42  no-MAC adam_ota     round   11/100 loss=5.5426 acc=0.1002
  alpha=1.1 seed=42  no-MAC adam_ota     round   12/100 loss=5.1945 acc=0.1004
  alpha=1.1 seed=42  no-MAC adam_ota     round   13/100 loss=4.2185 acc=0.1051
  alpha=1.1 seed=42  no-MAC adam_ota     round   14/100 loss=3.4547 acc=0.1397
  alpha=1.1 seed=42  no-MAC adam_ota     round   15/100 loss=3.1680 acc=0.1451
  alpha=1.1 seed=42  no-MAC adam_ota     round   16/100 loss=3.0930 acc=0.1486
  alpha=1.1 seed=42  no-MAC adam_ota     round   17/100 loss=3.0503 acc=0.1508
  alpha=1.1 seed=42  no-MAC adam_ota     round   18/100 loss=3.0552 acc=0.1565
  alpha=1.1 seed=42  no-MAC adam_ota     round   19/100 loss=3.1204 acc=0.1526
  alpha=1.1 seed=42  no-MAC adam_ota     round   20/100 loss=3.2669 acc=0.1330
  alpha=1.1 seed=42  no-MAC adam_ota     round   21/100 loss=3.2838 acc=0.1340
  alpha=1.1 seed=42  no-MAC adam_ota     round   22/100 loss=3.0653 acc=0.1595
  alpha=1.1 seed=42  no-MAC adam_ota     round   23/100 loss=2.8836 acc=0.1734
  alpha=1.1 seed=42  no-MAC adam_ota     round   24/100 loss=2.7631 acc=0.1763
  alpha=1.1 seed=42  no-MAC adam_ota     round   25/100 loss=2.7066 acc=0.1797
  alpha=1.1 seed=42  no-MAC adam_ota     round   26/100 loss=2.7450 acc=0.1829
  alpha=1.1 seed=42  no-MAC adam_ota     round   27/100 loss=2.7951 acc=0.1773
  alpha=1.1 seed=42  no-MAC adam_ota     round   28/100 loss=2.9105 acc=0.1674
  alpha=1.1 seed=42  no-MAC adam_ota     round   29/100 loss=2.9875 acc=0.1463
  alpha=1.1 seed=42  no-MAC adam_ota     round   30/100 loss=3.1088 acc=0.1311
  alpha=1.1 seed=42  no-MAC adam_ota     round   31/100 loss=3.1186 acc=0.1325
  alpha=1.1 seed=42  no-MAC adam_ota     round   32/100 loss=2.9085 acc=0.1424
  alpha=1.1 seed=42  no-MAC adam_ota     round   33/100 loss=2.6946 acc=0.1597
  alpha=1.1 seed=42  no-MAC adam_ota     round   34/100 loss=2.5995 acc=0.1732
  alpha=1.1 seed=42  no-MAC adam_ota     round   35/100 loss=2.5863 acc=0.1848
  alpha=1.1 seed=42  no-MAC adam_ota     round   36/100 loss=2.5877 acc=0.1838
  alpha=1.1 seed=42  no-MAC adam_ota     round   37/100 loss=2.5682 acc=0.1859
  alpha=1.1 seed=42  no-MAC adam_ota     round   38/100 loss=2.5365 acc=0.1912
  alpha=1.1 seed=42  no-MAC adam_ota     round   39/100 loss=2.5773 acc=0.1837
  alpha=1.1 seed=42  no-MAC adam_ota     round   40/100 loss=2.6210 acc=0.1772
  alpha=1.1 seed=42  no-MAC adam_ota     round   41/100 loss=2.7087 acc=0.1691
  alpha=1.1 seed=42  no-MAC adam_ota     round   42/100 loss=2.6485 acc=0.1719
  alpha=1.1 seed=42  no-MAC adam_ota     round   43/100 loss=2.5403 acc=0.1768
  alpha=1.1 seed=42  no-MAC adam_ota     round   44/100 loss=2.4311 acc=0.1851
  alpha=1.1 seed=42  no-MAC adam_ota     round   45/100 loss=2.4197 acc=0.1838
  alpha=1.1 seed=42  no-MAC adam_ota     round   46/100 loss=2.4430 acc=0.1804
  alpha=1.1 seed=42  no-MAC adam_ota     round   47/100 loss=2.5385 acc=0.1755
  alpha=1.1 seed=42  no-MAC adam_ota     round   48/100 loss=2.6615 acc=0.1654
  alpha=1.1 seed=42  no-MAC adam_ota     round   49/100 loss=2.7650 acc=0.1645
  alpha=1.1 seed=42  no-MAC adam_ota     round   50/100 loss=2.8367 acc=0.1703
  alpha=1.1 seed=42  no-MAC adam_ota     round   51/100 loss=2.7609 acc=0.1847
  alpha=1.1 seed=42  no-MAC adam_ota     round   52/100 loss=2.6510 acc=0.1957
  alpha=1.1 seed=42  no-MAC adam_ota     round   53/100 loss=2.5287 acc=0.2068
  alpha=1.1 seed=42  no-MAC adam_ota     round   54/100 loss=2.4422 acc=0.2197
  alpha=1.1 seed=42  no-MAC adam_ota     round   55/100 loss=2.3963 acc=0.2169
  alpha=1.1 seed=42  no-MAC adam_ota     round   56/100 loss=2.3982 acc=0.2144
  alpha=1.1 seed=42  no-MAC adam_ota     round   57/100 loss=2.4108 acc=0.2109
  alpha=1.1 seed=42  no-MAC adam_ota     round   58/100 loss=2.4471 acc=0.2126
  alpha=1.1 seed=42  no-MAC adam_ota     round   59/100 loss=2.4330 acc=0.2146
  alpha=1.1 seed=42  no-MAC adam_ota     round   60/100 loss=2.4319 acc=0.2121
  alpha=1.1 seed=42  no-MAC adam_ota     round   61/100 loss=2.4385 acc=0.2086
  alpha=1.1 seed=42  no-MAC adam_ota     round   62/100 loss=2.4270 acc=0.2108
  alpha=1.1 seed=42  no-MAC adam_ota     round   63/100 loss=2.4644 acc=0.2107
  alpha=1.1 seed=42  no-MAC adam_ota     round   64/100 loss=2.5057 acc=0.2006
  alpha=1.1 seed=42  no-MAC adam_ota     round   65/100 loss=2.4755 acc=0.2024
  alpha=1.1 seed=42  no-MAC adam_ota     round   66/100 loss=2.4713 acc=0.2003
  alpha=1.1 seed=42  no-MAC adam_ota     round   67/100 loss=2.5116 acc=0.2012
  alpha=1.1 seed=42  no-MAC adam_ota     round   68/100 loss=2.4968 acc=0.1966
  alpha=1.1 seed=42  no-MAC adam_ota     round   69/100 loss=2.5069 acc=0.1972
  alpha=1.1 seed=42  no-MAC adam_ota     round   70/100 loss=2.5031 acc=0.1972
  alpha=1.1 seed=42  no-MAC adam_ota     round   71/100 loss=2.4868 acc=0.2018
  alpha=1.1 seed=42  no-MAC adam_ota     round   72/100 loss=2.4842 acc=0.1991
  alpha=1.1 seed=42  no-MAC adam_ota     round   73/100 loss=2.5374 acc=0.1916
  alpha=1.1 seed=42  no-MAC adam_ota     round   74/100 loss=2.5850 acc=0.1914
  alpha=1.1 seed=42  no-MAC adam_ota     round   75/100 loss=2.5886 acc=0.1948
  alpha=1.1 seed=42  no-MAC adam_ota     round   76/100 loss=2.5773 acc=0.1961
  alpha=1.1 seed=42  no-MAC adam_ota     round   77/100 loss=2.5238 acc=0.1995
  alpha=1.1 seed=42  no-MAC adam_ota     round   78/100 loss=2.4895 acc=0.1996
  alpha=1.1 seed=42  no-MAC adam_ota     round   79/100 loss=2.4645 acc=0.2033
  alpha=1.1 seed=42  no-MAC adam_ota     round   80/100 loss=2.4622 acc=0.2015
  alpha=1.1 seed=42  no-MAC adam_ota     round   81/100 loss=2.4692 acc=0.1966
  alpha=1.1 seed=42  no-MAC adam_ota     round   82/100 loss=2.5133 acc=0.1922
  alpha=1.1 seed=42  no-MAC adam_ota     round   83/100 loss=2.5386 acc=0.1920
  alpha=1.1 seed=42  no-MAC adam_ota     round   84/100 loss=2.5478 acc=0.1912
  alpha=1.1 seed=42  no-MAC adam_ota     round   85/100 loss=2.5257 acc=0.1989
  alpha=1.1 seed=42  no-MAC adam_ota     round   86/100 loss=2.4933 acc=0.2027
  alpha=1.1 seed=42  no-MAC adam_ota     round   87/100 loss=2.4324 acc=0.2025
  alpha=1.1 seed=42  no-MAC adam_ota     round   88/100 loss=2.4086 acc=0.2023
  alpha=1.1 seed=42  no-MAC adam_ota     round   89/100 loss=2.4300 acc=0.2007
  alpha=1.1 seed=42  no-MAC adam_ota     round   90/100 loss=2.4865 acc=0.1975
  alpha=1.1 seed=42  no-MAC adam_ota     round   91/100 loss=2.5523 acc=0.1937
  alpha=1.1 seed=42  no-MAC adam_ota     round   92/100 loss=2.6035 acc=0.1866
  alpha=1.1 seed=42  no-MAC adam_ota     round   93/100 loss=2.6246 acc=0.1829
  alpha=1.1 seed=42  no-MAC adam_ota     round   94/100 loss=2.6496 acc=0.1799
  alpha=1.1 seed=42  no-MAC adam_ota     round   95/100 loss=2.6542 acc=0.1777
  alpha=1.1 seed=42  no-MAC adam_ota     round   96/100 loss=2.6471 acc=0.1854
  alpha=1.1 seed=42  no-MAC adam_ota     round   97/100 loss=2.6155 acc=0.1876
  alpha=1.1 seed=42  no-MAC adam_ota     round   98/100 loss=2.6014 acc=0.1939
  alpha=1.1 seed=42  no-MAC adam_ota     round   99/100 loss=2.5888 acc=0.2063
  alpha=1.1 seed=42  no-MAC adam_ota     round  100/100 loss=2.5945 acc=0.2085
  alpha=1.1 seed=43  no-MAC adam_ota     round    1/100 loss=3.0961 acc=0.1055
  alpha=1.1 seed=43  no-MAC adam_ota     round    2/100 loss=3.1795 acc=0.1000
  alpha=1.1 seed=43  no-MAC adam_ota     round    3/100 loss=3.9009 acc=0.1555
  alpha=1.1 seed=43  no-MAC adam_ota     round    4/100 loss=3.9706 acc=0.1219
  alpha=1.1 seed=43  no-MAC adam_ota     round    5/100 loss=7.4631 acc=0.1003
  alpha=1.1 seed=43  no-MAC adam_ota     round    6/100 loss=7.9927 acc=0.1011
  alpha=1.1 seed=43  no-MAC adam_ota     round    7/100 loss=6.3467 acc=0.1057
  alpha=1.1 seed=43  no-MAC adam_ota     round    8/100 loss=5.1924 acc=0.1084
  alpha=1.1 seed=43  no-MAC adam_ota     round    9/100 loss=4.2955 acc=0.1327
  alpha=1.1 seed=43  no-MAC adam_ota     round   10/100 loss=4.2191 acc=0.1383
  alpha=1.1 seed=43  no-MAC adam_ota     round   11/100 loss=4.0598 acc=0.1304
  alpha=1.1 seed=43  no-MAC adam_ota     round   12/100 loss=3.6287 acc=0.1538
  alpha=1.1 seed=43  no-MAC adam_ota     round   13/100 loss=3.5455 acc=0.1375
  alpha=1.1 seed=43  no-MAC adam_ota     round   14/100 loss=3.7007 acc=0.1316
  alpha=1.1 seed=43  no-MAC adam_ota     round   15/100 loss=3.6833 acc=0.1339
  alpha=1.1 seed=43  no-MAC adam_ota     round   16/100 loss=3.5539 acc=0.1325
  alpha=1.1 seed=43  no-MAC adam_ota     round   17/100 loss=3.2500 acc=0.1405
  alpha=1.1 seed=43  no-MAC adam_ota     round   18/100 loss=2.9715 acc=0.1641
  alpha=1.1 seed=43  no-MAC adam_ota     round   19/100 loss=2.9772 acc=0.1639
  alpha=1.1 seed=43  no-MAC adam_ota     round   20/100 loss=2.9462 acc=0.1632
  alpha=1.1 seed=43  no-MAC adam_ota     round   21/100 loss=2.9031 acc=0.1751
  alpha=1.1 seed=43  no-MAC adam_ota     round   22/100 loss=2.9484 acc=0.1696
  alpha=1.1 seed=43  no-MAC adam_ota     round   23/100 loss=2.9505 acc=0.1634
  alpha=1.1 seed=43  no-MAC adam_ota     round   24/100 loss=2.7893 acc=0.1748
  alpha=1.1 seed=43  no-MAC adam_ota     round   25/100 loss=2.5521 acc=0.1858
  alpha=1.1 seed=43  no-MAC adam_ota     round   26/100 loss=2.4188 acc=0.2026
  alpha=1.1 seed=43  no-MAC adam_ota     round   27/100 loss=2.4136 acc=0.2012
  alpha=1.1 seed=43  no-MAC adam_ota     round   28/100 loss=2.4644 acc=0.1898
  alpha=1.1 seed=43  no-MAC adam_ota     round   29/100 loss=2.5023 acc=0.1900
  alpha=1.1 seed=43  no-MAC adam_ota     round   30/100 loss=2.5052 acc=0.1898
  alpha=1.1 seed=43  no-MAC adam_ota     round   31/100 loss=2.5315 acc=0.1883
  alpha=1.1 seed=43  no-MAC adam_ota     round   32/100 loss=2.4818 acc=0.1939
  alpha=1.1 seed=43  no-MAC adam_ota     round   33/100 loss=2.3925 acc=0.2028
  alpha=1.1 seed=43  no-MAC adam_ota     round   34/100 loss=2.3178 acc=0.2105
  alpha=1.1 seed=43  no-MAC adam_ota     round   35/100 loss=2.2631 acc=0.2050
  alpha=1.1 seed=43  no-MAC adam_ota     round   36/100 loss=2.2908 acc=0.2027
  alpha=1.1 seed=43  no-MAC adam_ota     round   37/100 loss=2.3175 acc=0.2037
  alpha=1.1 seed=43  no-MAC adam_ota     round   38/100 loss=2.2661 acc=0.2067
  alpha=1.1 seed=43  no-MAC adam_ota     round   39/100 loss=2.2358 acc=0.2054
  alpha=1.1 seed=43  no-MAC adam_ota     round   40/100 loss=2.2552 acc=0.1972
  alpha=1.1 seed=43  no-MAC adam_ota     round   41/100 loss=2.3219 acc=0.1937
  alpha=1.1 seed=43  no-MAC adam_ota     round   42/100 loss=2.4069 acc=0.1920
  alpha=1.1 seed=43  no-MAC adam_ota     round   43/100 loss=2.4813 acc=0.1838
  alpha=1.1 seed=43  no-MAC adam_ota     round   44/100 loss=2.5586 acc=0.1751
  alpha=1.1 seed=43  no-MAC adam_ota     round   45/100 loss=2.5572 acc=0.1731
  alpha=1.1 seed=43  no-MAC adam_ota     round   46/100 loss=2.5332 acc=0.1772
  alpha=1.1 seed=43  no-MAC adam_ota     round   47/100 loss=2.5396 acc=0.1812
  alpha=1.1 seed=43  no-MAC adam_ota     round   48/100 loss=2.4693 acc=0.1939
  alpha=1.1 seed=43  no-MAC adam_ota     round   49/100 loss=2.5069 acc=0.1965
  alpha=1.1 seed=43  no-MAC adam_ota     round   50/100 loss=2.4116 acc=0.2054
  alpha=1.1 seed=43  no-MAC adam_ota     round   51/100 loss=2.3714 acc=0.2094
  alpha=1.1 seed=43  no-MAC adam_ota     round   52/100 loss=2.3350 acc=0.2081
  alpha=1.1 seed=43  no-MAC adam_ota     round   53/100 loss=2.3309 acc=0.2074
  alpha=1.1 seed=43  no-MAC adam_ota     round   54/100 loss=2.3156 acc=0.2088
  alpha=1.1 seed=43  no-MAC adam_ota     round   55/100 loss=2.3005 acc=0.2093
  alpha=1.1 seed=43  no-MAC adam_ota     round   56/100 loss=2.3415 acc=0.2025
  alpha=1.1 seed=43  no-MAC adam_ota     round   57/100 loss=2.3950 acc=0.2018
  alpha=1.1 seed=43  no-MAC adam_ota     round   58/100 loss=2.4201 acc=0.2014
  alpha=1.1 seed=43  no-MAC adam_ota     round   59/100 loss=2.4107 acc=0.2081
  alpha=1.1 seed=43  no-MAC adam_ota     round   60/100 loss=2.3901 acc=0.2099
  alpha=1.1 seed=43  no-MAC adam_ota     round   61/100 loss=2.3760 acc=0.2118
  alpha=1.1 seed=43  no-MAC adam_ota     round   62/100 loss=2.3739 acc=0.2110
  alpha=1.1 seed=43  no-MAC adam_ota     round   63/100 loss=2.3798 acc=0.2121
  alpha=1.1 seed=43  no-MAC adam_ota     round   64/100 loss=2.3892 acc=0.2153
  alpha=1.1 seed=43  no-MAC adam_ota     round   65/100 loss=2.4097 acc=0.2170
  alpha=1.1 seed=43  no-MAC adam_ota     round   66/100 loss=2.4327 acc=0.2171
  alpha=1.1 seed=43  no-MAC adam_ota     round   67/100 loss=2.4948 acc=0.2096
  alpha=1.1 seed=43  no-MAC adam_ota     round   68/100 loss=2.5018 acc=0.2074
  alpha=1.1 seed=43  no-MAC adam_ota     round   69/100 loss=2.4979 acc=0.2069
  alpha=1.1 seed=43  no-MAC adam_ota     round   70/100 loss=2.5293 acc=0.2026
  alpha=1.1 seed=43  no-MAC adam_ota     round   71/100 loss=2.4576 acc=0.2089
  alpha=1.1 seed=43  no-MAC adam_ota     round   72/100 loss=2.4265 acc=0.2127
  alpha=1.1 seed=43  no-MAC adam_ota     round   73/100 loss=2.3922 acc=0.2172
  alpha=1.1 seed=43  no-MAC adam_ota     round   74/100 loss=2.3942 acc=0.2178
  alpha=1.1 seed=43  no-MAC adam_ota     round   75/100 loss=2.3851 acc=0.2207
  alpha=1.1 seed=43  no-MAC adam_ota     round   76/100 loss=2.4632 acc=0.2141
  alpha=1.1 seed=43  no-MAC adam_ota     round   77/100 loss=2.5160 acc=0.2131
  alpha=1.1 seed=43  no-MAC adam_ota     round   78/100 loss=2.5322 acc=0.2110
  alpha=1.1 seed=43  no-MAC adam_ota     round   79/100 loss=2.5360 acc=0.2094
  alpha=1.1 seed=43  no-MAC adam_ota     round   80/100 loss=2.5231 acc=0.2138
  alpha=1.1 seed=43  no-MAC adam_ota     round   81/100 loss=2.5063 acc=0.2171
  alpha=1.1 seed=43  no-MAC adam_ota     round   82/100 loss=2.5380 acc=0.2136
  alpha=1.1 seed=43  no-MAC adam_ota     round   83/100 loss=2.5240 acc=0.2150
  alpha=1.1 seed=43  no-MAC adam_ota     round   84/100 loss=2.5112 acc=0.2217
  alpha=1.1 seed=43  no-MAC adam_ota     round   85/100 loss=2.5145 acc=0.2173
  alpha=1.1 seed=43  no-MAC adam_ota     round   86/100 loss=2.5082 acc=0.2195
  alpha=1.1 seed=43  no-MAC adam_ota     round   87/100 loss=2.5292 acc=0.2208
  alpha=1.1 seed=43  no-MAC adam_ota     round   88/100 loss=2.5359 acc=0.2207
  alpha=1.1 seed=43  no-MAC adam_ota     round   89/100 loss=2.5132 acc=0.2259
  alpha=1.1 seed=43  no-MAC adam_ota     round   90/100 loss=2.5165 acc=0.2306
  alpha=1.1 seed=43  no-MAC adam_ota     round   91/100 loss=2.5238 acc=0.2317
  alpha=1.1 seed=43  no-MAC adam_ota     round   92/100 loss=2.5090 acc=0.2228
  alpha=1.1 seed=43  no-MAC adam_ota     round   93/100 loss=2.4870 acc=0.2242
  alpha=1.1 seed=43  no-MAC adam_ota     round   94/100 loss=2.4592 acc=0.2211
  alpha=1.1 seed=43  no-MAC adam_ota     round   95/100 loss=2.4555 acc=0.2197
  alpha=1.1 seed=43  no-MAC adam_ota     round   96/100 loss=2.4702 acc=0.2152
  alpha=1.1 seed=43  no-MAC adam_ota     round   97/100 loss=2.4829 acc=0.2164
  alpha=1.1 seed=43  no-MAC adam_ota     round   98/100 loss=2.5452 acc=0.2117
  alpha=1.1 seed=43  no-MAC adam_ota     round   99/100 loss=2.5575 acc=0.2122
  alpha=1.1 seed=43  no-MAC adam_ota     round  100/100 loss=2.5610 acc=0.2053
  alpha=1.1 seed=44  no-MAC adam_ota     round    1/100 loss=3.2207 acc=0.1006
  alpha=1.1 seed=44  no-MAC adam_ota     round    2/100 loss=3.0089 acc=0.1165
  alpha=1.1 seed=44  no-MAC adam_ota     round    3/100 loss=6.5512 acc=0.1000
  alpha=1.1 seed=44  no-MAC adam_ota     round    4/100 loss=7.1824 acc=0.1001
  alpha=1.1 seed=44  no-MAC adam_ota     round    5/100 loss=5.1351 acc=0.1093
  alpha=1.1 seed=44  no-MAC adam_ota     round    6/100 loss=4.6225 acc=0.1401
  alpha=1.1 seed=44  no-MAC adam_ota     round    7/100 loss=5.8046 acc=0.1012
  alpha=1.1 seed=44  no-MAC adam_ota     round    8/100 loss=4.3338 acc=0.1029
  alpha=1.1 seed=44  no-MAC adam_ota     round    9/100 loss=3.7718 acc=0.1289
  alpha=1.1 seed=44  no-MAC adam_ota     round   10/100 loss=4.3515 acc=0.1196
  alpha=1.1 seed=44  no-MAC adam_ota     round   11/100 loss=4.9114 acc=0.1031
  alpha=1.1 seed=44  no-MAC adam_ota     round   12/100 loss=4.7499 acc=0.1120
  alpha=1.1 seed=44  no-MAC adam_ota     round   13/100 loss=3.9655 acc=0.1159
  alpha=1.1 seed=44  no-MAC adam_ota     round   14/100 loss=3.1450 acc=0.1357
  alpha=1.1 seed=44  no-MAC adam_ota     round   15/100 loss=2.9256 acc=0.1315
  alpha=1.1 seed=44  no-MAC adam_ota     round   16/100 loss=2.9594 acc=0.1232
  alpha=1.1 seed=44  no-MAC adam_ota     round   17/100 loss=2.7693 acc=0.1428
  alpha=1.1 seed=44  no-MAC adam_ota     round   18/100 loss=2.6114 acc=0.1608
  alpha=1.1 seed=44  no-MAC adam_ota     round   19/100 loss=2.7175 acc=0.1442
  alpha=1.1 seed=44  no-MAC adam_ota     round   20/100 loss=2.9307 acc=0.1254
  alpha=1.1 seed=44  no-MAC adam_ota     round   21/100 loss=3.1502 acc=0.1242
  alpha=1.1 seed=44  no-MAC adam_ota     round   22/100 loss=3.1209 acc=0.1352
  alpha=1.1 seed=44  no-MAC adam_ota     round   23/100 loss=2.9635 acc=0.1453
  alpha=1.1 seed=44  no-MAC adam_ota     round   24/100 loss=2.9531 acc=0.1561
  alpha=1.1 seed=44  no-MAC adam_ota     round   25/100 loss=2.9707 acc=0.1546
  alpha=1.1 seed=44  no-MAC adam_ota     round   26/100 loss=2.7917 acc=0.1655
  alpha=1.1 seed=44  no-MAC adam_ota     round   27/100 loss=2.6966 acc=0.1809
  alpha=1.1 seed=44  no-MAC adam_ota     round   28/100 loss=2.6697 acc=0.1693
  alpha=1.1 seed=44  no-MAC adam_ota     round   29/100 loss=2.7404 acc=0.1537
  alpha=1.1 seed=44  no-MAC adam_ota     round   30/100 loss=2.8183 acc=0.1450
  alpha=1.1 seed=44  no-MAC adam_ota     round   31/100 loss=2.8183 acc=0.1479
  alpha=1.1 seed=44  no-MAC adam_ota     round   32/100 loss=2.6906 acc=0.1612
  alpha=1.1 seed=44  no-MAC adam_ota     round   33/100 loss=2.6202 acc=0.1689
  alpha=1.1 seed=44  no-MAC adam_ota     round   34/100 loss=2.5642 acc=0.1727
  alpha=1.1 seed=44  no-MAC adam_ota     round   35/100 loss=2.5357 acc=0.1840
  alpha=1.1 seed=44  no-MAC adam_ota     round   36/100 loss=2.4434 acc=0.1932
  alpha=1.1 seed=44  no-MAC adam_ota     round   37/100 loss=2.4171 acc=0.1928
  alpha=1.1 seed=44  no-MAC adam_ota     round   38/100 loss=2.4775 acc=0.1814
  alpha=1.1 seed=44  no-MAC adam_ota     round   39/100 loss=2.5295 acc=0.1789
  alpha=1.1 seed=44  no-MAC adam_ota     round   40/100 loss=2.5267 acc=0.1802
  alpha=1.1 seed=44  no-MAC adam_ota     round   41/100 loss=2.4966 acc=0.1906
  alpha=1.1 seed=44  no-MAC adam_ota     round   42/100 loss=2.5148 acc=0.1970
  alpha=1.1 seed=44  no-MAC adam_ota     round   43/100 loss=2.5276 acc=0.1925
  alpha=1.1 seed=44  no-MAC adam_ota     round   44/100 loss=2.5280 acc=0.1902
  alpha=1.1 seed=44  no-MAC adam_ota     round   45/100 loss=2.5225 acc=0.1899
  alpha=1.1 seed=44  no-MAC adam_ota     round   46/100 loss=2.5363 acc=0.1947
  alpha=1.1 seed=44  no-MAC adam_ota     round   47/100 loss=2.5515 acc=0.1938
  alpha=1.1 seed=44  no-MAC adam_ota     round   48/100 loss=2.4671 acc=0.1957
  alpha=1.1 seed=44  no-MAC adam_ota     round   49/100 loss=2.3796 acc=0.2046
  alpha=1.1 seed=44  no-MAC adam_ota     round   50/100 loss=2.3648 acc=0.2031
  alpha=1.1 seed=44  no-MAC adam_ota     round   51/100 loss=2.3439 acc=0.2053
  alpha=1.1 seed=44  no-MAC adam_ota     round   52/100 loss=2.3315 acc=0.2084
  alpha=1.1 seed=44  no-MAC adam_ota     round   53/100 loss=2.2946 acc=0.2095
  alpha=1.1 seed=44  no-MAC adam_ota     round   54/100 loss=2.2592 acc=0.2160
  alpha=1.1 seed=44  no-MAC adam_ota     round   55/100 loss=2.2487 acc=0.2231
  alpha=1.1 seed=44  no-MAC adam_ota     round   56/100 loss=2.2667 acc=0.2238
  alpha=1.1 seed=44  no-MAC adam_ota     round   57/100 loss=2.2811 acc=0.2246
  alpha=1.1 seed=44  no-MAC adam_ota     round   58/100 loss=2.2882 acc=0.2210
  alpha=1.1 seed=44  no-MAC adam_ota     round   59/100 loss=2.2915 acc=0.2129
  alpha=1.1 seed=44  no-MAC adam_ota     round   60/100 loss=2.3206 acc=0.2069
  alpha=1.1 seed=44  no-MAC adam_ota     round   61/100 loss=2.3755 acc=0.1985
  alpha=1.1 seed=44  no-MAC adam_ota     round   62/100 loss=2.4230 acc=0.1983
  alpha=1.1 seed=44  no-MAC adam_ota     round   63/100 loss=2.4384 acc=0.1912
  alpha=1.1 seed=44  no-MAC adam_ota     round   64/100 loss=2.4295 acc=0.1968
  alpha=1.1 seed=44  no-MAC adam_ota     round   65/100 loss=2.4095 acc=0.2044
  alpha=1.1 seed=44  no-MAC adam_ota     round   66/100 loss=2.3919 acc=0.1990
  alpha=1.1 seed=44  no-MAC adam_ota     round   67/100 loss=2.3794 acc=0.1984
  alpha=1.1 seed=44  no-MAC adam_ota     round   68/100 loss=2.3708 acc=0.2002
  alpha=1.1 seed=44  no-MAC adam_ota     round   69/100 loss=2.3648 acc=0.1985
  alpha=1.1 seed=44  no-MAC adam_ota     round   70/100 loss=2.3672 acc=0.2021
  alpha=1.1 seed=44  no-MAC adam_ota     round   71/100 loss=2.3622 acc=0.2064
  alpha=1.1 seed=44  no-MAC adam_ota     round   72/100 loss=2.3701 acc=0.2098
  alpha=1.1 seed=44  no-MAC adam_ota     round   73/100 loss=2.4157 acc=0.2074
  alpha=1.1 seed=44  no-MAC adam_ota     round   74/100 loss=2.4398 acc=0.2000
  alpha=1.1 seed=44  no-MAC adam_ota     round   75/100 loss=2.4729 acc=0.2019
  alpha=1.1 seed=44  no-MAC adam_ota     round   76/100 loss=2.4672 acc=0.2021
  alpha=1.1 seed=44  no-MAC adam_ota     round   77/100 loss=2.4487 acc=0.2002
  alpha=1.1 seed=44  no-MAC adam_ota     round   78/100 loss=2.4257 acc=0.1977
  alpha=1.1 seed=44  no-MAC adam_ota     round   79/100 loss=2.4087 acc=0.2014
  alpha=1.1 seed=44  no-MAC adam_ota     round   80/100 loss=2.4143 acc=0.2009
  alpha=1.1 seed=44  no-MAC adam_ota     round   81/100 loss=2.4192 acc=0.2016
  alpha=1.1 seed=44  no-MAC adam_ota     round   82/100 loss=2.4422 acc=0.2047
  alpha=1.1 seed=44  no-MAC adam_ota     round   83/100 loss=2.4335 acc=0.2058
  alpha=1.1 seed=44  no-MAC adam_ota     round   84/100 loss=2.4452 acc=0.2054
  alpha=1.1 seed=44  no-MAC adam_ota     round   85/100 loss=2.4568 acc=0.2054
  alpha=1.1 seed=44  no-MAC adam_ota     round   86/100 loss=2.4830 acc=0.2076
  alpha=1.1 seed=44  no-MAC adam_ota     round   87/100 loss=2.4913 acc=0.2044
  alpha=1.1 seed=44  no-MAC adam_ota     round   88/100 loss=2.5178 acc=0.2028
  alpha=1.1 seed=44  no-MAC adam_ota     round   89/100 loss=2.4917 acc=0.2052
  alpha=1.1 seed=44  no-MAC adam_ota     round   90/100 loss=2.4685 acc=0.2077
  alpha=1.1 seed=44  no-MAC adam_ota     round   91/100 loss=2.4703 acc=0.2125
  alpha=1.1 seed=44  no-MAC adam_ota     round   92/100 loss=2.5038 acc=0.2118
  alpha=1.1 seed=44  no-MAC adam_ota     round   93/100 loss=2.5364 acc=0.2082
  alpha=1.1 seed=44  no-MAC adam_ota     round   94/100 loss=2.5261 acc=0.2075
  alpha=1.1 seed=44  no-MAC adam_ota     round   95/100 loss=2.5084 acc=0.2076
  alpha=1.1 seed=44  no-MAC adam_ota     round   96/100 loss=2.5411 acc=0.2084
  alpha=1.1 seed=44  no-MAC adam_ota     round   97/100 loss=2.5999 acc=0.2075
  alpha=1.1 seed=44  no-MAC adam_ota     round   98/100 loss=2.6262 acc=0.2040
  alpha=1.1 seed=44  no-MAC adam_ota     round   99/100 loss=2.5997 acc=0.2049
  alpha=1.1 seed=44  no-MAC adam_ota     round  100/100 loss=2.5609 acc=0.2068
  alpha=1.3 seed=42  no-MAC fedavg       round    1/100 loss=4.4582 acc=0.0932
  alpha=1.3 seed=44  no-MAC fedavg       round    1/100 loss=5.4358 acc=0.1024
  alpha=1.3 seed=44  no-MAC fedavg       round    2/100 loss=8.6693 acc=0.0851
  alpha=1.3 seed=44  no-MAC fedavg       round    3/100 loss=11891211645927936787218432.0000 acc=0.1000
  alpha=1.3 seed=42  no-MAC fedavgm      round    1/100 loss=4.4582 acc=0.0932
  alpha=1.3 seed=44  no-MAC fedavgm      round    1/100 loss=5.4358 acc=0.1024
  alpha=1.3 seed=44  no-MAC fedavgm      round    2/100 loss=23.7174 acc=0.0914
  alpha=1.3 seed=44  no-MAC fedavgm      round    3/100 loss=45834348298785017257000960.0000 acc=0.1000
  alpha=1.3 seed=42  no-MAC adagrad_ota  round    1/100 loss=2.7617 acc=0.1024
  alpha=1.3 seed=42  no-MAC adagrad_ota  round    2/100 loss=2.9224 acc=0.1000
  alpha=1.3 seed=42  no-MAC adagrad_ota  round    3/100 loss=3.8069 acc=0.1000
  alpha=1.3 seed=42  no-MAC adagrad_ota  round    4/100 loss=3.0379 acc=0.1070
  alpha=1.3 seed=42  no-MAC adagrad_ota  round    5/100 loss=2.3210 acc=0.1861
  alpha=1.3 seed=42  no-MAC adagrad_ota  round    6/100 loss=2.6558 acc=0.1254
  alpha=1.3 seed=42  no-MAC adagrad_ota  round    7/100 loss=2.6050 acc=0.1446
  alpha=1.3 seed=42  no-MAC adagrad_ota  round    8/100 loss=2.4116 acc=0.1845
  alpha=1.3 seed=42  no-MAC adagrad_ota  round    9/100 loss=2.3350 acc=0.2015
  alpha=1.3 seed=42  no-MAC adagrad_ota  round   10/100 loss=2.3667 acc=0.1606
  alpha=1.3 seed=42  no-MAC adagrad_ota  round   11/100 loss=2.3420 acc=0.1519
  alpha=1.3 seed=42  no-MAC adagrad_ota  round   12/100 loss=2.1327 acc=0.1873
  alpha=1.3 seed=42  no-MAC adagrad_ota  round   13/100 loss=2.0082 acc=0.2457
  alpha=1.3 seed=42  no-MAC adagrad_ota  round   14/100 loss=1.9770 acc=0.2526
  alpha=1.3 seed=42  no-MAC adagrad_ota  round   15/100 loss=1.9593 acc=0.2530
  alpha=1.3 seed=42  no-MAC adagrad_ota  round   16/100 loss=1.9400 acc=0.2617
  alpha=1.3 seed=42  no-MAC adagrad_ota  round   17/100 loss=1.9194 acc=0.2722
  alpha=1.3 seed=42  no-MAC adagrad_ota  round   18/100 loss=1.9090 acc=0.2766
  alpha=1.3 seed=42  no-MAC adagrad_ota  round   19/100 loss=1.9053 acc=0.2839
  alpha=1.3 seed=42  no-MAC adagrad_ota  round   20/100 loss=1.9089 acc=0.2784
  alpha=1.3 seed=42  no-MAC adagrad_ota  round   21/100 loss=1.9039 acc=0.2764
  alpha=1.3 seed=42  no-MAC adagrad_ota  round   22/100 loss=1.8912 acc=0.2854
  alpha=1.3 seed=42  no-MAC adagrad_ota  round   23/100 loss=1.8763 acc=0.2935
  alpha=1.3 seed=42  no-MAC adagrad_ota  round   24/100 loss=1.8581 acc=0.3013
  alpha=1.3 seed=42  no-MAC adagrad_ota  round   25/100 loss=1.8481 acc=0.3069
  alpha=1.3 seed=42  no-MAC adagrad_ota  round   26/100 loss=1.8407 acc=0.3031
  alpha=1.3 seed=42  no-MAC adagrad_ota  round   27/100 loss=1.8376 acc=0.3027
  alpha=1.3 seed=42  no-MAC adagrad_ota  round   28/100 loss=1.8373 acc=0.3048
  alpha=1.3 seed=42  no-MAC adagrad_ota  round   29/100 loss=1.8365 acc=0.3051
  alpha=1.3 seed=42  no-MAC adagrad_ota  round   30/100 loss=1.8362 acc=0.3056
  alpha=1.3 seed=42  no-MAC adagrad_ota  round   31/100 loss=1.8329 acc=0.3062
  alpha=1.3 seed=42  no-MAC adagrad_ota  round   32/100 loss=1.8288 acc=0.3118
  alpha=1.3 seed=42  no-MAC adagrad_ota  round   33/100 loss=1.8246 acc=0.3157
  alpha=1.3 seed=42  no-MAC adagrad_ota  round   34/100 loss=1.8187 acc=0.3205
  alpha=1.3 seed=42  no-MAC adagrad_ota  round   35/100 loss=1.8177 acc=0.3201
  alpha=1.3 seed=42  no-MAC adagrad_ota  round   36/100 loss=1.8143 acc=0.3199
  alpha=1.3 seed=42  no-MAC adagrad_ota  round   37/100 loss=1.8116 acc=0.3178
  alpha=1.3 seed=42  no-MAC adagrad_ota  round   38/100 loss=1.8092 acc=0.3190
  alpha=1.3 seed=42  no-MAC adagrad_ota  round   39/100 loss=1.8085 acc=0.3195
  alpha=1.3 seed=42  no-MAC adagrad_ota  round   40/100 loss=1.8086 acc=0.3217
  alpha=1.3 seed=42  no-MAC adagrad_ota  round   41/100 loss=1.8085 acc=0.3223
  alpha=1.3 seed=42  no-MAC adagrad_ota  round   42/100 loss=1.8095 acc=0.3215
  alpha=1.3 seed=42  no-MAC adagrad_ota  round   43/100 loss=1.8092 acc=0.3213
  alpha=1.3 seed=42  no-MAC adagrad_ota  round   44/100 loss=1.8082 acc=0.3250
  alpha=1.3 seed=42  no-MAC adagrad_ota  round   45/100 loss=1.8077 acc=0.3220
  alpha=1.3 seed=42  no-MAC adagrad_ota  round   46/100 loss=1.8071 acc=0.3232
  alpha=1.3 seed=42  no-MAC adagrad_ota  round   47/100 loss=1.8053 acc=0.3258
  alpha=1.3 seed=42  no-MAC adagrad_ota  round   48/100 loss=1.8025 acc=0.3266
  alpha=1.3 seed=42  no-MAC adagrad_ota  round   49/100 loss=1.8016 acc=0.3223
  alpha=1.3 seed=42  no-MAC adagrad_ota  round   50/100 loss=1.8014 acc=0.3211
  alpha=1.3 seed=42  no-MAC adagrad_ota  round   51/100 loss=1.8001 acc=0.3224
  alpha=1.3 seed=42  no-MAC adagrad_ota  round   52/100 loss=1.7966 acc=0.3231
  alpha=1.3 seed=42  no-MAC adagrad_ota  round   53/100 loss=1.7934 acc=0.3301
  alpha=1.3 seed=42  no-MAC adagrad_ota  round   54/100 loss=1.7890 acc=0.3314
  alpha=1.3 seed=42  no-MAC adagrad_ota  round   55/100 loss=1.7867 acc=0.3342
  alpha=1.3 seed=42  no-MAC adagrad_ota  round   56/100 loss=1.7847 acc=0.3323
  alpha=1.3 seed=42  no-MAC adagrad_ota  round   57/100 loss=1.7825 acc=0.3349
  alpha=1.3 seed=42  no-MAC adagrad_ota  round   58/100 loss=1.7826 acc=0.3363
  alpha=1.3 seed=42  no-MAC adagrad_ota  round   59/100 loss=1.7813 acc=0.3357
  alpha=1.3 seed=42  no-MAC adagrad_ota  round   60/100 loss=1.7798 acc=0.3369
  alpha=1.3 seed=42  no-MAC adagrad_ota  round   61/100 loss=1.7788 acc=0.3346
  alpha=1.3 seed=42  no-MAC adagrad_ota  round   62/100 loss=1.7784 acc=0.3316
  alpha=1.3 seed=42  no-MAC adagrad_ota  round   63/100 loss=1.7793 acc=0.3302
  alpha=1.3 seed=42  no-MAC adagrad_ota  round   64/100 loss=1.7793 acc=0.3286
  alpha=1.3 seed=42  no-MAC adagrad_ota  round   65/100 loss=1.7796 acc=0.3286
  alpha=1.3 seed=42  no-MAC adagrad_ota  round   66/100 loss=1.7795 acc=0.3281
  alpha=1.3 seed=42  no-MAC adagrad_ota  round   67/100 loss=1.7791 acc=0.3262
  alpha=1.3 seed=42  no-MAC adagrad_ota  round   68/100 loss=1.7771 acc=0.3292
  alpha=1.3 seed=42  no-MAC adagrad_ota  round   69/100 loss=1.7732 acc=0.3316
  alpha=1.3 seed=42  no-MAC adagrad_ota  round   70/100 loss=1.7711 acc=0.3342
  alpha=1.3 seed=42  no-MAC adagrad_ota  round   71/100 loss=1.7695 acc=0.3366
  alpha=1.3 seed=42  no-MAC adagrad_ota  round   72/100 loss=1.7679 acc=0.3369
  alpha=1.3 seed=42  no-MAC adagrad_ota  round   73/100 loss=1.7656 acc=0.3383
  alpha=1.3 seed=42  no-MAC adagrad_ota  round   74/100 loss=1.7641 acc=0.3391
  alpha=1.3 seed=42  no-MAC adagrad_ota  round   75/100 loss=1.7632 acc=0.3378
  alpha=1.3 seed=42  no-MAC adagrad_ota  round   76/100 loss=1.7624 acc=0.3384
  alpha=1.3 seed=42  no-MAC adagrad_ota  round   77/100 loss=1.7612 acc=0.3387
  alpha=1.3 seed=42  no-MAC adagrad_ota  round   78/100 loss=1.7593 acc=0.3355
  alpha=1.3 seed=42  no-MAC adagrad_ota  round   79/100 loss=1.7589 acc=0.3380
  alpha=1.3 seed=42  no-MAC adagrad_ota  round   80/100 loss=1.7590 acc=0.3344
  alpha=1.3 seed=42  no-MAC adagrad_ota  round   81/100 loss=1.7588 acc=0.3340
  alpha=1.3 seed=42  no-MAC adagrad_ota  round   82/100 loss=1.7574 acc=0.3330
  alpha=1.3 seed=42  no-MAC adagrad_ota  round   83/100 loss=1.7581 acc=0.3319
  alpha=1.3 seed=42  no-MAC adagrad_ota  round   84/100 loss=1.7588 acc=0.3339
  alpha=1.3 seed=42  no-MAC adagrad_ota  round   85/100 loss=1.7581 acc=0.3345
  alpha=1.3 seed=42  no-MAC adagrad_ota  round   86/100 loss=1.7599 acc=0.3307
  alpha=1.3 seed=42  no-MAC adagrad_ota  round   87/100 loss=1.7597 acc=0.3319
  alpha=1.3 seed=42  no-MAC adagrad_ota  round   88/100 loss=1.7591 acc=0.3347
  alpha=1.3 seed=42  no-MAC adagrad_ota  round   89/100 loss=1.7575 acc=0.3341
  alpha=1.3 seed=42  no-MAC adagrad_ota  round   90/100 loss=1.7573 acc=0.3344
  alpha=1.3 seed=42  no-MAC adagrad_ota  round   91/100 loss=1.7558 acc=0.3350
  alpha=1.3 seed=42  no-MAC adagrad_ota  round   92/100 loss=1.7530 acc=0.3390
  alpha=1.3 seed=42  no-MAC adagrad_ota  round   93/100 loss=1.7520 acc=0.3403
  alpha=1.3 seed=42  no-MAC adagrad_ota  round   94/100 loss=1.7494 acc=0.3394
  alpha=1.3 seed=42  no-MAC adagrad_ota  round   95/100 loss=1.7466 acc=0.3426
  alpha=1.3 seed=42  no-MAC adagrad_ota  round   96/100 loss=1.7439 acc=0.3439
  alpha=1.3 seed=42  no-MAC adagrad_ota  round   97/100 loss=1.7450 acc=0.3418
  alpha=1.3 seed=42  no-MAC adagrad_ota  round   98/100 loss=1.7432 acc=0.3444
  alpha=1.3 seed=42  no-MAC adagrad_ota  round   99/100 loss=1.7421 acc=0.3463
  alpha=1.3 seed=42  no-MAC adagrad_ota  round  100/100 loss=1.7416 acc=0.3450
  alpha=1.3 seed=43  no-MAC adagrad_ota  round    1/100 loss=3.0647 acc=0.1027
  alpha=1.3 seed=43  no-MAC adagrad_ota  round    2/100 loss=2.7152 acc=0.1001
  alpha=1.3 seed=43  no-MAC adagrad_ota  round    3/100 loss=2.7069 acc=0.1392
  alpha=1.3 seed=43  no-MAC adagrad_ota  round    4/100 loss=2.6650 acc=0.1436
  alpha=1.3 seed=43  no-MAC adagrad_ota  round    5/100 loss=3.5199 acc=0.1157
  alpha=1.3 seed=43  no-MAC adagrad_ota  round    6/100 loss=3.0847 acc=0.1249
  alpha=1.3 seed=43  no-MAC adagrad_ota  round    7/100 loss=2.5208 acc=0.1602
  alpha=1.3 seed=43  no-MAC adagrad_ota  round    8/100 loss=2.2969 acc=0.1902
  alpha=1.3 seed=43  no-MAC adagrad_ota  round    9/100 loss=2.2417 acc=0.1844
  alpha=1.3 seed=43  no-MAC adagrad_ota  round   10/100 loss=2.1345 acc=0.2120
  alpha=1.3 seed=43  no-MAC adagrad_ota  round   11/100 loss=2.0205 acc=0.2311
  alpha=1.3 seed=43  no-MAC adagrad_ota  round   12/100 loss=1.9843 acc=0.2513
  alpha=1.3 seed=43  no-MAC adagrad_ota  round   13/100 loss=1.9667 acc=0.2591
  alpha=1.3 seed=43  no-MAC adagrad_ota  round   14/100 loss=1.9377 acc=0.2657
  alpha=1.3 seed=43  no-MAC adagrad_ota  round   15/100 loss=1.9107 acc=0.2787
  alpha=1.3 seed=43  no-MAC adagrad_ota  round   16/100 loss=1.8982 acc=0.2793
  alpha=1.3 seed=43  no-MAC adagrad_ota  round   17/100 loss=1.8841 acc=0.2815
  alpha=1.3 seed=43  no-MAC adagrad_ota  round   18/100 loss=1.8784 acc=0.2712
  alpha=1.3 seed=43  no-MAC adagrad_ota  round   19/100 loss=1.8703 acc=0.2726
  alpha=1.3 seed=43  no-MAC adagrad_ota  round   20/100 loss=1.8589 acc=0.2754
  alpha=1.3 seed=43  no-MAC adagrad_ota  round   21/100 loss=1.8535 acc=0.2832
  alpha=1.3 seed=43  no-MAC adagrad_ota  round   22/100 loss=1.8458 acc=0.2908
  alpha=1.3 seed=43  no-MAC adagrad_ota  round   23/100 loss=1.8435 acc=0.2943
  alpha=1.3 seed=43  no-MAC adagrad_ota  round   24/100 loss=1.8404 acc=0.2976
  alpha=1.3 seed=43  no-MAC adagrad_ota  round   25/100 loss=1.8327 acc=0.3011
  alpha=1.3 seed=43  no-MAC adagrad_ota  round   26/100 loss=1.8251 acc=0.3036
  alpha=1.3 seed=43  no-MAC adagrad_ota  round   27/100 loss=1.8253 acc=0.3005
  alpha=1.3 seed=43  no-MAC adagrad_ota  round   28/100 loss=1.8271 acc=0.3026
  alpha=1.3 seed=43  no-MAC adagrad_ota  round   29/100 loss=1.8231 acc=0.3056
  alpha=1.3 seed=43  no-MAC adagrad_ota  round   30/100 loss=1.8196 acc=0.3088
  alpha=1.3 seed=43  no-MAC adagrad_ota  round   31/100 loss=1.8168 acc=0.3082
  alpha=1.3 seed=43  no-MAC adagrad_ota  round   32/100 loss=1.8117 acc=0.3119
  alpha=1.3 seed=43  no-MAC adagrad_ota  round   33/100 loss=1.8073 acc=0.3149
  alpha=1.3 seed=43  no-MAC adagrad_ota  round   34/100 loss=1.8062 acc=0.3125
  alpha=1.3 seed=43  no-MAC adagrad_ota  round   35/100 loss=1.8042 acc=0.3140
  alpha=1.3 seed=43  no-MAC adagrad_ota  round   36/100 loss=1.8027 acc=0.3132
  alpha=1.3 seed=43  no-MAC adagrad_ota  round   37/100 loss=1.8026 acc=0.3115
  alpha=1.3 seed=43  no-MAC adagrad_ota  round   38/100 loss=1.8022 acc=0.3129
  alpha=1.3 seed=43  no-MAC adagrad_ota  round   39/100 loss=1.8020 acc=0.3103
  alpha=1.3 seed=43  no-MAC adagrad_ota  round   40/100 loss=1.7997 acc=0.3127
  alpha=1.3 seed=43  no-MAC adagrad_ota  round   41/100 loss=1.7968 acc=0.3152
  alpha=1.3 seed=43  no-MAC adagrad_ota  round   42/100 loss=1.7958 acc=0.3162
  alpha=1.3 seed=43  no-MAC adagrad_ota  round   43/100 loss=1.7933 acc=0.3183
  alpha=1.3 seed=43  no-MAC adagrad_ota  round   44/100 loss=1.7894 acc=0.3220
  alpha=1.3 seed=43  no-MAC adagrad_ota  round   45/100 loss=1.7867 acc=0.3258
  alpha=1.3 seed=43  no-MAC adagrad_ota  round   46/100 loss=1.7836 acc=0.3252
  alpha=1.3 seed=43  no-MAC adagrad_ota  round   47/100 loss=1.7781 acc=0.3289
  alpha=1.3 seed=43  no-MAC adagrad_ota  round   48/100 loss=1.7762 acc=0.3273
  alpha=1.3 seed=43  no-MAC adagrad_ota  round   49/100 loss=1.7731 acc=0.3293
  alpha=1.3 seed=43  no-MAC adagrad_ota  round   50/100 loss=1.7737 acc=0.3259
  alpha=1.3 seed=43  no-MAC adagrad_ota  round   51/100 loss=1.7740 acc=0.3265
  alpha=1.3 seed=43  no-MAC adagrad_ota  round   52/100 loss=1.7757 acc=0.3224
  alpha=1.3 seed=43  no-MAC adagrad_ota  round   53/100 loss=1.7764 acc=0.3186
  alpha=1.3 seed=43  no-MAC adagrad_ota  round   54/100 loss=1.7778 acc=0.3174
  alpha=1.3 seed=43  no-MAC adagrad_ota  round   55/100 loss=1.7811 acc=0.3163
  alpha=1.3 seed=43  no-MAC adagrad_ota  round   56/100 loss=1.7777 acc=0.3193
  alpha=1.3 seed=43  no-MAC adagrad_ota  round   57/100 loss=1.7770 acc=0.3207
  alpha=1.3 seed=43  no-MAC adagrad_ota  round   58/100 loss=1.7763 acc=0.3222
  alpha=1.3 seed=43  no-MAC adagrad_ota  round   59/100 loss=1.7763 acc=0.3191
  alpha=1.3 seed=43  no-MAC adagrad_ota  round   60/100 loss=1.7764 acc=0.3180
  alpha=1.3 seed=43  no-MAC adagrad_ota  round   61/100 loss=1.7759 acc=0.3177
  alpha=1.3 seed=43  no-MAC adagrad_ota  round   62/100 loss=1.7732 acc=0.3223
  alpha=1.3 seed=43  no-MAC adagrad_ota  round   63/100 loss=1.7701 acc=0.3260
  alpha=1.3 seed=43  no-MAC adagrad_ota  round   64/100 loss=1.7702 acc=0.3290
  alpha=1.3 seed=43  no-MAC adagrad_ota  round   65/100 loss=1.7694 acc=0.3316
  alpha=1.3 seed=43  no-MAC adagrad_ota  round   66/100 loss=1.7685 acc=0.3310
  alpha=1.3 seed=43  no-MAC adagrad_ota  round   67/100 loss=1.7661 acc=0.3313
  alpha=1.3 seed=43  no-MAC adagrad_ota  round   68/100 loss=1.7652 acc=0.3316
  alpha=1.3 seed=43  no-MAC adagrad_ota  round   69/100 loss=1.7662 acc=0.3315
  alpha=1.3 seed=43  no-MAC adagrad_ota  round   70/100 loss=1.7657 acc=0.3308
  alpha=1.3 seed=43  no-MAC adagrad_ota  round   71/100 loss=1.7665 acc=0.3282
  alpha=1.3 seed=43  no-MAC adagrad_ota  round   72/100 loss=1.7652 acc=0.3260
  alpha=1.3 seed=43  no-MAC adagrad_ota  round   73/100 loss=1.7651 acc=0.3277
  alpha=1.3 seed=43  no-MAC adagrad_ota  round   74/100 loss=1.7632 acc=0.3293
  alpha=1.3 seed=43  no-MAC adagrad_ota  round   75/100 loss=1.7610 acc=0.3300
  alpha=1.3 seed=43  no-MAC adagrad_ota  round   76/100 loss=1.7578 acc=0.3281
  alpha=1.3 seed=43  no-MAC adagrad_ota  round   77/100 loss=1.7556 acc=0.3285
  alpha=1.3 seed=43  no-MAC adagrad_ota  round   78/100 loss=1.7538 acc=0.3298
  alpha=1.3 seed=43  no-MAC adagrad_ota  round   79/100 loss=1.7519 acc=0.3277
  alpha=1.3 seed=43  no-MAC adagrad_ota  round   80/100 loss=1.7482 acc=0.3302
  alpha=1.3 seed=43  no-MAC adagrad_ota  round   81/100 loss=1.7484 acc=0.3294
  alpha=1.3 seed=43  no-MAC adagrad_ota  round   82/100 loss=1.7490 acc=0.3305
  alpha=1.3 seed=43  no-MAC adagrad_ota  round   83/100 loss=1.7485 acc=0.3306
  alpha=1.3 seed=43  no-MAC adagrad_ota  round   84/100 loss=1.7469 acc=0.3317
  alpha=1.3 seed=43  no-MAC adagrad_ota  round   85/100 loss=1.7421 acc=0.3362
  alpha=1.3 seed=43  no-MAC adagrad_ota  round   86/100 loss=1.7434 acc=0.3353
  alpha=1.3 seed=43  no-MAC adagrad_ota  round   87/100 loss=1.7418 acc=0.3378
  alpha=1.3 seed=43  no-MAC adagrad_ota  round   88/100 loss=1.7406 acc=0.3374
  alpha=1.3 seed=43  no-MAC adagrad_ota  round   89/100 loss=1.7400 acc=0.3377
  alpha=1.3 seed=43  no-MAC adagrad_ota  round   90/100 loss=1.7395 acc=0.3394
  alpha=1.3 seed=43  no-MAC adagrad_ota  round   91/100 loss=1.7403 acc=0.3402
  alpha=1.3 seed=43  no-MAC adagrad_ota  round   92/100 loss=1.7401 acc=0.3424
  alpha=1.3 seed=43  no-MAC adagrad_ota  round   93/100 loss=1.7371 acc=0.3438
  alpha=1.3 seed=43  no-MAC adagrad_ota  round   94/100 loss=1.7355 acc=0.3426
  alpha=1.3 seed=43  no-MAC adagrad_ota  round   95/100 loss=1.7347 acc=0.3449
  alpha=1.3 seed=43  no-MAC adagrad_ota  round   96/100 loss=1.7355 acc=0.3430
  alpha=1.3 seed=43  no-MAC adagrad_ota  round   97/100 loss=1.7329 acc=0.3403
  alpha=1.3 seed=43  no-MAC adagrad_ota  round   98/100 loss=1.7330 acc=0.3437
  alpha=1.3 seed=43  no-MAC adagrad_ota  round   99/100 loss=1.7317 acc=0.3412
  alpha=1.3 seed=43  no-MAC adagrad_ota  round  100/100 loss=1.7318 acc=0.3421
  alpha=1.3 seed=44  no-MAC adagrad_ota  round    1/100 loss=3.1764 acc=0.1020
  alpha=1.3 seed=44  no-MAC adagrad_ota  round    2/100 loss=2.8105 acc=0.1228
  alpha=1.3 seed=44  no-MAC adagrad_ota  round    3/100 loss=3.8889 acc=0.1002
  alpha=1.3 seed=44  no-MAC adagrad_ota  round    4/100 loss=3.1133 acc=0.1043
  alpha=1.3 seed=44  no-MAC adagrad_ota  round    5/100 loss=2.5365 acc=0.1679
  alpha=1.3 seed=44  no-MAC adagrad_ota  round    6/100 loss=2.4695 acc=0.1369
  alpha=1.3 seed=44  no-MAC adagrad_ota  round    7/100 loss=2.2175 acc=0.1887
  alpha=1.3 seed=44  no-MAC adagrad_ota  round    8/100 loss=2.2169 acc=0.2110
  alpha=1.3 seed=44  no-MAC adagrad_ota  round    9/100 loss=2.2786 acc=0.1808
  alpha=1.3 seed=44  no-MAC adagrad_ota  round   10/100 loss=2.2939 acc=0.1637
  alpha=1.3 seed=44  no-MAC adagrad_ota  round   11/100 loss=2.2026 acc=0.1771
  alpha=1.3 seed=44  no-MAC adagrad_ota  round   12/100 loss=2.0867 acc=0.2198
  alpha=1.3 seed=44  no-MAC adagrad_ota  round   13/100 loss=2.0069 acc=0.2440
  alpha=1.3 seed=44  no-MAC adagrad_ota  round   14/100 loss=1.9592 acc=0.2550
  alpha=1.3 seed=44  no-MAC adagrad_ota  round   15/100 loss=1.9342 acc=0.2646
  alpha=1.3 seed=44  no-MAC adagrad_ota  round   16/100 loss=1.9157 acc=0.2756
  alpha=1.3 seed=44  no-MAC adagrad_ota  round   17/100 loss=1.8966 acc=0.2885
  alpha=1.3 seed=44  no-MAC adagrad_ota  round   18/100 loss=1.8820 acc=0.2965
  alpha=1.3 seed=44  no-MAC adagrad_ota  round   19/100 loss=1.8778 acc=0.3036
  alpha=1.3 seed=44  no-MAC adagrad_ota  round   20/100 loss=1.8808 acc=0.3059
  alpha=1.3 seed=44  no-MAC adagrad_ota  round   21/100 loss=1.8876 acc=0.2998
  alpha=1.3 seed=44  no-MAC adagrad_ota  round   22/100 loss=1.8936 acc=0.2997
  alpha=1.3 seed=44  no-MAC adagrad_ota  round   23/100 loss=1.9033 acc=0.2937
  alpha=1.3 seed=44  no-MAC adagrad_ota  round   24/100 loss=1.9065 acc=0.2884
  alpha=1.3 seed=44  no-MAC adagrad_ota  round   25/100 loss=1.8982 acc=0.2920
  alpha=1.3 seed=44  no-MAC adagrad_ota  round   26/100 loss=1.8806 acc=0.2964
  alpha=1.3 seed=44  no-MAC adagrad_ota  round   27/100 loss=1.8737 acc=0.2977
  alpha=1.3 seed=44  no-MAC adagrad_ota  round   28/100 loss=1.8630 acc=0.2990
  alpha=1.3 seed=44  no-MAC adagrad_ota  round   29/100 loss=1.8535 acc=0.3029
  alpha=1.3 seed=44  no-MAC adagrad_ota  round   30/100 loss=1.8439 acc=0.3103
  alpha=1.3 seed=44  no-MAC adagrad_ota  round   31/100 loss=1.8342 acc=0.3152
  alpha=1.3 seed=44  no-MAC adagrad_ota  round   32/100 loss=1.8234 acc=0.3204
  alpha=1.3 seed=44  no-MAC adagrad_ota  round   33/100 loss=1.8206 acc=0.3187
  alpha=1.3 seed=44  no-MAC adagrad_ota  round   34/100 loss=1.8171 acc=0.3229
  alpha=1.3 seed=44  no-MAC adagrad_ota  round   35/100 loss=1.8173 acc=0.3200
  alpha=1.3 seed=44  no-MAC adagrad_ota  round   36/100 loss=1.8165 acc=0.3200
  alpha=1.3 seed=44  no-MAC adagrad_ota  round   37/100 loss=1.8164 acc=0.3244
  alpha=1.3 seed=44  no-MAC adagrad_ota  round   38/100 loss=1.8164 acc=0.3191
  alpha=1.3 seed=44  no-MAC adagrad_ota  round   39/100 loss=1.8132 acc=0.3210
  alpha=1.3 seed=44  no-MAC adagrad_ota  round   40/100 loss=1.8105 acc=0.3212
  alpha=1.3 seed=44  no-MAC adagrad_ota  round   41/100 loss=1.8036 acc=0.3270
  alpha=1.3 seed=44  no-MAC adagrad_ota  round   42/100 loss=1.8005 acc=0.3263
  alpha=1.3 seed=44  no-MAC adagrad_ota  round   43/100 loss=1.7969 acc=0.3275
  alpha=1.3 seed=44  no-MAC adagrad_ota  round   44/100 loss=1.7931 acc=0.3324
  alpha=1.3 seed=44  no-MAC adagrad_ota  round   45/100 loss=1.7905 acc=0.3327
  alpha=1.3 seed=44  no-MAC adagrad_ota  round   46/100 loss=1.7878 acc=0.3340
  alpha=1.3 seed=44  no-MAC adagrad_ota  round   47/100 loss=1.7860 acc=0.3337
  alpha=1.3 seed=44  no-MAC adagrad_ota  round   48/100 loss=1.7843 acc=0.3351
  alpha=1.3 seed=44  no-MAC adagrad_ota  round   49/100 loss=1.7821 acc=0.3338
  alpha=1.3 seed=44  no-MAC adagrad_ota  round   50/100 loss=1.7801 acc=0.3348
  alpha=1.3 seed=44  no-MAC adagrad_ota  round   51/100 loss=1.7769 acc=0.3328
  alpha=1.3 seed=44  no-MAC adagrad_ota  round   52/100 loss=1.7748 acc=0.3362
  alpha=1.3 seed=44  no-MAC adagrad_ota  round   53/100 loss=1.7736 acc=0.3358
  alpha=1.3 seed=44  no-MAC adagrad_ota  round   54/100 loss=1.7722 acc=0.3361
  alpha=1.3 seed=44  no-MAC adagrad_ota  round   55/100 loss=1.7731 acc=0.3365
  alpha=1.3 seed=44  no-MAC adagrad_ota  round   56/100 loss=1.7747 acc=0.3360
  alpha=1.3 seed=44  no-MAC adagrad_ota  round   57/100 loss=1.7763 acc=0.3371
  alpha=1.3 seed=44  no-MAC adagrad_ota  round   58/100 loss=1.7741 acc=0.3382
  alpha=1.3 seed=44  no-MAC adagrad_ota  round   59/100 loss=1.7733 acc=0.3419
  alpha=1.3 seed=44  no-MAC adagrad_ota  round   60/100 loss=1.7716 acc=0.3402
  alpha=1.3 seed=44  no-MAC adagrad_ota  round   61/100 loss=1.7716 acc=0.3394
  alpha=1.3 seed=44  no-MAC adagrad_ota  round   62/100 loss=1.7708 acc=0.3386
  alpha=1.3 seed=44  no-MAC adagrad_ota  round   63/100 loss=1.7714 acc=0.3377
  alpha=1.3 seed=44  no-MAC adagrad_ota  round   64/100 loss=1.7706 acc=0.3376
  alpha=1.3 seed=44  no-MAC adagrad_ota  round   65/100 loss=1.7693 acc=0.3406
  alpha=1.3 seed=44  no-MAC adagrad_ota  round   66/100 loss=1.7674 acc=0.3416
  alpha=1.3 seed=44  no-MAC adagrad_ota  round   67/100 loss=1.7664 acc=0.3458
  alpha=1.3 seed=44  no-MAC adagrad_ota  round   68/100 loss=1.7663 acc=0.3439
  alpha=1.3 seed=44  no-MAC adagrad_ota  round   69/100 loss=1.7657 acc=0.3465
  alpha=1.3 seed=44  no-MAC adagrad_ota  round   70/100 loss=1.7656 acc=0.3432
  alpha=1.3 seed=44  no-MAC adagrad_ota  round   71/100 loss=1.7658 acc=0.3420
  alpha=1.3 seed=44  no-MAC adagrad_ota  round   72/100 loss=1.7652 acc=0.3439
  alpha=1.3 seed=44  no-MAC adagrad_ota  round   73/100 loss=1.7627 acc=0.3461
  alpha=1.3 seed=44  no-MAC adagrad_ota  round   74/100 loss=1.7625 acc=0.3455
  alpha=1.3 seed=44  no-MAC adagrad_ota  round   75/100 loss=1.7610 acc=0.3461
  alpha=1.3 seed=44  no-MAC adagrad_ota  round   76/100 loss=1.7597 acc=0.3438
  alpha=1.3 seed=44  no-MAC adagrad_ota  round   77/100 loss=1.7590 acc=0.3451
  alpha=1.3 seed=44  no-MAC adagrad_ota  round   78/100 loss=1.7591 acc=0.3482
  alpha=1.3 seed=44  no-MAC adagrad_ota  round   79/100 loss=1.7579 acc=0.3477
  alpha=1.3 seed=44  no-MAC adagrad_ota  round   80/100 loss=1.7547 acc=0.3488
  alpha=1.3 seed=44  no-MAC adagrad_ota  round   81/100 loss=1.7516 acc=0.3510
  alpha=1.3 seed=44  no-MAC adagrad_ota  round   82/100 loss=1.7473 acc=0.3523
  alpha=1.3 seed=44  no-MAC adagrad_ota  round   83/100 loss=1.7452 acc=0.3546
  alpha=1.3 seed=44  no-MAC adagrad_ota  round   84/100 loss=1.7424 acc=0.3568
  alpha=1.3 seed=44  no-MAC adagrad_ota  round   85/100 loss=1.7394 acc=0.3570
  alpha=1.3 seed=44  no-MAC adagrad_ota  round   86/100 loss=1.7376 acc=0.3556
  alpha=1.3 seed=44  no-MAC adagrad_ota  round   87/100 loss=1.7356 acc=0.3572
  alpha=1.3 seed=44  no-MAC adagrad_ota  round   88/100 loss=1.7346 acc=0.3569
  alpha=1.3 seed=44  no-MAC adagrad_ota  round   89/100 loss=1.7342 acc=0.3584
  alpha=1.3 seed=44  no-MAC adagrad_ota  round   90/100 loss=1.7337 acc=0.3557
  alpha=1.3 seed=44  no-MAC adagrad_ota  round   91/100 loss=1.7337 acc=0.3546
  alpha=1.3 seed=44  no-MAC adagrad_ota  round   92/100 loss=1.7343 acc=0.3519
  alpha=1.3 seed=44  no-MAC adagrad_ota  round   93/100 loss=1.7344 acc=0.3515
  alpha=1.3 seed=44  no-MAC adagrad_ota  round   94/100 loss=1.7344 acc=0.3551
  alpha=1.3 seed=44  no-MAC adagrad_ota  round   95/100 loss=1.7354 acc=0.3544
  alpha=1.3 seed=44  no-MAC adagrad_ota  round   96/100 loss=1.7344 acc=0.3517
  alpha=1.3 seed=44  no-MAC adagrad_ota  round   97/100 loss=1.7339 acc=0.3532
  alpha=1.3 seed=44  no-MAC adagrad_ota  round   98/100 loss=1.7345 acc=0.3514
  alpha=1.3 seed=44  no-MAC adagrad_ota  round   99/100 loss=1.7350 acc=0.3504
  alpha=1.3 seed=44  no-MAC adagrad_ota  round  100/100 loss=1.7344 acc=0.3496
  alpha=1.3 seed=42  no-MAC adam_ota     round    1/100 loss=2.8143 acc=0.1007
  alpha=1.3 seed=42  no-MAC adam_ota     round    2/100 loss=3.2958 acc=0.1000
  alpha=1.3 seed=42  no-MAC adam_ota     round    3/100 loss=5.4917 acc=0.1000
  alpha=1.3 seed=42  no-MAC adam_ota     round    4/100 loss=6.6092 acc=0.1001
  alpha=1.3 seed=42  no-MAC adam_ota     round    5/100 loss=4.3759 acc=0.1239
  alpha=1.3 seed=42  no-MAC adam_ota     round    6/100 loss=4.1168 acc=0.1248
  alpha=1.3 seed=42  no-MAC adam_ota     round    7/100 loss=5.0092 acc=0.1048
  alpha=1.3 seed=42  no-MAC adam_ota     round    8/100 loss=4.9827 acc=0.1137
  alpha=1.3 seed=42  no-MAC adam_ota     round    9/100 loss=4.1583 acc=0.1407
  alpha=1.3 seed=42  no-MAC adam_ota     round   10/100 loss=3.7648 acc=0.1331
  alpha=1.3 seed=42  no-MAC adam_ota     round   11/100 loss=4.5571 acc=0.1009
  alpha=1.3 seed=42  no-MAC adam_ota     round   12/100 loss=4.3141 acc=0.1037
  alpha=1.3 seed=42  no-MAC adam_ota     round   13/100 loss=3.3870 acc=0.1165
  alpha=1.3 seed=42  no-MAC adam_ota     round   14/100 loss=2.8040 acc=0.1618
  alpha=1.3 seed=42  no-MAC adam_ota     round   15/100 loss=2.7129 acc=0.1608
  alpha=1.3 seed=42  no-MAC adam_ota     round   16/100 loss=2.6732 acc=0.1727
  alpha=1.3 seed=42  no-MAC adam_ota     round   17/100 loss=2.5339 acc=0.1788
  alpha=1.3 seed=42  no-MAC adam_ota     round   18/100 loss=2.4737 acc=0.1907
  alpha=1.3 seed=42  no-MAC adam_ota     round   19/100 loss=2.6214 acc=0.1701
  alpha=1.3 seed=42  no-MAC adam_ota     round   20/100 loss=2.9329 acc=0.1397
  alpha=1.3 seed=42  no-MAC adam_ota     round   21/100 loss=2.9604 acc=0.1462
  alpha=1.3 seed=42  no-MAC adam_ota     round   22/100 loss=2.7039 acc=0.1840
  alpha=1.3 seed=42  no-MAC adam_ota     round   23/100 loss=2.5195 acc=0.1999
  alpha=1.3 seed=42  no-MAC adam_ota     round   24/100 loss=2.4127 acc=0.1956
  alpha=1.3 seed=42  no-MAC adam_ota     round   25/100 loss=2.3593 acc=0.2022
  alpha=1.3 seed=42  no-MAC adam_ota     round   26/100 loss=2.3374 acc=0.2089
  alpha=1.3 seed=42  no-MAC adam_ota     round   27/100 loss=2.3639 acc=0.2156
  alpha=1.3 seed=42  no-MAC adam_ota     round   28/100 loss=2.4391 acc=0.2069
  alpha=1.3 seed=42  no-MAC adam_ota     round   29/100 loss=2.4597 acc=0.1963
  alpha=1.3 seed=42  no-MAC adam_ota     round   30/100 loss=2.4629 acc=0.1878
  alpha=1.3 seed=42  no-MAC adam_ota     round   31/100 loss=2.4042 acc=0.1958
  alpha=1.3 seed=42  no-MAC adam_ota     round   32/100 loss=2.3119 acc=0.2088
  alpha=1.3 seed=42  no-MAC adam_ota     round   33/100 loss=2.2589 acc=0.2163
  alpha=1.3 seed=42  no-MAC adam_ota     round   34/100 loss=2.2243 acc=0.2242
  alpha=1.3 seed=42  no-MAC adam_ota     round   35/100 loss=2.2124 acc=0.2275
  alpha=1.3 seed=42  no-MAC adam_ota     round   36/100 loss=2.1621 acc=0.2275
  alpha=1.3 seed=42  no-MAC adam_ota     round   37/100 loss=2.1244 acc=0.2315
  alpha=1.3 seed=42  no-MAC adam_ota     round   38/100 loss=2.1059 acc=0.2299
  alpha=1.3 seed=42  no-MAC adam_ota     round   39/100 loss=2.1269 acc=0.2250
  alpha=1.3 seed=42  no-MAC adam_ota     round   40/100 loss=2.1234 acc=0.2222
  alpha=1.3 seed=42  no-MAC adam_ota     round   41/100 loss=2.1603 acc=0.2200
  alpha=1.3 seed=42  no-MAC adam_ota     round   42/100 loss=2.1539 acc=0.2223
  alpha=1.3 seed=42  no-MAC adam_ota     round   43/100 loss=2.1465 acc=0.2279
  alpha=1.3 seed=42  no-MAC adam_ota     round   44/100 loss=2.1036 acc=0.2383
  alpha=1.3 seed=42  no-MAC adam_ota     round   45/100 loss=2.0768 acc=0.2426
  alpha=1.3 seed=42  no-MAC adam_ota     round   46/100 loss=2.0989 acc=0.2393
  alpha=1.3 seed=42  no-MAC adam_ota     round   47/100 loss=2.1518 acc=0.2270
  alpha=1.3 seed=42  no-MAC adam_ota     round   48/100 loss=2.1856 acc=0.2248
  alpha=1.3 seed=42  no-MAC adam_ota     round   49/100 loss=2.1773 acc=0.2287
  alpha=1.3 seed=42  no-MAC adam_ota     round   50/100 loss=2.1690 acc=0.2332
  alpha=1.3 seed=42  no-MAC adam_ota     round   51/100 loss=2.1367 acc=0.2416
  alpha=1.3 seed=42  no-MAC adam_ota     round   52/100 loss=2.1157 acc=0.2480
  alpha=1.3 seed=42  no-MAC adam_ota     round   53/100 loss=2.0959 acc=0.2538
  alpha=1.3 seed=42  no-MAC adam_ota     round   54/100 loss=2.0835 acc=0.2568
  alpha=1.3 seed=42  no-MAC adam_ota     round   55/100 loss=2.1071 acc=0.2550
  alpha=1.3 seed=42  no-MAC adam_ota     round   56/100 loss=2.1415 acc=0.2497
  alpha=1.3 seed=42  no-MAC adam_ota     round   57/100 loss=2.0941 acc=0.2461
  alpha=1.3 seed=42  no-MAC adam_ota     round   58/100 loss=2.0461 acc=0.2542
  alpha=1.3 seed=42  no-MAC adam_ota     round   59/100 loss=2.0227 acc=0.2570
  alpha=1.3 seed=42  no-MAC adam_ota     round   60/100 loss=2.0273 acc=0.2553
  alpha=1.3 seed=42  no-MAC adam_ota     round   61/100 loss=2.0503 acc=0.2573
  alpha=1.3 seed=42  no-MAC adam_ota     round   62/100 loss=2.0844 acc=0.2577
  alpha=1.3 seed=42  no-MAC adam_ota     round   63/100 loss=2.1381 acc=0.2479
  alpha=1.3 seed=42  no-MAC adam_ota     round   64/100 loss=2.1450 acc=0.2401
  alpha=1.3 seed=42  no-MAC adam_ota     round   65/100 loss=2.1218 acc=0.2445
  alpha=1.3 seed=42  no-MAC adam_ota     round   66/100 loss=2.0965 acc=0.2443
  alpha=1.3 seed=42  no-MAC adam_ota     round   67/100 loss=2.1012 acc=0.2426
  alpha=1.3 seed=42  no-MAC adam_ota     round   68/100 loss=2.1092 acc=0.2406
  alpha=1.3 seed=42  no-MAC adam_ota     round   69/100 loss=2.1452 acc=0.2390
  alpha=1.3 seed=42  no-MAC adam_ota     round   70/100 loss=2.1560 acc=0.2365
  alpha=1.3 seed=42  no-MAC adam_ota     round   71/100 loss=2.1513 acc=0.2409
  alpha=1.3 seed=42  no-MAC adam_ota     round   72/100 loss=2.1272 acc=0.2501
  alpha=1.3 seed=42  no-MAC adam_ota     round   73/100 loss=2.1246 acc=0.2473
  alpha=1.3 seed=42  no-MAC adam_ota     round   74/100 loss=2.1159 acc=0.2493
  alpha=1.3 seed=42  no-MAC adam_ota     round   75/100 loss=2.1003 acc=0.2526
  alpha=1.3 seed=42  no-MAC adam_ota     round   76/100 loss=2.0969 acc=0.2516
  alpha=1.3 seed=42  no-MAC adam_ota     round   77/100 loss=2.0915 acc=0.2559
  alpha=1.3 seed=42  no-MAC adam_ota     round   78/100 loss=2.1127 acc=0.2554
  alpha=1.3 seed=42  no-MAC adam_ota     round   79/100 loss=2.1268 acc=0.2478
  alpha=1.3 seed=42  no-MAC adam_ota     round   80/100 loss=2.1220 acc=0.2405
  alpha=1.3 seed=42  no-MAC adam_ota     round   81/100 loss=2.1058 acc=0.2396
  alpha=1.3 seed=42  no-MAC adam_ota     round   82/100 loss=2.0968 acc=0.2348
  alpha=1.3 seed=42  no-MAC adam_ota     round   83/100 loss=2.0905 acc=0.2413
  alpha=1.3 seed=42  no-MAC adam_ota     round   84/100 loss=2.0661 acc=0.2464
  alpha=1.3 seed=42  no-MAC adam_ota     round   85/100 loss=2.0368 acc=0.2476
  alpha=1.3 seed=42  no-MAC adam_ota     round   86/100 loss=2.0211 acc=0.2504
  alpha=1.3 seed=42  no-MAC adam_ota     round   87/100 loss=2.0097 acc=0.2545
  alpha=1.3 seed=42  no-MAC adam_ota     round   88/100 loss=2.0197 acc=0.2492
  alpha=1.3 seed=42  no-MAC adam_ota     round   89/100 loss=2.0477 acc=0.2461
  alpha=1.3 seed=42  no-MAC adam_ota     round   90/100 loss=2.0573 acc=0.2500
  alpha=1.3 seed=42  no-MAC adam_ota     round   91/100 loss=2.0537 acc=0.2543
  alpha=1.3 seed=42  no-MAC adam_ota     round   92/100 loss=2.0681 acc=0.2529
  alpha=1.3 seed=42  no-MAC adam_ota     round   93/100 loss=2.0733 acc=0.2552
  alpha=1.3 seed=42  no-MAC adam_ota     round   94/100 loss=2.0693 acc=0.2516
  alpha=1.3 seed=42  no-MAC adam_ota     round   95/100 loss=2.0547 acc=0.2546
  alpha=1.3 seed=42  no-MAC adam_ota     round   96/100 loss=2.0625 acc=0.2527
  alpha=1.3 seed=42  no-MAC adam_ota     round   97/100 loss=2.0880 acc=0.2516
  alpha=1.3 seed=42  no-MAC adam_ota     round   98/100 loss=2.1184 acc=0.2524
  alpha=1.3 seed=42  no-MAC adam_ota     round   99/100 loss=2.1234 acc=0.2548
  alpha=1.3 seed=42  no-MAC adam_ota     round  100/100 loss=2.1234 acc=0.2575
  alpha=1.3 seed=43  no-MAC adam_ota     round    1/100 loss=3.1698 acc=0.1033
  alpha=1.3 seed=43  no-MAC adam_ota     round    2/100 loss=3.0665 acc=0.1000
  alpha=1.3 seed=43  no-MAC adam_ota     round    3/100 loss=3.6789 acc=0.1444
  alpha=1.3 seed=43  no-MAC adam_ota     round    4/100 loss=3.5229 acc=0.1415
  alpha=1.3 seed=43  no-MAC adam_ota     round    5/100 loss=6.4344 acc=0.1081
  alpha=1.3 seed=43  no-MAC adam_ota     round    6/100 loss=6.9648 acc=0.1012
  alpha=1.3 seed=43  no-MAC adam_ota     round    7/100 loss=5.4223 acc=0.1070
  alpha=1.3 seed=43  no-MAC adam_ota     round    8/100 loss=4.0498 acc=0.1129
  alpha=1.3 seed=43  no-MAC adam_ota     round    9/100 loss=3.3924 acc=0.1601
  alpha=1.3 seed=43  no-MAC adam_ota     round   10/100 loss=3.6731 acc=0.1374
  alpha=1.3 seed=43  no-MAC adam_ota     round   11/100 loss=3.3177 acc=0.1482
  alpha=1.3 seed=43  no-MAC adam_ota     round   12/100 loss=2.8801 acc=0.1830
  alpha=1.3 seed=43  no-MAC adam_ota     round   13/100 loss=2.8985 acc=0.1700
  alpha=1.3 seed=43  no-MAC adam_ota     round   14/100 loss=2.9681 acc=0.1707
  alpha=1.3 seed=43  no-MAC adam_ota     round   15/100 loss=2.8150 acc=0.1819
  alpha=1.3 seed=43  no-MAC adam_ota     round   16/100 loss=2.6290 acc=0.1890
  alpha=1.3 seed=43  no-MAC adam_ota     round   17/100 loss=2.4623 acc=0.2019
  alpha=1.3 seed=43  no-MAC adam_ota     round   18/100 loss=2.4176 acc=0.1968
  alpha=1.3 seed=43  no-MAC adam_ota     round   19/100 loss=2.4414 acc=0.1851
  alpha=1.3 seed=43  no-MAC adam_ota     round   20/100 loss=2.4087 acc=0.2040
  alpha=1.3 seed=43  no-MAC adam_ota     round   21/100 loss=2.4368 acc=0.2167
  alpha=1.3 seed=43  no-MAC adam_ota     round   22/100 loss=2.5232 acc=0.2008
  alpha=1.3 seed=43  no-MAC adam_ota     round   23/100 loss=2.4903 acc=0.2007
  alpha=1.3 seed=43  no-MAC adam_ota     round   24/100 loss=2.3173 acc=0.2148
  alpha=1.3 seed=43  no-MAC adam_ota     round   25/100 loss=2.1726 acc=0.2410
  alpha=1.3 seed=43  no-MAC adam_ota     round   26/100 loss=2.1433 acc=0.2332
  alpha=1.3 seed=43  no-MAC adam_ota     round   27/100 loss=2.1932 acc=0.2184
  alpha=1.3 seed=43  no-MAC adam_ota     round   28/100 loss=2.2337 acc=0.2159
  alpha=1.3 seed=43  no-MAC adam_ota     round   29/100 loss=2.2566 acc=0.2210
  alpha=1.3 seed=43  no-MAC adam_ota     round   30/100 loss=2.2867 acc=0.2213
  alpha=1.3 seed=43  no-MAC adam_ota     round   31/100 loss=2.2808 acc=0.2244
  alpha=1.3 seed=43  no-MAC adam_ota     round   32/100 loss=2.1621 acc=0.2447
  alpha=1.3 seed=43  no-MAC adam_ota     round   33/100 loss=2.0667 acc=0.2667
  alpha=1.3 seed=43  no-MAC adam_ota     round   34/100 loss=2.0425 acc=0.2611
  alpha=1.3 seed=43  no-MAC adam_ota     round   35/100 loss=2.0193 acc=0.2521
  alpha=1.3 seed=43  no-MAC adam_ota     round   36/100 loss=2.0311 acc=0.2505
  alpha=1.3 seed=43  no-MAC adam_ota     round   37/100 loss=2.0346 acc=0.2565
  alpha=1.3 seed=43  no-MAC adam_ota     round   38/100 loss=2.0557 acc=0.2641
  alpha=1.3 seed=43  no-MAC adam_ota     round   39/100 loss=2.1120 acc=0.2499
  alpha=1.3 seed=43  no-MAC adam_ota     round   40/100 loss=2.1545 acc=0.2491
  alpha=1.3 seed=43  no-MAC adam_ota     round   41/100 loss=2.1306 acc=0.2484
  alpha=1.3 seed=43  no-MAC adam_ota     round   42/100 loss=2.1182 acc=0.2496
  alpha=1.3 seed=43  no-MAC adam_ota     round   43/100 loss=2.1068 acc=0.2493
  alpha=1.3 seed=43  no-MAC adam_ota     round   44/100 loss=2.1042 acc=0.2428
  alpha=1.3 seed=43  no-MAC adam_ota     round   45/100 loss=2.0814 acc=0.2541
  alpha=1.3 seed=43  no-MAC adam_ota     round   46/100 loss=2.0841 acc=0.2568
  alpha=1.3 seed=43  no-MAC adam_ota     round   47/100 loss=2.1326 acc=0.2488
  alpha=1.3 seed=43  no-MAC adam_ota     round   48/100 loss=2.1383 acc=0.2493
  alpha=1.3 seed=43  no-MAC adam_ota     round   49/100 loss=2.1874 acc=0.2408
  alpha=1.3 seed=43  no-MAC adam_ota     round   50/100 loss=2.1438 acc=0.2463
  alpha=1.3 seed=43  no-MAC adam_ota     round   51/100 loss=2.0995 acc=0.2512
  alpha=1.3 seed=43  no-MAC adam_ota     round   52/100 loss=2.0568 acc=0.2544
  alpha=1.3 seed=43  no-MAC adam_ota     round   53/100 loss=2.0184 acc=0.2489
  alpha=1.3 seed=43  no-MAC adam_ota     round   54/100 loss=1.9940 acc=0.2553
  alpha=1.3 seed=43  no-MAC adam_ota     round   55/100 loss=2.0000 acc=0.2578
  alpha=1.3 seed=43  no-MAC adam_ota     round   56/100 loss=2.0264 acc=0.2541
  alpha=1.3 seed=43  no-MAC adam_ota     round   57/100 loss=2.0497 acc=0.2472
  alpha=1.3 seed=43  no-MAC adam_ota     round   58/100 loss=2.0773 acc=0.2435
  alpha=1.3 seed=43  no-MAC adam_ota     round   59/100 loss=2.0691 acc=0.2433
  alpha=1.3 seed=43  no-MAC adam_ota     round   60/100 loss=2.0776 acc=0.2433
  alpha=1.3 seed=43  no-MAC adam_ota     round   61/100 loss=2.0723 acc=0.2512
  alpha=1.3 seed=43  no-MAC adam_ota     round   62/100 loss=2.0357 acc=0.2586
  alpha=1.3 seed=43  no-MAC adam_ota     round   63/100 loss=2.0162 acc=0.2593
  alpha=1.3 seed=43  no-MAC adam_ota     round   64/100 loss=1.9957 acc=0.2620
  alpha=1.3 seed=43  no-MAC adam_ota     round   65/100 loss=1.9865 acc=0.2672
  alpha=1.3 seed=43  no-MAC adam_ota     round   66/100 loss=1.9950 acc=0.2630
  alpha=1.3 seed=43  no-MAC adam_ota     round   67/100 loss=2.0375 acc=0.2538
  alpha=1.3 seed=43  no-MAC adam_ota     round   68/100 loss=2.0400 acc=0.2556
  alpha=1.3 seed=43  no-MAC adam_ota     round   69/100 loss=2.0526 acc=0.2537
  alpha=1.3 seed=43  no-MAC adam_ota     round   70/100 loss=2.0843 acc=0.2549
  alpha=1.3 seed=43  no-MAC adam_ota     round   71/100 loss=2.0903 acc=0.2545
  alpha=1.3 seed=43  no-MAC adam_ota     round   72/100 loss=2.1056 acc=0.2547
  alpha=1.3 seed=43  no-MAC adam_ota     round   73/100 loss=2.1195 acc=0.2518
  alpha=1.3 seed=43  no-MAC adam_ota     round   74/100 loss=2.1137 acc=0.2478
  alpha=1.3 seed=43  no-MAC adam_ota     round   75/100 loss=2.0950 acc=0.2505
  alpha=1.3 seed=43  no-MAC adam_ota     round   76/100 loss=2.0934 acc=0.2557
  alpha=1.3 seed=43  no-MAC adam_ota     round   77/100 loss=2.0802 acc=0.2600
  alpha=1.3 seed=43  no-MAC adam_ota     round   78/100 loss=2.0587 acc=0.2660
  alpha=1.3 seed=43  no-MAC adam_ota     round   79/100 loss=2.0420 acc=0.2721
  alpha=1.3 seed=43  no-MAC adam_ota     round   80/100 loss=2.0329 acc=0.2726
  alpha=1.3 seed=43  no-MAC adam_ota     round   81/100 loss=2.0437 acc=0.2675
  alpha=1.3 seed=43  no-MAC adam_ota     round   82/100 loss=2.0999 acc=0.2600
  alpha=1.3 seed=43  no-MAC adam_ota     round   83/100 loss=2.1033 acc=0.2567
  alpha=1.3 seed=43  no-MAC adam_ota     round   84/100 loss=2.0795 acc=0.2601
  alpha=1.3 seed=43  no-MAC adam_ota     round   85/100 loss=2.0482 acc=0.2661
  alpha=1.3 seed=43  no-MAC adam_ota     round   86/100 loss=2.0270 acc=0.2682
  alpha=1.3 seed=43  no-MAC adam_ota     round   87/100 loss=2.0396 acc=0.2715
  alpha=1.3 seed=43  no-MAC adam_ota     round   88/100 loss=2.0565 acc=0.2703
  alpha=1.3 seed=43  no-MAC adam_ota     round   89/100 loss=2.0456 acc=0.2756
  alpha=1.3 seed=43  no-MAC adam_ota     round   90/100 loss=2.0262 acc=0.2756
  alpha=1.3 seed=43  no-MAC adam_ota     round   91/100 loss=2.0185 acc=0.2798
  alpha=1.3 seed=43  no-MAC adam_ota     round   92/100 loss=2.0130 acc=0.2724
  alpha=1.3 seed=43  no-MAC adam_ota     round   93/100 loss=2.0084 acc=0.2701
  alpha=1.3 seed=43  no-MAC adam_ota     round   94/100 loss=2.0081 acc=0.2645
  alpha=1.3 seed=43  no-MAC adam_ota     round   95/100 loss=2.0056 acc=0.2611
  alpha=1.3 seed=43  no-MAC adam_ota     round   96/100 loss=2.0212 acc=0.2618
  alpha=1.3 seed=43  no-MAC adam_ota     round   97/100 loss=2.0092 acc=0.2630
  alpha=1.3 seed=43  no-MAC adam_ota     round   98/100 loss=1.9984 acc=0.2694
  alpha=1.3 seed=43  no-MAC adam_ota     round   99/100 loss=1.9803 acc=0.2738
  alpha=1.3 seed=43  no-MAC adam_ota     round  100/100 loss=1.9756 acc=0.2757
  alpha=1.3 seed=44  no-MAC adam_ota     round    1/100 loss=3.2630 acc=0.1014
  alpha=1.3 seed=44  no-MAC adam_ota     round    2/100 loss=2.8891 acc=0.1246
  alpha=1.3 seed=44  no-MAC adam_ota     round    3/100 loss=5.9890 acc=0.1003
  alpha=1.3 seed=44  no-MAC adam_ota     round    4/100 loss=6.4727 acc=0.1000
  alpha=1.3 seed=44  no-MAC adam_ota     round    5/100 loss=4.5528 acc=0.1087
  alpha=1.3 seed=44  no-MAC adam_ota     round    6/100 loss=4.2004 acc=0.1243
  alpha=1.3 seed=44  no-MAC adam_ota     round    7/100 loss=4.7863 acc=0.1027
  alpha=1.3 seed=44  no-MAC adam_ota     round    8/100 loss=3.4888 acc=0.1294
  alpha=1.3 seed=44  no-MAC adam_ota     round    9/100 loss=3.2477 acc=0.1512
  alpha=1.3 seed=44  no-MAC adam_ota     round   10/100 loss=3.7632 acc=0.1122
  alpha=1.3 seed=44  no-MAC adam_ota     round   11/100 loss=4.1976 acc=0.1040
  alpha=1.3 seed=44  no-MAC adam_ota     round   12/100 loss=3.9256 acc=0.1090
  alpha=1.3 seed=44  no-MAC adam_ota     round   13/100 loss=3.1949 acc=0.1306
  alpha=1.3 seed=44  no-MAC adam_ota     round   14/100 loss=2.6220 acc=0.1902
  alpha=1.3 seed=44  no-MAC adam_ota     round   15/100 loss=2.5299 acc=0.1541
  alpha=1.3 seed=44  no-MAC adam_ota     round   16/100 loss=2.4229 acc=0.1646
  alpha=1.3 seed=44  no-MAC adam_ota     round   17/100 loss=2.2571 acc=0.2159
  alpha=1.3 seed=44  no-MAC adam_ota     round   18/100 loss=2.2744 acc=0.2127
  alpha=1.3 seed=44  no-MAC adam_ota     round   19/100 loss=2.5449 acc=0.1545
  alpha=1.3 seed=44  no-MAC adam_ota     round   20/100 loss=2.7526 acc=0.1393
  alpha=1.3 seed=44  no-MAC adam_ota     round   21/100 loss=2.8335 acc=0.1430
  alpha=1.3 seed=44  no-MAC adam_ota     round   22/100 loss=2.7582 acc=0.1688
  alpha=1.3 seed=44  no-MAC adam_ota     round   23/100 loss=2.6835 acc=0.1885
  alpha=1.3 seed=44  no-MAC adam_ota     round   24/100 loss=2.6679 acc=0.1839
  alpha=1.3 seed=44  no-MAC adam_ota     round   25/100 loss=2.5222 acc=0.1911
  alpha=1.3 seed=44  no-MAC adam_ota     round   26/100 loss=2.3041 acc=0.2212
  alpha=1.3 seed=44  no-MAC adam_ota     round   27/100 loss=2.2774 acc=0.2161
  alpha=1.3 seed=44  no-MAC adam_ota     round   28/100 loss=2.2689 acc=0.2029
  alpha=1.3 seed=44  no-MAC adam_ota     round   29/100 loss=2.3248 acc=0.1901
  alpha=1.3 seed=44  no-MAC adam_ota     round   30/100 loss=2.3739 acc=0.1939
  alpha=1.3 seed=44  no-MAC adam_ota     round   31/100 loss=2.3879 acc=0.1983
  alpha=1.3 seed=44  no-MAC adam_ota     round   32/100 loss=2.2977 acc=0.2228
  alpha=1.3 seed=44  no-MAC adam_ota     round   33/100 loss=2.3006 acc=0.2226
  alpha=1.3 seed=44  no-MAC adam_ota     round   34/100 loss=2.2630 acc=0.2308
  alpha=1.3 seed=44  no-MAC adam_ota     round   35/100 loss=2.2640 acc=0.2330
  alpha=1.3 seed=44  no-MAC adam_ota     round   36/100 loss=2.1815 acc=0.2470
  alpha=1.3 seed=44  no-MAC adam_ota     round   37/100 loss=2.1707 acc=0.2472
  alpha=1.3 seed=44  no-MAC adam_ota     round   38/100 loss=2.1996 acc=0.2356
  alpha=1.3 seed=44  no-MAC adam_ota     round   39/100 loss=2.2088 acc=0.2366
  alpha=1.3 seed=44  no-MAC adam_ota     round   40/100 loss=2.1841 acc=0.2412
  alpha=1.3 seed=44  no-MAC adam_ota     round   41/100 loss=2.1422 acc=0.2449
  alpha=1.3 seed=44  no-MAC adam_ota     round   42/100 loss=2.1899 acc=0.2324
  alpha=1.3 seed=44  no-MAC adam_ota     round   43/100 loss=2.1962 acc=0.2316
  alpha=1.3 seed=44  no-MAC adam_ota     round   44/100 loss=2.1732 acc=0.2392
  alpha=1.3 seed=44  no-MAC adam_ota     round   45/100 loss=2.1777 acc=0.2477
  alpha=1.3 seed=44  no-MAC adam_ota     round   46/100 loss=2.1627 acc=0.2503
  alpha=1.3 seed=44  no-MAC adam_ota     round   47/100 loss=2.1288 acc=0.2480
  alpha=1.3 seed=44  no-MAC adam_ota     round   48/100 loss=2.0767 acc=0.2553
  alpha=1.3 seed=44  no-MAC adam_ota     round   49/100 loss=2.0269 acc=0.2572
  alpha=1.3 seed=44  no-MAC adam_ota     round   50/100 loss=2.0329 acc=0.2538
  alpha=1.3 seed=44  no-MAC adam_ota     round   51/100 loss=2.0360 acc=0.2520
  alpha=1.3 seed=44  no-MAC adam_ota     round   52/100 loss=2.0247 acc=0.2612
  alpha=1.3 seed=44  no-MAC adam_ota     round   53/100 loss=2.0210 acc=0.2671
  alpha=1.3 seed=44  no-MAC adam_ota     round   54/100 loss=2.0012 acc=0.2757
  alpha=1.3 seed=44  no-MAC adam_ota     round   55/100 loss=1.9802 acc=0.2794
  alpha=1.3 seed=44  no-MAC adam_ota     round   56/100 loss=1.9639 acc=0.2789
  alpha=1.3 seed=44  no-MAC adam_ota     round   57/100 loss=1.9642 acc=0.2765
  alpha=1.3 seed=44  no-MAC adam_ota     round   58/100 loss=1.9809 acc=0.2711
  alpha=1.3 seed=44  no-MAC adam_ota     round   59/100 loss=2.0011 acc=0.2691
  alpha=1.3 seed=44  no-MAC adam_ota     round   60/100 loss=2.0124 acc=0.2658
  alpha=1.3 seed=44  no-MAC adam_ota     round   61/100 loss=2.0472 acc=0.2595
  alpha=1.3 seed=44  no-MAC adam_ota     round   62/100 loss=2.0769 acc=0.2556
  alpha=1.3 seed=44  no-MAC adam_ota     round   63/100 loss=2.0827 acc=0.2538
  alpha=1.3 seed=44  no-MAC adam_ota     round   64/100 loss=2.0780 acc=0.2574
  alpha=1.3 seed=44  no-MAC adam_ota     round   65/100 loss=2.0394 acc=0.2633
  alpha=1.3 seed=44  no-MAC adam_ota     round   66/100 loss=2.0062 acc=0.2652
  alpha=1.3 seed=44  no-MAC adam_ota     round   67/100 loss=1.9722 acc=0.2637
  alpha=1.3 seed=44  no-MAC adam_ota     round   68/100 loss=1.9758 acc=0.2576
  alpha=1.3 seed=44  no-MAC adam_ota     round   69/100 loss=2.0063 acc=0.2528
  alpha=1.3 seed=44  no-MAC adam_ota     round   70/100 loss=2.0292 acc=0.2532
  alpha=1.3 seed=44  no-MAC adam_ota     round   71/100 loss=2.0397 acc=0.2553
  alpha=1.3 seed=44  no-MAC adam_ota     round   72/100 loss=2.0562 acc=0.2554
  alpha=1.3 seed=44  no-MAC adam_ota     round   73/100 loss=2.0572 acc=0.2533
  alpha=1.3 seed=44  no-MAC adam_ota     round   74/100 loss=2.0478 acc=0.2576
  alpha=1.3 seed=44  no-MAC adam_ota     round   75/100 loss=2.0428 acc=0.2554
  alpha=1.3 seed=44  no-MAC adam_ota     round   76/100 loss=2.0293 acc=0.2546
  alpha=1.3 seed=44  no-MAC adam_ota     round   77/100 loss=2.0191 acc=0.2571
  alpha=1.3 seed=44  no-MAC adam_ota     round   78/100 loss=2.0231 acc=0.2598
  alpha=1.3 seed=44  no-MAC adam_ota     round   79/100 loss=2.0301 acc=0.2618
  alpha=1.3 seed=44  no-MAC adam_ota     round   80/100 loss=2.0440 acc=0.2547
  alpha=1.3 seed=44  no-MAC adam_ota     round   81/100 loss=2.0347 acc=0.2510
  alpha=1.3 seed=44  no-MAC adam_ota     round   82/100 loss=2.0322 acc=0.2533
  alpha=1.3 seed=44  no-MAC adam_ota     round   83/100 loss=1.9978 acc=0.2628
  alpha=1.3 seed=44  no-MAC adam_ota     round   84/100 loss=1.9765 acc=0.2677
  alpha=1.3 seed=44  no-MAC adam_ota     round   85/100 loss=1.9646 acc=0.2695
  alpha=1.3 seed=44  no-MAC adam_ota     round   86/100 loss=1.9667 acc=0.2723
  alpha=1.3 seed=44  no-MAC adam_ota     round   87/100 loss=1.9860 acc=0.2720
  alpha=1.3 seed=44  no-MAC adam_ota     round   88/100 loss=2.0089 acc=0.2683
  alpha=1.3 seed=44  no-MAC adam_ota     round   89/100 loss=2.0124 acc=0.2669
  alpha=1.3 seed=44  no-MAC adam_ota     round   90/100 loss=2.0061 acc=0.2687
  alpha=1.3 seed=44  no-MAC adam_ota     round   91/100 loss=1.9873 acc=0.2756
  alpha=1.3 seed=44  no-MAC adam_ota     round   92/100 loss=1.9754 acc=0.2737
  alpha=1.3 seed=44  no-MAC adam_ota     round   93/100 loss=1.9763 acc=0.2750
  alpha=1.3 seed=44  no-MAC adam_ota     round   94/100 loss=1.9687 acc=0.2780
  alpha=1.3 seed=44  no-MAC adam_ota     round   95/100 loss=1.9759 acc=0.2788
  alpha=1.3 seed=44  no-MAC adam_ota     round   96/100 loss=2.0111 acc=0.2749
  alpha=1.3 seed=44  no-MAC adam_ota     round   97/100 loss=2.0594 acc=0.2710
  alpha=1.3 seed=44  no-MAC adam_ota     round   98/100 loss=2.0681 acc=0.2639
  alpha=1.3 seed=44  no-MAC adam_ota     round   99/100 loss=2.0364 acc=0.2693
  alpha=1.3 seed=44  no-MAC adam_ota     round  100/100 loss=2.0119 acc=0.2741
  alpha=1.5 seed=42  no-MAC fedavg       round    1/100 loss=2.3313 acc=0.0886
  alpha=1.5 seed=44  no-MAC fedavg       round    1/100 loss=2.2935 acc=0.1176
  alpha=1.5 seed=44  no-MAC fedavg       round    2/100 loss=2.3159 acc=0.1393
  alpha=1.5 seed=44  no-MAC fedavg       round    3/100 loss=231597417323481268224.0000 acc=0.1000
  alpha=1.5 seed=42  no-MAC fedavgm      round    1/100 loss=2.3313 acc=0.0886
  alpha=1.5 seed=44  no-MAC fedavgm      round    1/100 loss=2.2935 acc=0.1176
  alpha=1.5 seed=44  no-MAC fedavgm      round    2/100 loss=2.3731 acc=0.1326
  alpha=1.5 seed=44  no-MAC fedavgm      round    3/100 loss=434138735751074938880.0000 acc=0.1000
  alpha=1.5 seed=42  no-MAC adagrad_ota  round    1/100 loss=2.7891 acc=0.1003
  alpha=1.5 seed=42  no-MAC adagrad_ota  round    2/100 loss=3.0862 acc=0.1000
  alpha=1.5 seed=42  no-MAC adagrad_ota  round    3/100 loss=4.5948 acc=0.1000
  alpha=1.5 seed=42  no-MAC adagrad_ota  round    4/100 loss=2.9761 acc=0.1146
  alpha=1.5 seed=42  no-MAC adagrad_ota  round    5/100 loss=2.6147 acc=0.1404
  alpha=1.5 seed=42  no-MAC adagrad_ota  round    6/100 loss=3.4750 acc=0.1104
  alpha=1.5 seed=42  no-MAC adagrad_ota  round    7/100 loss=3.0619 acc=0.1337
  alpha=1.5 seed=42  no-MAC adagrad_ota  round    8/100 loss=2.7995 acc=0.1831
  alpha=1.5 seed=42  no-MAC adagrad_ota  round    9/100 loss=3.0812 acc=0.1212
  alpha=1.5 seed=42  no-MAC adagrad_ota  round   10/100 loss=2.8600 acc=0.1265
  alpha=1.5 seed=42  no-MAC adagrad_ota  round   11/100 loss=2.4191 acc=0.1724
  alpha=1.5 seed=42  no-MAC adagrad_ota  round   12/100 loss=2.1863 acc=0.1947
  alpha=1.5 seed=42  no-MAC adagrad_ota  round   13/100 loss=2.1461 acc=0.2158
  alpha=1.5 seed=42  no-MAC adagrad_ota  round   14/100 loss=2.0780 acc=0.2331
  alpha=1.5 seed=42  no-MAC adagrad_ota  round   15/100 loss=1.9816 acc=0.2615
  alpha=1.5 seed=42  no-MAC adagrad_ota  round   16/100 loss=1.9567 acc=0.2659
  alpha=1.5 seed=42  no-MAC adagrad_ota  round   17/100 loss=1.9786 acc=0.2465
  alpha=1.5 seed=42  no-MAC adagrad_ota  round   18/100 loss=1.9842 acc=0.2415
  alpha=1.5 seed=42  no-MAC adagrad_ota  round   19/100 loss=1.9489 acc=0.2723
  alpha=1.5 seed=42  no-MAC adagrad_ota  round   20/100 loss=1.9288 acc=0.2800
  alpha=1.5 seed=42  no-MAC adagrad_ota  round   21/100 loss=1.9000 acc=0.2790
  alpha=1.5 seed=42  no-MAC adagrad_ota  round   22/100 loss=1.8794 acc=0.2836
  alpha=1.5 seed=42  no-MAC adagrad_ota  round   23/100 loss=1.8642 acc=0.2955
  alpha=1.5 seed=42  no-MAC adagrad_ota  round   24/100 loss=1.8331 acc=0.3081
  alpha=1.5 seed=42  no-MAC adagrad_ota  round   25/100 loss=1.8173 acc=0.3191
  alpha=1.5 seed=42  no-MAC adagrad_ota  round   26/100 loss=1.8121 acc=0.3233
  alpha=1.5 seed=42  no-MAC adagrad_ota  round   27/100 loss=1.8262 acc=0.3096
  alpha=1.5 seed=42  no-MAC adagrad_ota  round   28/100 loss=1.8403 acc=0.3048
  alpha=1.5 seed=42  no-MAC adagrad_ota  round   29/100 loss=1.8331 acc=0.3076
  alpha=1.5 seed=42  no-MAC adagrad_ota  round   30/100 loss=1.8197 acc=0.3175
  alpha=1.5 seed=42  no-MAC adagrad_ota  round   31/100 loss=1.8050 acc=0.3242
  alpha=1.5 seed=42  no-MAC adagrad_ota  round   32/100 loss=1.7945 acc=0.3269
  alpha=1.5 seed=42  no-MAC adagrad_ota  round   33/100 loss=1.7893 acc=0.3296
  alpha=1.5 seed=42  no-MAC adagrad_ota  round   34/100 loss=1.7816 acc=0.3316
  alpha=1.5 seed=42  no-MAC adagrad_ota  round   35/100 loss=1.7782 acc=0.3309
  alpha=1.5 seed=42  no-MAC adagrad_ota  round   36/100 loss=1.7708 acc=0.3341
  alpha=1.5 seed=42  no-MAC adagrad_ota  round   37/100 loss=1.7644 acc=0.3334
  alpha=1.5 seed=42  no-MAC adagrad_ota  round   38/100 loss=1.7601 acc=0.3367
  alpha=1.5 seed=42  no-MAC adagrad_ota  round   39/100 loss=1.7574 acc=0.3433
  alpha=1.5 seed=42  no-MAC adagrad_ota  round   40/100 loss=1.7565 acc=0.3430
  alpha=1.5 seed=42  no-MAC adagrad_ota  round   41/100 loss=1.7584 acc=0.3433
  alpha=1.5 seed=42  no-MAC adagrad_ota  round   42/100 loss=1.7588 acc=0.3466
  alpha=1.5 seed=42  no-MAC adagrad_ota  round   43/100 loss=1.7598 acc=0.3449
  alpha=1.5 seed=42  no-MAC adagrad_ota  round   44/100 loss=1.7571 acc=0.3437
  alpha=1.5 seed=42  no-MAC adagrad_ota  round   45/100 loss=1.7537 acc=0.3442
  alpha=1.5 seed=42  no-MAC adagrad_ota  round   46/100 loss=1.7505 acc=0.3443
  alpha=1.5 seed=42  no-MAC adagrad_ota  round   47/100 loss=1.7445 acc=0.3506
  alpha=1.5 seed=42  no-MAC adagrad_ota  round   48/100 loss=1.7387 acc=0.3492
  alpha=1.5 seed=42  no-MAC adagrad_ota  round   49/100 loss=1.7353 acc=0.3492
  alpha=1.5 seed=42  no-MAC adagrad_ota  round   50/100 loss=1.7330 acc=0.3530
  alpha=1.5 seed=42  no-MAC adagrad_ota  round   51/100 loss=1.7302 acc=0.3528
  alpha=1.5 seed=42  no-MAC adagrad_ota  round   52/100 loss=1.7254 acc=0.3591
  alpha=1.5 seed=42  no-MAC adagrad_ota  round   53/100 loss=1.7241 acc=0.3602
  alpha=1.5 seed=42  no-MAC adagrad_ota  round   54/100 loss=1.7213 acc=0.3589
  alpha=1.5 seed=42  no-MAC adagrad_ota  round   55/100 loss=1.7190 acc=0.3572
  alpha=1.5 seed=42  no-MAC adagrad_ota  round   56/100 loss=1.7183 acc=0.3562
  alpha=1.5 seed=42  no-MAC adagrad_ota  round   57/100 loss=1.7167 acc=0.3580
  alpha=1.5 seed=42  no-MAC adagrad_ota  round   58/100 loss=1.7172 acc=0.3568
  alpha=1.5 seed=42  no-MAC adagrad_ota  round   59/100 loss=1.7172 acc=0.3541
  alpha=1.5 seed=42  no-MAC adagrad_ota  round   60/100 loss=1.7199 acc=0.3550
  alpha=1.5 seed=42  no-MAC adagrad_ota  round   61/100 loss=1.7235 acc=0.3493
  alpha=1.5 seed=42  no-MAC adagrad_ota  round   62/100 loss=1.7249 acc=0.3490
  alpha=1.5 seed=42  no-MAC adagrad_ota  round   63/100 loss=1.7257 acc=0.3472
  alpha=1.5 seed=42  no-MAC adagrad_ota  round   64/100 loss=1.7228 acc=0.3470
  alpha=1.5 seed=42  no-MAC adagrad_ota  round   65/100 loss=1.7160 acc=0.3488
  alpha=1.5 seed=42  no-MAC adagrad_ota  round   66/100 loss=1.7099 acc=0.3496
  alpha=1.5 seed=42  no-MAC adagrad_ota  round   67/100 loss=1.7056 acc=0.3508
  alpha=1.5 seed=42  no-MAC adagrad_ota  round   68/100 loss=1.6988 acc=0.3566
  alpha=1.5 seed=42  no-MAC adagrad_ota  round   69/100 loss=1.6922 acc=0.3612
  alpha=1.5 seed=42  no-MAC adagrad_ota  round   70/100 loss=1.6886 acc=0.3609
  alpha=1.5 seed=42  no-MAC adagrad_ota  round   71/100 loss=1.6871 acc=0.3643
  alpha=1.5 seed=42  no-MAC adagrad_ota  round   72/100 loss=1.6858 acc=0.3658
  alpha=1.5 seed=42  no-MAC adagrad_ota  round   73/100 loss=1.6839 acc=0.3675
  alpha=1.5 seed=42  no-MAC adagrad_ota  round   74/100 loss=1.6815 acc=0.3683
  alpha=1.5 seed=42  no-MAC adagrad_ota  round   75/100 loss=1.6812 acc=0.3675
  alpha=1.5 seed=42  no-MAC adagrad_ota  round   76/100 loss=1.6823 acc=0.3671
  alpha=1.5 seed=42  no-MAC adagrad_ota  round   77/100 loss=1.6823 acc=0.3682
  alpha=1.5 seed=42  no-MAC adagrad_ota  round   78/100 loss=1.6809 acc=0.3710
  alpha=1.5 seed=42  no-MAC adagrad_ota  round   79/100 loss=1.6817 acc=0.3693
  alpha=1.5 seed=42  no-MAC adagrad_ota  round   80/100 loss=1.6821 acc=0.3677
  alpha=1.5 seed=42  no-MAC adagrad_ota  round   81/100 loss=1.6816 acc=0.3665
  alpha=1.5 seed=42  no-MAC adagrad_ota  round   82/100 loss=1.6812 acc=0.3660
  alpha=1.5 seed=42  no-MAC adagrad_ota  round   83/100 loss=1.6804 acc=0.3652
  alpha=1.5 seed=42  no-MAC adagrad_ota  round   84/100 loss=1.6799 acc=0.3637
  alpha=1.5 seed=42  no-MAC adagrad_ota  round   85/100 loss=1.6777 acc=0.3668
  alpha=1.5 seed=42  no-MAC adagrad_ota  round   86/100 loss=1.6762 acc=0.3675
  alpha=1.5 seed=42  no-MAC adagrad_ota  round   87/100 loss=1.6736 acc=0.3714
  alpha=1.5 seed=42  no-MAC adagrad_ota  round   88/100 loss=1.6719 acc=0.3721
  alpha=1.5 seed=42  no-MAC adagrad_ota  round   89/100 loss=1.6697 acc=0.3716
  alpha=1.5 seed=42  no-MAC adagrad_ota  round   90/100 loss=1.6667 acc=0.3702
  alpha=1.5 seed=42  no-MAC adagrad_ota  round   91/100 loss=1.6669 acc=0.3693
  alpha=1.5 seed=42  no-MAC adagrad_ota  round   92/100 loss=1.6656 acc=0.3709
  alpha=1.5 seed=42  no-MAC adagrad_ota  round   93/100 loss=1.6649 acc=0.3713
  alpha=1.5 seed=42  no-MAC adagrad_ota  round   94/100 loss=1.6622 acc=0.3733
  alpha=1.5 seed=42  no-MAC adagrad_ota  round   95/100 loss=1.6594 acc=0.3756
  alpha=1.5 seed=42  no-MAC adagrad_ota  round   96/100 loss=1.6571 acc=0.3745
  alpha=1.5 seed=42  no-MAC adagrad_ota  round   97/100 loss=1.6551 acc=0.3776
  alpha=1.5 seed=42  no-MAC adagrad_ota  round   98/100 loss=1.6542 acc=0.3806
  alpha=1.5 seed=42  no-MAC adagrad_ota  round   99/100 loss=1.6539 acc=0.3808
  alpha=1.5 seed=42  no-MAC adagrad_ota  round  100/100 loss=1.6554 acc=0.3787
  alpha=1.5 seed=43  no-MAC adagrad_ota  round    1/100 loss=3.0869 acc=0.1023
  alpha=1.5 seed=43  no-MAC adagrad_ota  round    2/100 loss=2.8750 acc=0.1001
  alpha=1.5 seed=43  no-MAC adagrad_ota  round    3/100 loss=2.9313 acc=0.1443
  alpha=1.5 seed=43  no-MAC adagrad_ota  round    4/100 loss=3.4269 acc=0.1399
  alpha=1.5 seed=43  no-MAC adagrad_ota  round    5/100 loss=4.5339 acc=0.1028
  alpha=1.5 seed=43  no-MAC adagrad_ota  round    6/100 loss=3.4366 acc=0.1218
  alpha=1.5 seed=43  no-MAC adagrad_ota  round    7/100 loss=2.6253 acc=0.1505
  alpha=1.5 seed=43  no-MAC adagrad_ota  round    8/100 loss=2.5383 acc=0.1677
  alpha=1.5 seed=43  no-MAC adagrad_ota  round    9/100 loss=2.3521 acc=0.1857
  alpha=1.5 seed=43  no-MAC adagrad_ota  round   10/100 loss=2.1491 acc=0.2271
  alpha=1.5 seed=43  no-MAC adagrad_ota  round   11/100 loss=2.1260 acc=0.2309
  alpha=1.5 seed=43  no-MAC adagrad_ota  round   12/100 loss=2.0951 acc=0.2448
  alpha=1.5 seed=43  no-MAC adagrad_ota  round   13/100 loss=2.0153 acc=0.2666
  alpha=1.5 seed=43  no-MAC adagrad_ota  round   14/100 loss=1.9451 acc=0.2650
  alpha=1.5 seed=43  no-MAC adagrad_ota  round   15/100 loss=1.9461 acc=0.2462
  alpha=1.5 seed=43  no-MAC adagrad_ota  round   16/100 loss=1.9495 acc=0.2421
  alpha=1.5 seed=43  no-MAC adagrad_ota  round   17/100 loss=1.8997 acc=0.2647
  alpha=1.5 seed=43  no-MAC adagrad_ota  round   18/100 loss=1.8711 acc=0.2823
  alpha=1.5 seed=43  no-MAC adagrad_ota  round   19/100 loss=1.8621 acc=0.2904
  alpha=1.5 seed=43  no-MAC adagrad_ota  round   20/100 loss=1.8515 acc=0.2951
  alpha=1.5 seed=43  no-MAC adagrad_ota  round   21/100 loss=1.8389 acc=0.3004
  alpha=1.5 seed=43  no-MAC adagrad_ota  round   22/100 loss=1.8314 acc=0.3036
  alpha=1.5 seed=43  no-MAC adagrad_ota  round   23/100 loss=1.8387 acc=0.2958
  alpha=1.5 seed=43  no-MAC adagrad_ota  round   24/100 loss=1.8487 acc=0.2854
  alpha=1.5 seed=43  no-MAC adagrad_ota  round   25/100 loss=1.8458 acc=0.2862
  alpha=1.5 seed=43  no-MAC adagrad_ota  round   26/100 loss=1.8255 acc=0.2917
  alpha=1.5 seed=43  no-MAC adagrad_ota  round   27/100 loss=1.8086 acc=0.3030
  alpha=1.5 seed=43  no-MAC adagrad_ota  round   28/100 loss=1.7955 acc=0.3101
  alpha=1.5 seed=43  no-MAC adagrad_ota  round   29/100 loss=1.7879 acc=0.3171
  alpha=1.5 seed=43  no-MAC adagrad_ota  round   30/100 loss=1.7777 acc=0.3297
  alpha=1.5 seed=43  no-MAC adagrad_ota  round   31/100 loss=1.7761 acc=0.3302
  alpha=1.5 seed=43  no-MAC adagrad_ota  round   32/100 loss=1.7685 acc=0.3356
  alpha=1.5 seed=43  no-MAC adagrad_ota  round   33/100 loss=1.7699 acc=0.3336
  alpha=1.5 seed=43  no-MAC adagrad_ota  round   34/100 loss=1.7829 acc=0.3248
  alpha=1.5 seed=43  no-MAC adagrad_ota  round   35/100 loss=1.7840 acc=0.3205
  alpha=1.5 seed=43  no-MAC adagrad_ota  round   36/100 loss=1.7764 acc=0.3224
  alpha=1.5 seed=43  no-MAC adagrad_ota  round   37/100 loss=1.7695 acc=0.3253
  alpha=1.5 seed=43  no-MAC adagrad_ota  round   38/100 loss=1.7634 acc=0.3265
  alpha=1.5 seed=43  no-MAC adagrad_ota  round   39/100 loss=1.7568 acc=0.3292
  alpha=1.5 seed=43  no-MAC adagrad_ota  round   40/100 loss=1.7478 acc=0.3343
  alpha=1.5 seed=43  no-MAC adagrad_ota  round   41/100 loss=1.7403 acc=0.3376
  alpha=1.5 seed=43  no-MAC adagrad_ota  round   42/100 loss=1.7326 acc=0.3387
  alpha=1.5 seed=43  no-MAC adagrad_ota  round   43/100 loss=1.7293 acc=0.3413
  alpha=1.5 seed=43  no-MAC adagrad_ota  round   44/100 loss=1.7232 acc=0.3470
  alpha=1.5 seed=43  no-MAC adagrad_ota  round   45/100 loss=1.7239 acc=0.3452
  alpha=1.5 seed=43  no-MAC adagrad_ota  round   46/100 loss=1.7244 acc=0.3465
  alpha=1.5 seed=43  no-MAC adagrad_ota  round   47/100 loss=1.7241 acc=0.3443
  alpha=1.5 seed=43  no-MAC adagrad_ota  round   48/100 loss=1.7218 acc=0.3442
  alpha=1.5 seed=43  no-MAC adagrad_ota  round   49/100 loss=1.7226 acc=0.3415
  alpha=1.5 seed=43  no-MAC adagrad_ota  round   50/100 loss=1.7180 acc=0.3418
  alpha=1.5 seed=43  no-MAC adagrad_ota  round   51/100 loss=1.7160 acc=0.3432
  alpha=1.5 seed=43  no-MAC adagrad_ota  round   52/100 loss=1.7147 acc=0.3428
  alpha=1.5 seed=43  no-MAC adagrad_ota  round   53/100 loss=1.7133 acc=0.3458
  alpha=1.5 seed=43  no-MAC adagrad_ota  round   54/100 loss=1.7131 acc=0.3483
  alpha=1.5 seed=43  no-MAC adagrad_ota  round   55/100 loss=1.7125 acc=0.3469
  alpha=1.5 seed=43  no-MAC adagrad_ota  round   56/100 loss=1.7120 acc=0.3475
  alpha=1.5 seed=43  no-MAC adagrad_ota  round   57/100 loss=1.7126 acc=0.3475
  alpha=1.5 seed=43  no-MAC adagrad_ota  round   58/100 loss=1.7136 acc=0.3446
  alpha=1.5 seed=43  no-MAC adagrad_ota  round   59/100 loss=1.7113 acc=0.3475
  alpha=1.5 seed=43  no-MAC adagrad_ota  round   60/100 loss=1.7094 acc=0.3504
  alpha=1.5 seed=43  no-MAC adagrad_ota  round   61/100 loss=1.7090 acc=0.3521
  alpha=1.5 seed=43  no-MAC adagrad_ota  round   62/100 loss=1.7060 acc=0.3544
  alpha=1.5 seed=43  no-MAC adagrad_ota  round   63/100 loss=1.7039 acc=0.3556
  alpha=1.5 seed=43  no-MAC adagrad_ota  round   64/100 loss=1.7035 acc=0.3550
  alpha=1.5 seed=43  no-MAC adagrad_ota  round   65/100 loss=1.7009 acc=0.3568
  alpha=1.5 seed=43  no-MAC adagrad_ota  round   66/100 loss=1.6990 acc=0.3577
  alpha=1.5 seed=43  no-MAC adagrad_ota  round   67/100 loss=1.6938 acc=0.3595
  alpha=1.5 seed=43  no-MAC adagrad_ota  round   68/100 loss=1.6903 acc=0.3594
  alpha=1.5 seed=43  no-MAC adagrad_ota  round   69/100 loss=1.6905 acc=0.3625
  alpha=1.5 seed=43  no-MAC adagrad_ota  round   70/100 loss=1.6867 acc=0.3636
  alpha=1.5 seed=43  no-MAC adagrad_ota  round   71/100 loss=1.6843 acc=0.3648
  alpha=1.5 seed=43  no-MAC adagrad_ota  round   72/100 loss=1.6823 acc=0.3648
  alpha=1.5 seed=43  no-MAC adagrad_ota  round   73/100 loss=1.6795 acc=0.3634
  alpha=1.5 seed=43  no-MAC adagrad_ota  round   74/100 loss=1.6781 acc=0.3619
  alpha=1.5 seed=43  no-MAC adagrad_ota  round   75/100 loss=1.6772 acc=0.3604
  alpha=1.5 seed=43  no-MAC adagrad_ota  round   76/100 loss=1.6742 acc=0.3607
  alpha=1.5 seed=43  no-MAC adagrad_ota  round   77/100 loss=1.6785 acc=0.3547
  alpha=1.5 seed=43  no-MAC adagrad_ota  round   78/100 loss=1.6754 acc=0.3573
  alpha=1.5 seed=43  no-MAC adagrad_ota  round   79/100 loss=1.6734 acc=0.3590
  alpha=1.5 seed=43  no-MAC adagrad_ota  round   80/100 loss=1.6712 acc=0.3595
  alpha=1.5 seed=43  no-MAC adagrad_ota  round   81/100 loss=1.6729 acc=0.3600
  alpha=1.5 seed=43  no-MAC adagrad_ota  round   82/100 loss=1.6752 acc=0.3600
  alpha=1.5 seed=43  no-MAC adagrad_ota  round   83/100 loss=1.6739 acc=0.3641
  alpha=1.5 seed=43  no-MAC adagrad_ota  round   84/100 loss=1.6731 acc=0.3636
  alpha=1.5 seed=43  no-MAC adagrad_ota  round   85/100 loss=1.6693 acc=0.3651
  alpha=1.5 seed=43  no-MAC adagrad_ota  round   86/100 loss=1.6681 acc=0.3628
  alpha=1.5 seed=43  no-MAC adagrad_ota  round   87/100 loss=1.6674 acc=0.3622
  alpha=1.5 seed=43  no-MAC adagrad_ota  round   88/100 loss=1.6657 acc=0.3623
  alpha=1.5 seed=43  no-MAC adagrad_ota  round   89/100 loss=1.6643 acc=0.3664
  alpha=1.5 seed=43  no-MAC adagrad_ota  round   90/100 loss=1.6634 acc=0.3655
  alpha=1.5 seed=43  no-MAC adagrad_ota  round   91/100 loss=1.6646 acc=0.3662
  alpha=1.5 seed=43  no-MAC adagrad_ota  round   92/100 loss=1.6620 acc=0.3676
  alpha=1.5 seed=43  no-MAC adagrad_ota  round   93/100 loss=1.6606 acc=0.3689
  alpha=1.5 seed=43  no-MAC adagrad_ota  round   94/100 loss=1.6568 acc=0.3710
  alpha=1.5 seed=43  no-MAC adagrad_ota  round   95/100 loss=1.6560 acc=0.3721
  alpha=1.5 seed=43  no-MAC adagrad_ota  round   96/100 loss=1.6547 acc=0.3716
  alpha=1.5 seed=43  no-MAC adagrad_ota  round   97/100 loss=1.6546 acc=0.3689
  alpha=1.5 seed=43  no-MAC adagrad_ota  round   98/100 loss=1.6527 acc=0.3713
  alpha=1.5 seed=43  no-MAC adagrad_ota  round   99/100 loss=1.6535 acc=0.3685
  alpha=1.5 seed=43  no-MAC adagrad_ota  round  100/100 loss=1.6521 acc=0.3675
  alpha=1.5 seed=44  no-MAC adagrad_ota  round    1/100 loss=3.2019 acc=0.1058
  alpha=1.5 seed=44  no-MAC adagrad_ota  round    2/100 loss=3.1152 acc=0.1113
  alpha=1.5 seed=44  no-MAC adagrad_ota  round    3/100 loss=4.3309 acc=0.0999
  alpha=1.5 seed=44  no-MAC adagrad_ota  round    4/100 loss=3.0753 acc=0.1242
  alpha=1.5 seed=44  no-MAC adagrad_ota  round    5/100 loss=2.8868 acc=0.1349
  alpha=1.5 seed=44  no-MAC adagrad_ota  round    6/100 loss=2.5517 acc=0.1505
  alpha=1.5 seed=44  no-MAC adagrad_ota  round    7/100 loss=2.4228 acc=0.1857
  alpha=1.5 seed=44  no-MAC adagrad_ota  round    8/100 loss=2.8443 acc=0.1221
  alpha=1.5 seed=44  no-MAC adagrad_ota  round    9/100 loss=2.7401 acc=0.1251
  alpha=1.5 seed=44  no-MAC adagrad_ota  round   10/100 loss=2.4434 acc=0.1586
  alpha=1.5 seed=44  no-MAC adagrad_ota  round   11/100 loss=2.2180 acc=0.2079
  alpha=1.5 seed=44  no-MAC adagrad_ota  round   12/100 loss=2.1212 acc=0.2127
  alpha=1.5 seed=44  no-MAC adagrad_ota  round   13/100 loss=1.9896 acc=0.2499
  alpha=1.5 seed=44  no-MAC adagrad_ota  round   14/100 loss=1.9101 acc=0.2924
  alpha=1.5 seed=44  no-MAC adagrad_ota  round   15/100 loss=1.9074 acc=0.2929
  alpha=1.5 seed=44  no-MAC adagrad_ota  round   16/100 loss=1.9268 acc=0.2880
  alpha=1.5 seed=44  no-MAC adagrad_ota  round   17/100 loss=1.9352 acc=0.2818
  alpha=1.5 seed=44  no-MAC adagrad_ota  round   18/100 loss=1.9321 acc=0.2871
  alpha=1.5 seed=44  no-MAC adagrad_ota  round   19/100 loss=1.9491 acc=0.2761
  alpha=1.5 seed=44  no-MAC adagrad_ota  round   20/100 loss=1.9376 acc=0.2760
  alpha=1.5 seed=44  no-MAC adagrad_ota  round   21/100 loss=1.9248 acc=0.2816
  alpha=1.5 seed=44  no-MAC adagrad_ota  round   22/100 loss=1.9089 acc=0.2947
  alpha=1.5 seed=44  no-MAC adagrad_ota  round   23/100 loss=1.8914 acc=0.2968
  alpha=1.5 seed=44  no-MAC adagrad_ota  round   24/100 loss=1.8903 acc=0.2970
  alpha=1.5 seed=44  no-MAC adagrad_ota  round   25/100 loss=1.8743 acc=0.3026
  alpha=1.5 seed=44  no-MAC adagrad_ota  round   26/100 loss=1.8536 acc=0.3071
  alpha=1.5 seed=44  no-MAC adagrad_ota  round   27/100 loss=1.8443 acc=0.3105
  alpha=1.5 seed=44  no-MAC adagrad_ota  round   28/100 loss=1.8332 acc=0.3126
  alpha=1.5 seed=44  no-MAC adagrad_ota  round   29/100 loss=1.8256 acc=0.3158
  alpha=1.5 seed=44  no-MAC adagrad_ota  round   30/100 loss=1.8269 acc=0.3129
  alpha=1.5 seed=44  no-MAC adagrad_ota  round   31/100 loss=1.8171 acc=0.3169
  alpha=1.5 seed=44  no-MAC adagrad_ota  round   32/100 loss=1.7980 acc=0.3264
  alpha=1.5 seed=44  no-MAC adagrad_ota  round   33/100 loss=1.7951 acc=0.3343
  alpha=1.5 seed=44  no-MAC adagrad_ota  round   34/100 loss=1.7897 acc=0.3361
  alpha=1.5 seed=44  no-MAC adagrad_ota  round   35/100 loss=1.7914 acc=0.3344
  alpha=1.5 seed=44  no-MAC adagrad_ota  round   36/100 loss=1.7906 acc=0.3329
  alpha=1.5 seed=44  no-MAC adagrad_ota  round   37/100 loss=1.7810 acc=0.3345
  alpha=1.5 seed=44  no-MAC adagrad_ota  round   38/100 loss=1.7734 acc=0.3347
  alpha=1.5 seed=44  no-MAC adagrad_ota  round   39/100 loss=1.7642 acc=0.3377
  alpha=1.5 seed=44  no-MAC adagrad_ota  round   40/100 loss=1.7547 acc=0.3432
  alpha=1.5 seed=44  no-MAC adagrad_ota  round   41/100 loss=1.7515 acc=0.3459
  alpha=1.5 seed=44  no-MAC adagrad_ota  round   42/100 loss=1.7557 acc=0.3403
  alpha=1.5 seed=44  no-MAC adagrad_ota  round   43/100 loss=1.7532 acc=0.3380
  alpha=1.5 seed=44  no-MAC adagrad_ota  round   44/100 loss=1.7495 acc=0.3430
  alpha=1.5 seed=44  no-MAC adagrad_ota  round   45/100 loss=1.7480 acc=0.3445
  alpha=1.5 seed=44  no-MAC adagrad_ota  round   46/100 loss=1.7474 acc=0.3447
  alpha=1.5 seed=44  no-MAC adagrad_ota  round   47/100 loss=1.7468 acc=0.3448
  alpha=1.5 seed=44  no-MAC adagrad_ota  round   48/100 loss=1.7497 acc=0.3445
  alpha=1.5 seed=44  no-MAC adagrad_ota  round   49/100 loss=1.7402 acc=0.3498
  alpha=1.5 seed=44  no-MAC adagrad_ota  round   50/100 loss=1.7342 acc=0.3511
  alpha=1.5 seed=44  no-MAC adagrad_ota  round   51/100 loss=1.7289 acc=0.3552
  alpha=1.5 seed=44  no-MAC adagrad_ota  round   52/100 loss=1.7235 acc=0.3570
  alpha=1.5 seed=44  no-MAC adagrad_ota  round   53/100 loss=1.7188 acc=0.3615
  alpha=1.5 seed=44  no-MAC adagrad_ota  round   54/100 loss=1.7165 acc=0.3609
  alpha=1.5 seed=44  no-MAC adagrad_ota  round   55/100 loss=1.7164 acc=0.3596
  alpha=1.5 seed=44  no-MAC adagrad_ota  round   56/100 loss=1.7203 acc=0.3546
  alpha=1.5 seed=44  no-MAC adagrad_ota  round   57/100 loss=1.7223 acc=0.3572
  alpha=1.5 seed=44  no-MAC adagrad_ota  round   58/100 loss=1.7177 acc=0.3583
  alpha=1.5 seed=44  no-MAC adagrad_ota  round   59/100 loss=1.7160 acc=0.3598
  alpha=1.5 seed=44  no-MAC adagrad_ota  round   60/100 loss=1.7133 acc=0.3644
  alpha=1.5 seed=44  no-MAC adagrad_ota  round   61/100 loss=1.7116 acc=0.3642
  alpha=1.5 seed=44  no-MAC adagrad_ota  round   62/100 loss=1.7072 acc=0.3620
  alpha=1.5 seed=44  no-MAC adagrad_ota  round   63/100 loss=1.7035 acc=0.3662
  alpha=1.5 seed=44  no-MAC adagrad_ota  round   64/100 loss=1.7012 acc=0.3677
  alpha=1.5 seed=44  no-MAC adagrad_ota  round   65/100 loss=1.6987 acc=0.3705
  alpha=1.5 seed=44  no-MAC adagrad_ota  round   66/100 loss=1.6971 acc=0.3698
  alpha=1.5 seed=44  no-MAC adagrad_ota  round   67/100 loss=1.6985 acc=0.3671
  alpha=1.5 seed=44  no-MAC adagrad_ota  round   68/100 loss=1.7005 acc=0.3693
  alpha=1.5 seed=44  no-MAC adagrad_ota  round   69/100 loss=1.7015 acc=0.3673
  alpha=1.5 seed=44  no-MAC adagrad_ota  round   70/100 loss=1.7014 acc=0.3664
  alpha=1.5 seed=44  no-MAC adagrad_ota  round   71/100 loss=1.7019 acc=0.3650
  alpha=1.5 seed=44  no-MAC adagrad_ota  round   72/100 loss=1.7000 acc=0.3662
  alpha=1.5 seed=44  no-MAC adagrad_ota  round   73/100 loss=1.6933 acc=0.3721
  alpha=1.5 seed=44  no-MAC adagrad_ota  round   74/100 loss=1.6905 acc=0.3720
  alpha=1.5 seed=44  no-MAC adagrad_ota  round   75/100 loss=1.6870 acc=0.3705
  alpha=1.5 seed=44  no-MAC adagrad_ota  round   76/100 loss=1.6846 acc=0.3716
  alpha=1.5 seed=44  no-MAC adagrad_ota  round   77/100 loss=1.6823 acc=0.3720
  alpha=1.5 seed=44  no-MAC adagrad_ota  round   78/100 loss=1.6796 acc=0.3735
  alpha=1.5 seed=44  no-MAC adagrad_ota  round   79/100 loss=1.6783 acc=0.3739
  alpha=1.5 seed=44  no-MAC adagrad_ota  round   80/100 loss=1.6745 acc=0.3757
  alpha=1.5 seed=44  no-MAC adagrad_ota  round   81/100 loss=1.6711 acc=0.3787
  alpha=1.5 seed=44  no-MAC adagrad_ota  round   82/100 loss=1.6686 acc=0.3795
  alpha=1.5 seed=44  no-MAC adagrad_ota  round   83/100 loss=1.6684 acc=0.3822
  alpha=1.5 seed=44  no-MAC adagrad_ota  round   84/100 loss=1.6670 acc=0.3811
  alpha=1.5 seed=44  no-MAC adagrad_ota  round   85/100 loss=1.6648 acc=0.3802
  alpha=1.5 seed=44  no-MAC adagrad_ota  round   86/100 loss=1.6641 acc=0.3800
  alpha=1.5 seed=44  no-MAC adagrad_ota  round   87/100 loss=1.6625 acc=0.3796
  alpha=1.5 seed=44  no-MAC adagrad_ota  round   88/100 loss=1.6633 acc=0.3799
  alpha=1.5 seed=44  no-MAC adagrad_ota  round   89/100 loss=1.6639 acc=0.3796
  alpha=1.5 seed=44  no-MAC adagrad_ota  round   90/100 loss=1.6657 acc=0.3798
  alpha=1.5 seed=44  no-MAC adagrad_ota  round   91/100 loss=1.6696 acc=0.3749
  alpha=1.5 seed=44  no-MAC adagrad_ota  round   92/100 loss=1.6701 acc=0.3741
  alpha=1.5 seed=44  no-MAC adagrad_ota  round   93/100 loss=1.6709 acc=0.3770
  alpha=1.5 seed=44  no-MAC adagrad_ota  round   94/100 loss=1.6692 acc=0.3772
  alpha=1.5 seed=44  no-MAC adagrad_ota  round   95/100 loss=1.6677 acc=0.3799
  alpha=1.5 seed=44  no-MAC adagrad_ota  round   96/100 loss=1.6652 acc=0.3823
  alpha=1.5 seed=44  no-MAC adagrad_ota  round   97/100 loss=1.6628 acc=0.3821
  alpha=1.5 seed=44  no-MAC adagrad_ota  round   98/100 loss=1.6630 acc=0.3825
  alpha=1.5 seed=44  no-MAC adagrad_ota  round   99/100 loss=1.6614 acc=0.3816
  alpha=1.5 seed=44  no-MAC adagrad_ota  round  100/100 loss=1.6607 acc=0.3808
  alpha=1.5 seed=42  no-MAC adam_ota     round    1/100 loss=2.8530 acc=0.1000
  alpha=1.5 seed=42  no-MAC adam_ota     round    2/100 loss=3.2773 acc=0.1000
  alpha=1.5 seed=42  no-MAC adam_ota     round    3/100 loss=5.2621 acc=0.1000
  alpha=1.5 seed=42  no-MAC adam_ota     round    4/100 loss=6.1204 acc=0.1003
  alpha=1.5 seed=42  no-MAC adam_ota     round    5/100 loss=3.9169 acc=0.1263
  alpha=1.5 seed=42  no-MAC adam_ota     round    6/100 loss=3.6741 acc=0.1228
  alpha=1.5 seed=42  no-MAC adam_ota     round    7/100 loss=4.6444 acc=0.1051
  alpha=1.5 seed=42  no-MAC adam_ota     round    8/100 loss=4.7998 acc=0.1130
  alpha=1.5 seed=42  no-MAC adam_ota     round    9/100 loss=3.8973 acc=0.1375
  alpha=1.5 seed=42  no-MAC adam_ota     round   10/100 loss=3.5007 acc=0.1293
  alpha=1.5 seed=42  no-MAC adam_ota     round   11/100 loss=4.1170 acc=0.1036
  alpha=1.5 seed=42  no-MAC adam_ota     round   12/100 loss=3.7155 acc=0.1098
  alpha=1.5 seed=42  no-MAC adam_ota     round   13/100 loss=2.8331 acc=0.1418
  alpha=1.5 seed=42  no-MAC adam_ota     round   14/100 loss=2.4531 acc=0.1893
  alpha=1.5 seed=42  no-MAC adam_ota     round   15/100 loss=2.4839 acc=0.1836
  alpha=1.5 seed=42  no-MAC adam_ota     round   16/100 loss=2.4829 acc=0.1951
  alpha=1.5 seed=42  no-MAC adam_ota     round   17/100 loss=2.3666 acc=0.1928
  alpha=1.5 seed=42  no-MAC adam_ota     round   18/100 loss=2.3212 acc=0.2031
  alpha=1.5 seed=42  no-MAC adam_ota     round   19/100 loss=2.5278 acc=0.1784
  alpha=1.5 seed=42  no-MAC adam_ota     round   20/100 loss=2.8461 acc=0.1539
  alpha=1.5 seed=42  no-MAC adam_ota     round   21/100 loss=2.7908 acc=0.1625
  alpha=1.5 seed=42  no-MAC adam_ota     round   22/100 loss=2.4855 acc=0.2136
  alpha=1.5 seed=42  no-MAC adam_ota     round   23/100 loss=2.3276 acc=0.2146
  alpha=1.5 seed=42  no-MAC adam_ota     round   24/100 loss=2.2242 acc=0.2143
  alpha=1.5 seed=42  no-MAC adam_ota     round   25/100 loss=2.1696 acc=0.2232
  alpha=1.5 seed=42  no-MAC adam_ota     round   26/100 loss=2.1315 acc=0.2325
  alpha=1.5 seed=42  no-MAC adam_ota     round   27/100 loss=2.1228 acc=0.2452
  alpha=1.5 seed=42  no-MAC adam_ota     round   28/100 loss=2.1792 acc=0.2345
  alpha=1.5 seed=42  no-MAC adam_ota     round   29/100 loss=2.2102 acc=0.2202
  alpha=1.5 seed=42  no-MAC adam_ota     round   30/100 loss=2.2032 acc=0.2260
  alpha=1.5 seed=42  no-MAC adam_ota     round   31/100 loss=2.1139 acc=0.2510
  alpha=1.5 seed=42  no-MAC adam_ota     round   32/100 loss=2.0538 acc=0.2635
  alpha=1.5 seed=42  no-MAC adam_ota     round   33/100 loss=2.0145 acc=0.2645
  alpha=1.5 seed=42  no-MAC adam_ota     round   34/100 loss=1.9823 acc=0.2731
  alpha=1.5 seed=42  no-MAC adam_ota     round   35/100 loss=1.9427 acc=0.2808
  alpha=1.5 seed=42  no-MAC adam_ota     round   36/100 loss=1.9079 acc=0.2872
  alpha=1.5 seed=42  no-MAC adam_ota     round   37/100 loss=1.9111 acc=0.2887
  alpha=1.5 seed=42  no-MAC adam_ota     round   38/100 loss=1.9750 acc=0.2768
  alpha=1.5 seed=42  no-MAC adam_ota     round   39/100 loss=2.0634 acc=0.2643
  alpha=1.5 seed=42  no-MAC adam_ota     round   40/100 loss=2.1071 acc=0.2544
  alpha=1.5 seed=42  no-MAC adam_ota     round   41/100 loss=2.1054 acc=0.2573
  alpha=1.5 seed=42  no-MAC adam_ota     round   42/100 loss=2.0138 acc=0.2736
  alpha=1.5 seed=42  no-MAC adam_ota     round   43/100 loss=1.9383 acc=0.2857
  alpha=1.5 seed=42  no-MAC adam_ota     round   44/100 loss=1.8790 acc=0.2989
  alpha=1.5 seed=42  no-MAC adam_ota     round   45/100 loss=1.8546 acc=0.3034
  alpha=1.5 seed=42  no-MAC adam_ota     round   46/100 loss=1.8793 acc=0.2975
  alpha=1.5 seed=42  no-MAC adam_ota     round   47/100 loss=1.9347 acc=0.2912
  alpha=1.5 seed=42  no-MAC adam_ota     round   48/100 loss=1.9601 acc=0.2860
  alpha=1.5 seed=42  no-MAC adam_ota     round   49/100 loss=1.9421 acc=0.2920
  alpha=1.5 seed=42  no-MAC adam_ota     round   50/100 loss=1.9203 acc=0.2981
  alpha=1.5 seed=42  no-MAC adam_ota     round   51/100 loss=1.8855 acc=0.3017
  alpha=1.5 seed=42  no-MAC adam_ota     round   52/100 loss=1.8606 acc=0.3070
  alpha=1.5 seed=42  no-MAC adam_ota     round   53/100 loss=1.8631 acc=0.3084
  alpha=1.5 seed=42  no-MAC adam_ota     round   54/100 loss=1.8714 acc=0.3073
  alpha=1.5 seed=42  no-MAC adam_ota     round   55/100 loss=1.9251 acc=0.2982
  alpha=1.5 seed=42  no-MAC adam_ota     round   56/100 loss=1.9685 acc=0.2916
  alpha=1.5 seed=42  no-MAC adam_ota     round   57/100 loss=1.9203 acc=0.2987
  alpha=1.5 seed=42  no-MAC adam_ota     round   58/100 loss=1.8667 acc=0.3039
  alpha=1.5 seed=42  no-MAC adam_ota     round   59/100 loss=1.8264 acc=0.3119
  alpha=1.5 seed=42  no-MAC adam_ota     round   60/100 loss=1.8388 acc=0.3130
  alpha=1.5 seed=42  no-MAC adam_ota     round   61/100 loss=1.8832 acc=0.3092
  alpha=1.5 seed=42  no-MAC adam_ota     round   62/100 loss=1.9378 acc=0.2933
  alpha=1.5 seed=42  no-MAC adam_ota     round   63/100 loss=1.9931 acc=0.2813
  alpha=1.5 seed=42  no-MAC adam_ota     round   64/100 loss=1.9611 acc=0.2856
  alpha=1.5 seed=42  no-MAC adam_ota     round   65/100 loss=1.8647 acc=0.3050
  alpha=1.5 seed=42  no-MAC adam_ota     round   66/100 loss=1.8195 acc=0.3158
  alpha=1.5 seed=42  no-MAC adam_ota     round   67/100 loss=1.8137 acc=0.3130
  alpha=1.5 seed=42  no-MAC adam_ota     round   68/100 loss=1.8247 acc=0.3078
  alpha=1.5 seed=42  no-MAC adam_ota     round   69/100 loss=1.8624 acc=0.2994
  alpha=1.5 seed=42  no-MAC adam_ota     round   70/100 loss=1.8822 acc=0.2960
  alpha=1.5 seed=42  no-MAC adam_ota     round   71/100 loss=1.8996 acc=0.2946
  alpha=1.5 seed=42  no-MAC adam_ota     round   72/100 loss=1.8759 acc=0.2993
  alpha=1.5 seed=42  no-MAC adam_ota     round   73/100 loss=1.8446 acc=0.3045
  alpha=1.5 seed=42  no-MAC adam_ota     round   74/100 loss=1.8391 acc=0.3054
  alpha=1.5 seed=42  no-MAC adam_ota     round   75/100 loss=1.8429 acc=0.3066
  alpha=1.5 seed=42  no-MAC adam_ota     round   76/100 loss=1.8671 acc=0.3059
  alpha=1.5 seed=42  no-MAC adam_ota     round   77/100 loss=1.8996 acc=0.2992
  alpha=1.5 seed=42  no-MAC adam_ota     round   78/100 loss=1.9102 acc=0.2919
  alpha=1.5 seed=42  no-MAC adam_ota     round   79/100 loss=1.9036 acc=0.2942
  alpha=1.5 seed=42  no-MAC adam_ota     round   80/100 loss=1.8728 acc=0.3028
  alpha=1.5 seed=42  no-MAC adam_ota     round   81/100 loss=1.8244 acc=0.3151
  alpha=1.5 seed=42  no-MAC adam_ota     round   82/100 loss=1.8069 acc=0.3224
  alpha=1.5 seed=42  no-MAC adam_ota     round   83/100 loss=1.8059 acc=0.3151
  alpha=1.5 seed=42  no-MAC adam_ota     round   84/100 loss=1.8174 acc=0.3059
  alpha=1.5 seed=42  no-MAC adam_ota     round   85/100 loss=1.8339 acc=0.3007
  alpha=1.5 seed=42  no-MAC adam_ota     round   86/100 loss=1.8350 acc=0.2980
  alpha=1.5 seed=42  no-MAC adam_ota     round   87/100 loss=1.8241 acc=0.3035
  alpha=1.5 seed=42  no-MAC adam_ota     round   88/100 loss=1.8206 acc=0.3070
  alpha=1.5 seed=42  no-MAC adam_ota     round   89/100 loss=1.8166 acc=0.3113
  alpha=1.5 seed=42  no-MAC adam_ota     round   90/100 loss=1.8271 acc=0.3108
  alpha=1.5 seed=42  no-MAC adam_ota     round   91/100 loss=1.8369 acc=0.3097
  alpha=1.5 seed=42  no-MAC adam_ota     round   92/100 loss=1.8466 acc=0.3104
  alpha=1.5 seed=42  no-MAC adam_ota     round   93/100 loss=1.8450 acc=0.3062
  alpha=1.5 seed=42  no-MAC adam_ota     round   94/100 loss=1.8405 acc=0.3045
  alpha=1.5 seed=42  no-MAC adam_ota     round   95/100 loss=1.8604 acc=0.3047
  alpha=1.5 seed=42  no-MAC adam_ota     round   96/100 loss=1.8861 acc=0.3038
  alpha=1.5 seed=42  no-MAC adam_ota     round   97/100 loss=1.9134 acc=0.2994
  alpha=1.5 seed=42  no-MAC adam_ota     round   98/100 loss=1.9058 acc=0.3027
  alpha=1.5 seed=42  no-MAC adam_ota     round   99/100 loss=1.8873 acc=0.3045
  alpha=1.5 seed=42  no-MAC adam_ota     round  100/100 loss=1.8796 acc=0.3015
  alpha=1.5 seed=43  no-MAC adam_ota     round    1/100 loss=3.1728 acc=0.1020
  alpha=1.5 seed=43  no-MAC adam_ota     round    2/100 loss=3.0012 acc=0.1000
  alpha=1.5 seed=43  no-MAC adam_ota     round    3/100 loss=3.6171 acc=0.1407
  alpha=1.5 seed=43  no-MAC adam_ota     round    4/100 loss=3.3054 acc=0.1580
  alpha=1.5 seed=43  no-MAC adam_ota     round    5/100 loss=5.7165 acc=0.1259
  alpha=1.5 seed=43  no-MAC adam_ota     round    6/100 loss=6.5528 acc=0.1006
  alpha=1.5 seed=43  no-MAC adam_ota     round    7/100 loss=5.2207 acc=0.1051
  alpha=1.5 seed=43  no-MAC adam_ota     round    8/100 loss=3.7544 acc=0.1171
  alpha=1.5 seed=43  no-MAC adam_ota     round    9/100 loss=3.0663 acc=0.1698
  alpha=1.5 seed=43  no-MAC adam_ota     round   10/100 loss=3.3391 acc=0.1434
  alpha=1.5 seed=43  no-MAC adam_ota     round   11/100 loss=2.9896 acc=0.1630
  alpha=1.5 seed=43  no-MAC adam_ota     round   12/100 loss=2.6038 acc=0.1969
  alpha=1.5 seed=43  no-MAC adam_ota     round   13/100 loss=2.6363 acc=0.1890
  alpha=1.5 seed=43  no-MAC adam_ota     round   14/100 loss=2.6705 acc=0.1922
  alpha=1.5 seed=43  no-MAC adam_ota     round   15/100 loss=2.5345 acc=0.1965
  alpha=1.5 seed=43  no-MAC adam_ota     round   16/100 loss=2.3415 acc=0.2157
  alpha=1.5 seed=43  no-MAC adam_ota     round   17/100 loss=2.1881 acc=0.2330
  alpha=1.5 seed=43  no-MAC adam_ota     round   18/100 loss=2.1886 acc=0.2078
  alpha=1.5 seed=43  no-MAC adam_ota     round   19/100 loss=2.1934 acc=0.2034
  alpha=1.5 seed=43  no-MAC adam_ota     round   20/100 loss=2.1588 acc=0.2283
  alpha=1.5 seed=43  no-MAC adam_ota     round   21/100 loss=2.1654 acc=0.2472
  alpha=1.5 seed=43  no-MAC adam_ota     round   22/100 loss=2.2085 acc=0.2400
  alpha=1.5 seed=43  no-MAC adam_ota     round   23/100 loss=2.1940 acc=0.2344
  alpha=1.5 seed=43  no-MAC adam_ota     round   24/100 loss=2.1091 acc=0.2498
  alpha=1.5 seed=43  no-MAC adam_ota     round   25/100 loss=2.0312 acc=0.2755
  alpha=1.5 seed=43  no-MAC adam_ota     round   26/100 loss=2.0243 acc=0.2542
  alpha=1.5 seed=43  no-MAC adam_ota     round   27/100 loss=2.0474 acc=0.2384
  alpha=1.5 seed=43  no-MAC adam_ota     round   28/100 loss=2.0617 acc=0.2500
  alpha=1.5 seed=43  no-MAC adam_ota     round   29/100 loss=2.0741 acc=0.2563
  alpha=1.5 seed=43  no-MAC adam_ota     round   30/100 loss=2.0684 acc=0.2545
  alpha=1.5 seed=43  no-MAC adam_ota     round   31/100 loss=2.0300 acc=0.2708
  alpha=1.5 seed=43  no-MAC adam_ota     round   32/100 loss=1.9646 acc=0.2925
  alpha=1.5 seed=43  no-MAC adam_ota     round   33/100 loss=1.9236 acc=0.2998
  alpha=1.5 seed=43  no-MAC adam_ota     round   34/100 loss=1.9480 acc=0.2745
  alpha=1.5 seed=43  no-MAC adam_ota     round   35/100 loss=1.9455 acc=0.2676
  alpha=1.5 seed=43  no-MAC adam_ota     round   36/100 loss=1.9358 acc=0.2760
  alpha=1.5 seed=43  no-MAC adam_ota     round   37/100 loss=1.9313 acc=0.2841
  alpha=1.5 seed=43  no-MAC adam_ota     round   38/100 loss=1.9347 acc=0.2894
  alpha=1.5 seed=43  no-MAC adam_ota     round   39/100 loss=1.9436 acc=0.2922
  alpha=1.5 seed=43  no-MAC adam_ota     round   40/100 loss=1.9404 acc=0.2957
  alpha=1.5 seed=43  no-MAC adam_ota     round   41/100 loss=1.8919 acc=0.2959
  alpha=1.5 seed=43  no-MAC adam_ota     round   42/100 loss=1.8882 acc=0.2905
  alpha=1.5 seed=43  no-MAC adam_ota     round   43/100 loss=1.9070 acc=0.2800
  alpha=1.5 seed=43  no-MAC adam_ota     round   44/100 loss=1.9319 acc=0.2775
  alpha=1.5 seed=43  no-MAC adam_ota     round   45/100 loss=1.9338 acc=0.2812
  alpha=1.5 seed=43  no-MAC adam_ota     round   46/100 loss=1.9632 acc=0.2797
  alpha=1.5 seed=43  no-MAC adam_ota     round   47/100 loss=2.0049 acc=0.2740
  alpha=1.5 seed=43  no-MAC adam_ota     round   48/100 loss=1.9811 acc=0.2797
  alpha=1.5 seed=43  no-MAC adam_ota     round   49/100 loss=1.9727 acc=0.2807
  alpha=1.5 seed=43  no-MAC adam_ota     round   50/100 loss=1.9530 acc=0.2831
  alpha=1.5 seed=43  no-MAC adam_ota     round   51/100 loss=1.9631 acc=0.2809
  alpha=1.5 seed=43  no-MAC adam_ota     round   52/100 loss=1.9690 acc=0.2770
  alpha=1.5 seed=43  no-MAC adam_ota     round   53/100 loss=1.9467 acc=0.2795
  alpha=1.5 seed=43  no-MAC adam_ota     round   54/100 loss=1.9058 acc=0.2875
  alpha=1.5 seed=43  no-MAC adam_ota     round   55/100 loss=1.8796 acc=0.2958
  alpha=1.5 seed=43  no-MAC adam_ota     round   56/100 loss=1.8630 acc=0.3012
  alpha=1.5 seed=43  no-MAC adam_ota     round   57/100 loss=1.8519 acc=0.3070
  alpha=1.5 seed=43  no-MAC adam_ota     round   58/100 loss=1.8394 acc=0.3080
  alpha=1.5 seed=43  no-MAC adam_ota     round   59/100 loss=1.8227 acc=0.3087
  alpha=1.5 seed=43  no-MAC adam_ota     round   60/100 loss=1.8210 acc=0.3002
  alpha=1.5 seed=43  no-MAC adam_ota     round   61/100 loss=1.8343 acc=0.2998
  alpha=1.5 seed=43  no-MAC adam_ota     round   62/100 loss=1.8371 acc=0.2964
  alpha=1.5 seed=43  no-MAC adam_ota     round   63/100 loss=1.8293 acc=0.3046
  alpha=1.5 seed=43  no-MAC adam_ota     round   64/100 loss=1.8114 acc=0.3124
  alpha=1.5 seed=43  no-MAC adam_ota     round   65/100 loss=1.8009 acc=0.3165
  alpha=1.5 seed=43  no-MAC adam_ota     round   66/100 loss=1.8059 acc=0.3151
  alpha=1.5 seed=43  no-MAC adam_ota     round   67/100 loss=1.8239 acc=0.3102
  alpha=1.5 seed=43  no-MAC adam_ota     round   68/100 loss=1.8140 acc=0.3105
  alpha=1.5 seed=43  no-MAC adam_ota     round   69/100 loss=1.8171 acc=0.3127
  alpha=1.5 seed=43  no-MAC adam_ota     round   70/100 loss=1.8192 acc=0.3186
  alpha=1.5 seed=43  no-MAC adam_ota     round   71/100 loss=1.8411 acc=0.3106
  alpha=1.5 seed=43  no-MAC adam_ota     round   72/100 loss=1.8839 acc=0.3048
  alpha=1.5 seed=43  no-MAC adam_ota     round   73/100 loss=1.9194 acc=0.2981
  alpha=1.5 seed=43  no-MAC adam_ota     round   74/100 loss=1.9142 acc=0.2965
  alpha=1.5 seed=43  no-MAC adam_ota     round   75/100 loss=1.8926 acc=0.2986
  alpha=1.5 seed=43  no-MAC adam_ota     round   76/100 loss=1.8925 acc=0.3033
  alpha=1.5 seed=43  no-MAC adam_ota     round   77/100 loss=1.8925 acc=0.3041
  alpha=1.5 seed=43  no-MAC adam_ota     round   78/100 loss=1.8795 acc=0.3055
  alpha=1.5 seed=43  no-MAC adam_ota     round   79/100 loss=1.8800 acc=0.3101
  alpha=1.5 seed=43  no-MAC adam_ota     round   80/100 loss=1.8782 acc=0.3049
  alpha=1.5 seed=43  no-MAC adam_ota     round   81/100 loss=1.8898 acc=0.2965
  alpha=1.5 seed=43  no-MAC adam_ota     round   82/100 loss=1.9182 acc=0.2901
  alpha=1.5 seed=43  no-MAC adam_ota     round   83/100 loss=1.9007 acc=0.2919
  alpha=1.5 seed=43  no-MAC adam_ota     round   84/100 loss=1.8614 acc=0.3009
  alpha=1.5 seed=43  no-MAC adam_ota     round   85/100 loss=1.8478 acc=0.3057
  alpha=1.5 seed=43  no-MAC adam_ota     round   86/100 loss=1.8306 acc=0.3085
  alpha=1.5 seed=43  no-MAC adam_ota     round   87/100 loss=1.8308 acc=0.3134
  alpha=1.5 seed=43  no-MAC adam_ota     round   88/100 loss=1.8496 acc=0.3082
  alpha=1.5 seed=43  no-MAC adam_ota     round   89/100 loss=1.8370 acc=0.3130
  alpha=1.5 seed=43  no-MAC adam_ota     round   90/100 loss=1.8219 acc=0.3179
  alpha=1.5 seed=43  no-MAC adam_ota     round   91/100 loss=1.8129 acc=0.3172
  alpha=1.5 seed=43  no-MAC adam_ota     round   92/100 loss=1.8165 acc=0.3170
  alpha=1.5 seed=43  no-MAC adam_ota     round   93/100 loss=1.8160 acc=0.3186
  alpha=1.5 seed=43  no-MAC adam_ota     round   94/100 loss=1.8163 acc=0.3148
  alpha=1.5 seed=43  no-MAC adam_ota     round   95/100 loss=1.8284 acc=0.3116
  alpha=1.5 seed=43  no-MAC adam_ota     round   96/100 loss=1.8483 acc=0.3049
  alpha=1.5 seed=43  no-MAC adam_ota     round   97/100 loss=1.8719 acc=0.2997
  alpha=1.5 seed=43  no-MAC adam_ota     round   98/100 loss=1.8871 acc=0.2948
  alpha=1.5 seed=43  no-MAC adam_ota     round   99/100 loss=1.8625 acc=0.2999
  alpha=1.5 seed=43  no-MAC adam_ota     round  100/100 loss=1.8166 acc=0.3067
  alpha=1.5 seed=44  no-MAC adam_ota     round    1/100 loss=3.2819 acc=0.1056
  alpha=1.5 seed=44  no-MAC adam_ota     round    2/100 loss=2.8992 acc=0.1238
  alpha=1.5 seed=44  no-MAC adam_ota     round    3/100 loss=5.6415 acc=0.0997
  alpha=1.5 seed=44  no-MAC adam_ota     round    4/100 loss=5.9124 acc=0.1001
  alpha=1.5 seed=44  no-MAC adam_ota     round    5/100 loss=4.1536 acc=0.1176
  alpha=1.5 seed=44  no-MAC adam_ota     round    6/100 loss=3.9366 acc=0.1229
  alpha=1.5 seed=44  no-MAC adam_ota     round    7/100 loss=4.1571 acc=0.1092
  alpha=1.5 seed=44  no-MAC adam_ota     round    8/100 loss=3.1133 acc=0.1631
  alpha=1.5 seed=44  no-MAC adam_ota     round    9/100 loss=3.0327 acc=0.1709
  alpha=1.5 seed=44  no-MAC adam_ota     round   10/100 loss=3.4801 acc=0.1158
  alpha=1.5 seed=44  no-MAC adam_ota     round   11/100 loss=3.6816 acc=0.1057
  alpha=1.5 seed=44  no-MAC adam_ota     round   12/100 loss=3.3480 acc=0.1157
  alpha=1.5 seed=44  no-MAC adam_ota     round   13/100 loss=2.7521 acc=0.1649
  alpha=1.5 seed=44  no-MAC adam_ota     round   14/100 loss=2.4734 acc=0.2028
  alpha=1.5 seed=44  no-MAC adam_ota     round   15/100 loss=2.4058 acc=0.1747
  alpha=1.5 seed=44  no-MAC adam_ota     round   16/100 loss=2.2114 acc=0.2150
  alpha=1.5 seed=44  no-MAC adam_ota     round   17/100 loss=2.1208 acc=0.2450
  alpha=1.5 seed=44  no-MAC adam_ota     round   18/100 loss=2.2642 acc=0.1990
  alpha=1.5 seed=44  no-MAC adam_ota     round   19/100 loss=2.5510 acc=0.1561
  alpha=1.5 seed=44  no-MAC adam_ota     round   20/100 loss=2.6609 acc=0.1542
  alpha=1.5 seed=44  no-MAC adam_ota     round   21/100 loss=2.6390 acc=0.1711
  alpha=1.5 seed=44  no-MAC adam_ota     round   22/100 loss=2.5269 acc=0.2066
  alpha=1.5 seed=44  no-MAC adam_ota     round   23/100 loss=2.4635 acc=0.2136
  alpha=1.5 seed=44  no-MAC adam_ota     round   24/100 loss=2.3858 acc=0.2096
  alpha=1.5 seed=44  no-MAC adam_ota     round   25/100 loss=2.2174 acc=0.2315
  alpha=1.5 seed=44  no-MAC adam_ota     round   26/100 loss=2.1157 acc=0.2469
  alpha=1.5 seed=44  no-MAC adam_ota     round   27/100 loss=2.1292 acc=0.2366
  alpha=1.5 seed=44  no-MAC adam_ota     round   28/100 loss=2.0938 acc=0.2378
  alpha=1.5 seed=44  no-MAC adam_ota     round   29/100 loss=2.0811 acc=0.2427
  alpha=1.5 seed=44  no-MAC adam_ota     round   30/100 loss=2.1057 acc=0.2435
  alpha=1.5 seed=44  no-MAC adam_ota     round   31/100 loss=2.1368 acc=0.2435
  alpha=1.5 seed=44  no-MAC adam_ota     round   32/100 loss=2.0918 acc=0.2441
  alpha=1.5 seed=44  no-MAC adam_ota     round   33/100 loss=2.1128 acc=0.2481
  alpha=1.5 seed=44  no-MAC adam_ota     round   34/100 loss=2.1691 acc=0.2586
  alpha=1.5 seed=44  no-MAC adam_ota     round   35/100 loss=2.2540 acc=0.2499
  alpha=1.5 seed=44  no-MAC adam_ota     round   36/100 loss=2.1694 acc=0.2561
  alpha=1.5 seed=44  no-MAC adam_ota     round   37/100 loss=2.0817 acc=0.2645
  alpha=1.5 seed=44  no-MAC adam_ota     round   38/100 loss=2.0262 acc=0.2777
  alpha=1.5 seed=44  no-MAC adam_ota     round   39/100 loss=1.9773 acc=0.2867
  alpha=1.5 seed=44  no-MAC adam_ota     round   40/100 loss=1.9694 acc=0.2850
  alpha=1.5 seed=44  no-MAC adam_ota     round   41/100 loss=1.9903 acc=0.2740
  alpha=1.5 seed=44  no-MAC adam_ota     round   42/100 loss=2.0545 acc=0.2691
  alpha=1.5 seed=44  no-MAC adam_ota     round   43/100 loss=2.1103 acc=0.2666
  alpha=1.5 seed=44  no-MAC adam_ota     round   44/100 loss=2.1363 acc=0.2645
  alpha=1.5 seed=44  no-MAC adam_ota     round   45/100 loss=2.0592 acc=0.2742
  alpha=1.5 seed=44  no-MAC adam_ota     round   46/100 loss=1.9446 acc=0.2899
  alpha=1.5 seed=44  no-MAC adam_ota     round   47/100 loss=1.8970 acc=0.2952
  alpha=1.5 seed=44  no-MAC adam_ota     round   48/100 loss=1.8850 acc=0.2899
  alpha=1.5 seed=44  no-MAC adam_ota     round   49/100 loss=1.8600 acc=0.2962
  alpha=1.5 seed=44  no-MAC adam_ota     round   50/100 loss=1.8760 acc=0.2989
  alpha=1.5 seed=44  no-MAC adam_ota     round   51/100 loss=1.9338 acc=0.2858
  alpha=1.5 seed=44  no-MAC adam_ota     round   52/100 loss=1.9790 acc=0.2808
  alpha=1.5 seed=44  no-MAC adam_ota     round   53/100 loss=1.9802 acc=0.2867
  alpha=1.5 seed=44  no-MAC adam_ota     round   54/100 loss=1.9202 acc=0.2964
  alpha=1.5 seed=44  no-MAC adam_ota     round   55/100 loss=1.8561 acc=0.3106
  alpha=1.5 seed=44  no-MAC adam_ota     round   56/100 loss=1.8427 acc=0.3090
  alpha=1.5 seed=44  no-MAC adam_ota     round   57/100 loss=1.8514 acc=0.3060
  alpha=1.5 seed=44  no-MAC adam_ota     round   58/100 loss=1.8829 acc=0.3053
  alpha=1.5 seed=44  no-MAC adam_ota     round   59/100 loss=1.9324 acc=0.2968
  alpha=1.5 seed=44  no-MAC adam_ota     round   60/100 loss=1.9603 acc=0.2882
  alpha=1.5 seed=44  no-MAC adam_ota     round   61/100 loss=1.9880 acc=0.2819
  alpha=1.5 seed=44  no-MAC adam_ota     round   62/100 loss=1.9496 acc=0.2876
  alpha=1.5 seed=44  no-MAC adam_ota     round   63/100 loss=1.8925 acc=0.3012
  alpha=1.5 seed=44  no-MAC adam_ota     round   64/100 loss=1.8534 acc=0.3065
  alpha=1.5 seed=44  no-MAC adam_ota     round   65/100 loss=1.8163 acc=0.3165
  alpha=1.5 seed=44  no-MAC adam_ota     round   66/100 loss=1.7978 acc=0.3176
  alpha=1.5 seed=44  no-MAC adam_ota     round   67/100 loss=1.8074 acc=0.3151
  alpha=1.5 seed=44  no-MAC adam_ota     round   68/100 loss=1.8324 acc=0.3032
  alpha=1.5 seed=44  no-MAC adam_ota     round   69/100 loss=1.8634 acc=0.3012
  alpha=1.5 seed=44  no-MAC adam_ota     round   70/100 loss=1.8655 acc=0.3031
  alpha=1.5 seed=44  no-MAC adam_ota     round   71/100 loss=1.8634 acc=0.3068
  alpha=1.5 seed=44  no-MAC adam_ota     round   72/100 loss=1.8418 acc=0.3101
  alpha=1.5 seed=44  no-MAC adam_ota     round   73/100 loss=1.8248 acc=0.3119
  alpha=1.5 seed=44  no-MAC adam_ota     round   74/100 loss=1.8092 acc=0.3160
  alpha=1.5 seed=44  no-MAC adam_ota     round   75/100 loss=1.8090 acc=0.3102
  alpha=1.5 seed=44  no-MAC adam_ota     round   76/100 loss=1.8253 acc=0.3061
  alpha=1.5 seed=44  no-MAC adam_ota     round   77/100 loss=1.8259 acc=0.3106
  alpha=1.5 seed=44  no-MAC adam_ota     round   78/100 loss=1.8305 acc=0.3164
  alpha=1.5 seed=44  no-MAC adam_ota     round   79/100 loss=1.8366 acc=0.3203
  alpha=1.5 seed=44  no-MAC adam_ota     round   80/100 loss=1.8208 acc=0.3227
  alpha=1.5 seed=44  no-MAC adam_ota     round   81/100 loss=1.8032 acc=0.3243
  alpha=1.5 seed=44  no-MAC adam_ota     round   82/100 loss=1.7872 acc=0.3270
  alpha=1.5 seed=44  no-MAC adam_ota     round   83/100 loss=1.7722 acc=0.3246
  alpha=1.5 seed=44  no-MAC adam_ota     round   84/100 loss=1.7728 acc=0.3268
  alpha=1.5 seed=44  no-MAC adam_ota     round   85/100 loss=1.7768 acc=0.3283
  alpha=1.5 seed=44  no-MAC adam_ota     round   86/100 loss=1.7888 acc=0.3273
  alpha=1.5 seed=44  no-MAC adam_ota     round   87/100 loss=1.8035 acc=0.3264
  alpha=1.5 seed=44  no-MAC adam_ota     round   88/100 loss=1.8079 acc=0.3247
  alpha=1.5 seed=44  no-MAC adam_ota     round   89/100 loss=1.8021 acc=0.3263
  alpha=1.5 seed=44  no-MAC adam_ota     round   90/100 loss=1.8017 acc=0.3236
  alpha=1.5 seed=44  no-MAC adam_ota     round   91/100 loss=1.8060 acc=0.3262
  alpha=1.5 seed=44  no-MAC adam_ota     round   92/100 loss=1.8126 acc=0.3276
  alpha=1.5 seed=44  no-MAC adam_ota     round   93/100 loss=1.8173 acc=0.3247
  alpha=1.5 seed=44  no-MAC adam_ota     round   94/100 loss=1.8277 acc=0.3260
  alpha=1.5 seed=44  no-MAC adam_ota     round   95/100 loss=1.8453 acc=0.3205
  alpha=1.5 seed=44  no-MAC adam_ota     round   96/100 loss=1.8733 acc=0.3185
  alpha=1.5 seed=44  no-MAC adam_ota     round   97/100 loss=1.8716 acc=0.3193
  alpha=1.5 seed=44  no-MAC adam_ota     round   98/100 loss=1.8613 acc=0.3157
  alpha=1.5 seed=44  no-MAC adam_ota     round   99/100 loss=1.8429 acc=0.3136
  alpha=1.5 seed=44  no-MAC adam_ota     round  100/100 loss=1.8268 acc=0.3141
  alpha=1.7 seed=42  no-MAC fedavg       round    1/100 loss=2.3239 acc=0.0814
  alpha=1.7 seed=42  no-MAC fedavg       round    2/100 loss=580084117928041365931365956059136.0000 acc=0.1005
  alpha=1.7 seed=43  no-MAC fedavg       round    1/100 loss=193146422408150788604181428043776.0000 acc=0.0987
  alpha=1.7 seed=44  no-MAC fedavg       round    1/100 loss=2.2825 acc=0.1237
  alpha=1.7 seed=44  no-MAC fedavg       round    2/100 loss=2.2668 acc=0.1476
  alpha=1.7 seed=44  no-MAC fedavg       round    3/100 loss=92485162872340480.0000 acc=0.0997
  alpha=1.7 seed=42  no-MAC fedavgm      round    1/100 loss=2.3239 acc=0.0814
  alpha=1.7 seed=42  no-MAC fedavgm      round    2/100 loss=565910516876374542814576386244608.0000 acc=0.1000
  alpha=1.7 seed=43  no-MAC fedavgm      round    1/100 loss=193146422408150788604181428043776.0000 acc=0.0987
  alpha=1.7 seed=44  no-MAC fedavgm      round    1/100 loss=2.2825 acc=0.1237
  alpha=1.7 seed=44  no-MAC fedavgm      round    2/100 loss=2.2668 acc=0.1550
  alpha=1.7 seed=44  no-MAC fedavgm      round    3/100 loss=106561471508381696.0000 acc=0.1000
  alpha=1.7 seed=42  no-MAC adagrad_ota  round    1/100 loss=2.8123 acc=0.1000
  alpha=1.7 seed=42  no-MAC adagrad_ota  round    2/100 loss=3.2574 acc=0.1000
  alpha=1.7 seed=42  no-MAC adagrad_ota  round    3/100 loss=5.4341 acc=0.1000
  alpha=1.7 seed=42  no-MAC adagrad_ota  round    4/100 loss=3.1468 acc=0.1361
  alpha=1.7 seed=42  no-MAC adagrad_ota  round    5/100 loss=3.1180 acc=0.1262
  alpha=1.7 seed=42  no-MAC adagrad_ota  round    6/100 loss=4.4785 acc=0.1042
  alpha=1.7 seed=42  no-MAC adagrad_ota  round    7/100 loss=3.3876 acc=0.1274
  alpha=1.7 seed=42  no-MAC adagrad_ota  round    8/100 loss=3.2365 acc=0.1203
  alpha=1.7 seed=42  no-MAC adagrad_ota  round    9/100 loss=3.6465 acc=0.1075
  alpha=1.7 seed=42  no-MAC adagrad_ota  round   10/100 loss=2.8214 acc=0.1394
  alpha=1.7 seed=42  no-MAC adagrad_ota  round   11/100 loss=2.4895 acc=0.1641
  alpha=1.7 seed=42  no-MAC adagrad_ota  round   12/100 loss=2.4626 acc=0.1703
  alpha=1.7 seed=42  no-MAC adagrad_ota  round   13/100 loss=2.3019 acc=0.2022
  alpha=1.7 seed=42  no-MAC adagrad_ota  round   14/100 loss=2.0913 acc=0.2319
  alpha=1.7 seed=42  no-MAC adagrad_ota  round   15/100 loss=2.0979 acc=0.2307
  alpha=1.7 seed=42  no-MAC adagrad_ota  round   16/100 loss=2.2149 acc=0.1960
  alpha=1.7 seed=42  no-MAC adagrad_ota  round   17/100 loss=2.1288 acc=0.2288
  alpha=1.7 seed=42  no-MAC adagrad_ota  round   18/100 loss=2.0213 acc=0.2630
  alpha=1.7 seed=42  no-MAC adagrad_ota  round   19/100 loss=1.9922 acc=0.2612
  alpha=1.7 seed=42  no-MAC adagrad_ota  round   20/100 loss=1.9738 acc=0.2665
  alpha=1.7 seed=42  no-MAC adagrad_ota  round   21/100 loss=1.9093 acc=0.2798
  alpha=1.7 seed=42  no-MAC adagrad_ota  round   22/100 loss=1.8582 acc=0.3059
  alpha=1.7 seed=42  no-MAC adagrad_ota  round   23/100 loss=1.8560 acc=0.3121
  alpha=1.7 seed=42  no-MAC adagrad_ota  round   24/100 loss=1.8673 acc=0.3103
  alpha=1.7 seed=42  no-MAC adagrad_ota  round   25/100 loss=1.8761 acc=0.3062
  alpha=1.7 seed=42  no-MAC adagrad_ota  round   26/100 loss=1.8599 acc=0.3135
  alpha=1.7 seed=42  no-MAC adagrad_ota  round   27/100 loss=1.8542 acc=0.3062
  alpha=1.7 seed=42  no-MAC adagrad_ota  round   28/100 loss=1.8369 acc=0.3118
  alpha=1.7 seed=42  no-MAC adagrad_ota  round   29/100 loss=1.8044 acc=0.3200
  alpha=1.7 seed=42  no-MAC adagrad_ota  round   30/100 loss=1.7781 acc=0.3337
  alpha=1.7 seed=42  no-MAC adagrad_ota  round   31/100 loss=1.7590 acc=0.3407
  alpha=1.7 seed=42  no-MAC adagrad_ota  round   32/100 loss=1.7496 acc=0.3442
  alpha=1.7 seed=42  no-MAC adagrad_ota  round   33/100 loss=1.7455 acc=0.3456
  alpha=1.7 seed=42  no-MAC adagrad_ota  round   34/100 loss=1.7470 acc=0.3430
  alpha=1.7 seed=42  no-MAC adagrad_ota  round   35/100 loss=1.7492 acc=0.3434
  alpha=1.7 seed=42  no-MAC adagrad_ota  round   36/100 loss=1.7467 acc=0.3447
  alpha=1.7 seed=42  no-MAC adagrad_ota  round   37/100 loss=1.7447 acc=0.3517
  alpha=1.7 seed=42  no-MAC adagrad_ota  round   38/100 loss=1.7429 acc=0.3524
  alpha=1.7 seed=42  no-MAC adagrad_ota  round   39/100 loss=1.7429 acc=0.3503
  alpha=1.7 seed=42  no-MAC adagrad_ota  round   40/100 loss=1.7395 acc=0.3542
  alpha=1.7 seed=42  no-MAC adagrad_ota  round   41/100 loss=1.7407 acc=0.3542
  alpha=1.7 seed=42  no-MAC adagrad_ota  round   42/100 loss=1.7361 acc=0.3562
  alpha=1.7 seed=42  no-MAC adagrad_ota  round   43/100 loss=1.7323 acc=0.3524
  alpha=1.7 seed=42  no-MAC adagrad_ota  round   44/100 loss=1.7252 acc=0.3549
  alpha=1.7 seed=42  no-MAC adagrad_ota  round   45/100 loss=1.7154 acc=0.3556
  alpha=1.7 seed=42  no-MAC adagrad_ota  round   46/100 loss=1.7068 acc=0.3597
  alpha=1.7 seed=42  no-MAC adagrad_ota  round   47/100 loss=1.6992 acc=0.3663
  alpha=1.7 seed=42  no-MAC adagrad_ota  round   48/100 loss=1.6947 acc=0.3688
  alpha=1.7 seed=42  no-MAC adagrad_ota  round   49/100 loss=1.6905 acc=0.3725
  alpha=1.7 seed=42  no-MAC adagrad_ota  round   50/100 loss=1.6880 acc=0.3707
  alpha=1.7 seed=42  no-MAC adagrad_ota  round   51/100 loss=1.6868 acc=0.3677
  alpha=1.7 seed=42  no-MAC adagrad_ota  round   52/100 loss=1.6830 acc=0.3674
  alpha=1.7 seed=42  no-MAC adagrad_ota  round   53/100 loss=1.6807 acc=0.3694
  alpha=1.7 seed=42  no-MAC adagrad_ota  round   54/100 loss=1.6789 acc=0.3748
  alpha=1.7 seed=42  no-MAC adagrad_ota  round   55/100 loss=1.6793 acc=0.3708
  alpha=1.7 seed=42  no-MAC adagrad_ota  round   56/100 loss=1.6804 acc=0.3687
  alpha=1.7 seed=42  no-MAC adagrad_ota  round   57/100 loss=1.6788 acc=0.3675
  alpha=1.7 seed=42  no-MAC adagrad_ota  round   58/100 loss=1.6726 acc=0.3712
  alpha=1.7 seed=42  no-MAC adagrad_ota  round   59/100 loss=1.6723 acc=0.3731
  alpha=1.7 seed=42  no-MAC adagrad_ota  round   60/100 loss=1.6708 acc=0.3745
  alpha=1.7 seed=42  no-MAC adagrad_ota  round   61/100 loss=1.6708 acc=0.3738
  alpha=1.7 seed=42  no-MAC adagrad_ota  round   62/100 loss=1.6694 acc=0.3772
  alpha=1.7 seed=42  no-MAC adagrad_ota  round   63/100 loss=1.6684 acc=0.3780
  alpha=1.7 seed=42  no-MAC adagrad_ota  round   64/100 loss=1.6662 acc=0.3741
  alpha=1.7 seed=42  no-MAC adagrad_ota  round   65/100 loss=1.6644 acc=0.3721
  alpha=1.7 seed=42  no-MAC adagrad_ota  round   66/100 loss=1.6636 acc=0.3696
  alpha=1.7 seed=42  no-MAC adagrad_ota  round   67/100 loss=1.6653 acc=0.3676
  alpha=1.7 seed=42  no-MAC adagrad_ota  round   68/100 loss=1.6629 acc=0.3677
  alpha=1.7 seed=42  no-MAC adagrad_ota  round   69/100 loss=1.6586 acc=0.3702
  alpha=1.7 seed=42  no-MAC adagrad_ota  round   70/100 loss=1.6552 acc=0.3746
  alpha=1.7 seed=42  no-MAC adagrad_ota  round   71/100 loss=1.6515 acc=0.3754
  alpha=1.7 seed=42  no-MAC adagrad_ota  round   72/100 loss=1.6476 acc=0.3792
  alpha=1.7 seed=42  no-MAC adagrad_ota  round   73/100 loss=1.6435 acc=0.3835
  alpha=1.7 seed=42  no-MAC adagrad_ota  round   74/100 loss=1.6376 acc=0.3885
  alpha=1.7 seed=42  no-MAC adagrad_ota  round   75/100 loss=1.6340 acc=0.3899
  alpha=1.7 seed=42  no-MAC adagrad_ota  round   76/100 loss=1.6333 acc=0.3912
  alpha=1.7 seed=42  no-MAC adagrad_ota  round   77/100 loss=1.6345 acc=0.3911
  alpha=1.7 seed=42  no-MAC adagrad_ota  round   78/100 loss=1.6342 acc=0.3904
  alpha=1.7 seed=42  no-MAC adagrad_ota  round   79/100 loss=1.6344 acc=0.3878
  alpha=1.7 seed=42  no-MAC adagrad_ota  round   80/100 loss=1.6344 acc=0.3885
  alpha=1.7 seed=42  no-MAC adagrad_ota  round   81/100 loss=1.6324 acc=0.3854
  alpha=1.7 seed=42  no-MAC adagrad_ota  round   82/100 loss=1.6292 acc=0.3878
  alpha=1.7 seed=42  no-MAC adagrad_ota  round   83/100 loss=1.6262 acc=0.3915
  alpha=1.7 seed=42  no-MAC adagrad_ota  round   84/100 loss=1.6223 acc=0.3926
  alpha=1.7 seed=42  no-MAC adagrad_ota  round   85/100 loss=1.6196 acc=0.3938
  alpha=1.7 seed=42  no-MAC adagrad_ota  round   86/100 loss=1.6187 acc=0.3927
  alpha=1.7 seed=42  no-MAC adagrad_ota  round   87/100 loss=1.6179 acc=0.3933
  alpha=1.7 seed=42  no-MAC adagrad_ota  round   88/100 loss=1.6180 acc=0.3926
  alpha=1.7 seed=42  no-MAC adagrad_ota  round   89/100 loss=1.6194 acc=0.3890
  alpha=1.7 seed=42  no-MAC adagrad_ota  round   90/100 loss=1.6188 acc=0.3906
  alpha=1.7 seed=42  no-MAC adagrad_ota  round   91/100 loss=1.6210 acc=0.3884
  alpha=1.7 seed=42  no-MAC adagrad_ota  round   92/100 loss=1.6193 acc=0.3907
  alpha=1.7 seed=42  no-MAC adagrad_ota  round   93/100 loss=1.6187 acc=0.3931
  alpha=1.7 seed=42  no-MAC adagrad_ota  round   94/100 loss=1.6151 acc=0.3933
  alpha=1.7 seed=42  no-MAC adagrad_ota  round   95/100 loss=1.6105 acc=0.3941
  alpha=1.7 seed=42  no-MAC adagrad_ota  round   96/100 loss=1.6079 acc=0.3973
  alpha=1.7 seed=42  no-MAC adagrad_ota  round   97/100 loss=1.6070 acc=0.3981
  alpha=1.7 seed=42  no-MAC adagrad_ota  round   98/100 loss=1.6052 acc=0.3993
  alpha=1.7 seed=42  no-MAC adagrad_ota  round   99/100 loss=1.6048 acc=0.4026
  alpha=1.7 seed=42  no-MAC adagrad_ota  round  100/100 loss=1.6056 acc=0.4050
  alpha=1.7 seed=43  no-MAC adagrad_ota  round    1/100 loss=3.1154 acc=0.1099
  alpha=1.7 seed=43  no-MAC adagrad_ota  round    2/100 loss=3.0569 acc=0.1001
  alpha=1.7 seed=43  no-MAC adagrad_ota  round    3/100 loss=3.2792 acc=0.1433
  alpha=1.7 seed=43  no-MAC adagrad_ota  round    4/100 loss=4.8038 acc=0.1349
  alpha=1.7 seed=43  no-MAC adagrad_ota  round    5/100 loss=5.4694 acc=0.1014
  alpha=1.7 seed=43  no-MAC adagrad_ota  round    6/100 loss=3.8128 acc=0.1156
  alpha=1.7 seed=43  no-MAC adagrad_ota  round    7/100 loss=2.8798 acc=0.1692
  alpha=1.7 seed=43  no-MAC adagrad_ota  round    8/100 loss=2.9287 acc=0.1580
  alpha=1.7 seed=43  no-MAC adagrad_ota  round    9/100 loss=2.6529 acc=0.1947
  alpha=1.7 seed=43  no-MAC adagrad_ota  round   10/100 loss=2.5443 acc=0.1846
  alpha=1.7 seed=43  no-MAC adagrad_ota  round   11/100 loss=2.3055 acc=0.2095
  alpha=1.7 seed=43  no-MAC adagrad_ota  round   12/100 loss=2.0629 acc=0.2563
  alpha=1.7 seed=43  no-MAC adagrad_ota  round   13/100 loss=2.0037 acc=0.2496
  alpha=1.7 seed=43  no-MAC adagrad_ota  round   14/100 loss=2.0094 acc=0.2328
  alpha=1.7 seed=43  no-MAC adagrad_ota  round   15/100 loss=2.0172 acc=0.2499
  alpha=1.7 seed=43  no-MAC adagrad_ota  round   16/100 loss=2.0616 acc=0.2541
  alpha=1.7 seed=43  no-MAC adagrad_ota  round   17/100 loss=2.0089 acc=0.2596
  alpha=1.7 seed=43  no-MAC adagrad_ota  round   18/100 loss=1.9049 acc=0.2909
  alpha=1.7 seed=43  no-MAC adagrad_ota  round   19/100 loss=1.8522 acc=0.3095
  alpha=1.7 seed=43  no-MAC adagrad_ota  round   20/100 loss=1.8358 acc=0.3074
  alpha=1.7 seed=43  no-MAC adagrad_ota  round   21/100 loss=1.8556 acc=0.2972
  alpha=1.7 seed=43  no-MAC adagrad_ota  round   22/100 loss=1.8718 acc=0.2974
  alpha=1.7 seed=43  no-MAC adagrad_ota  round   23/100 loss=1.8951 acc=0.2959
  alpha=1.7 seed=43  no-MAC adagrad_ota  round   24/100 loss=1.8782 acc=0.3008
  alpha=1.7 seed=43  no-MAC adagrad_ota  round   25/100 loss=1.8390 acc=0.3102
  alpha=1.7 seed=43  no-MAC adagrad_ota  round   26/100 loss=1.8120 acc=0.3191
  alpha=1.7 seed=43  no-MAC adagrad_ota  round   27/100 loss=1.8009 acc=0.3148
  alpha=1.7 seed=43  no-MAC adagrad_ota  round   28/100 loss=1.7955 acc=0.3167
  alpha=1.7 seed=43  no-MAC adagrad_ota  round   29/100 loss=1.7857 acc=0.3239
  alpha=1.7 seed=43  no-MAC adagrad_ota  round   30/100 loss=1.7628 acc=0.3321
  alpha=1.7 seed=43  no-MAC adagrad_ota  round   31/100 loss=1.7627 acc=0.3342
  alpha=1.7 seed=43  no-MAC adagrad_ota  round   32/100 loss=1.7556 acc=0.3395
  alpha=1.7 seed=43  no-MAC adagrad_ota  round   33/100 loss=1.7496 acc=0.3430
  alpha=1.7 seed=43  no-MAC adagrad_ota  round   34/100 loss=1.7530 acc=0.3402
  alpha=1.7 seed=43  no-MAC adagrad_ota  round   35/100 loss=1.7475 acc=0.3398
  alpha=1.7 seed=43  no-MAC adagrad_ota  round   36/100 loss=1.7420 acc=0.3411
  alpha=1.7 seed=43  no-MAC adagrad_ota  round   37/100 loss=1.7397 acc=0.3449
  alpha=1.7 seed=43  no-MAC adagrad_ota  round   38/100 loss=1.7370 acc=0.3507
  alpha=1.7 seed=43  no-MAC adagrad_ota  round   39/100 loss=1.7344 acc=0.3482
  alpha=1.7 seed=43  no-MAC adagrad_ota  round   40/100 loss=1.7308 acc=0.3459
  alpha=1.7 seed=43  no-MAC adagrad_ota  round   41/100 loss=1.7237 acc=0.3472
  alpha=1.7 seed=43  no-MAC adagrad_ota  round   42/100 loss=1.7231 acc=0.3476
  alpha=1.7 seed=43  no-MAC adagrad_ota  round   43/100 loss=1.7174 acc=0.3510
  alpha=1.7 seed=43  no-MAC adagrad_ota  round   44/100 loss=1.7087 acc=0.3469
  alpha=1.7 seed=43  no-MAC adagrad_ota  round   45/100 loss=1.7054 acc=0.3485
  alpha=1.7 seed=43  no-MAC adagrad_ota  round   46/100 loss=1.6987 acc=0.3531
  alpha=1.7 seed=43  no-MAC adagrad_ota  round   47/100 loss=1.6952 acc=0.3603
  alpha=1.7 seed=43  no-MAC adagrad_ota  round   48/100 loss=1.6895 acc=0.3619
  alpha=1.7 seed=43  no-MAC adagrad_ota  round   49/100 loss=1.6862 acc=0.3618
  alpha=1.7 seed=43  no-MAC adagrad_ota  round   50/100 loss=1.6804 acc=0.3660
  alpha=1.7 seed=43  no-MAC adagrad_ota  round   51/100 loss=1.6770 acc=0.3671
  alpha=1.7 seed=43  no-MAC adagrad_ota  round   52/100 loss=1.6787 acc=0.3655
  alpha=1.7 seed=43  no-MAC adagrad_ota  round   53/100 loss=1.6780 acc=0.3646
  alpha=1.7 seed=43  no-MAC adagrad_ota  round   54/100 loss=1.6803 acc=0.3607
  alpha=1.7 seed=43  no-MAC adagrad_ota  round   55/100 loss=1.6801 acc=0.3594
  alpha=1.7 seed=43  no-MAC adagrad_ota  round   56/100 loss=1.6799 acc=0.3566
  alpha=1.7 seed=43  no-MAC adagrad_ota  round   57/100 loss=1.6790 acc=0.3550
  alpha=1.7 seed=43  no-MAC adagrad_ota  round   58/100 loss=1.6761 acc=0.3554
  alpha=1.7 seed=43  no-MAC adagrad_ota  round   59/100 loss=1.6697 acc=0.3617
  alpha=1.7 seed=43  no-MAC adagrad_ota  round   60/100 loss=1.6640 acc=0.3669
  alpha=1.7 seed=43  no-MAC adagrad_ota  round   61/100 loss=1.6591 acc=0.3725
  alpha=1.7 seed=43  no-MAC adagrad_ota  round   62/100 loss=1.6561 acc=0.3728
  alpha=1.7 seed=43  no-MAC adagrad_ota  round   63/100 loss=1.6522 acc=0.3733
  alpha=1.7 seed=43  no-MAC adagrad_ota  round   64/100 loss=1.6528 acc=0.3710
  alpha=1.7 seed=43  no-MAC adagrad_ota  round   65/100 loss=1.6521 acc=0.3674
  alpha=1.7 seed=43  no-MAC adagrad_ota  round   66/100 loss=1.6514 acc=0.3677
  alpha=1.7 seed=43  no-MAC adagrad_ota  round   67/100 loss=1.6456 acc=0.3694
  alpha=1.7 seed=43  no-MAC adagrad_ota  round   68/100 loss=1.6379 acc=0.3737
  alpha=1.7 seed=43  no-MAC adagrad_ota  round   69/100 loss=1.6361 acc=0.3756
  alpha=1.7 seed=43  no-MAC adagrad_ota  round   70/100 loss=1.6308 acc=0.3819
  alpha=1.7 seed=43  no-MAC adagrad_ota  round   71/100 loss=1.6289 acc=0.3812
  alpha=1.7 seed=43  no-MAC adagrad_ota  round   72/100 loss=1.6293 acc=0.3810
  alpha=1.7 seed=43  no-MAC adagrad_ota  round   73/100 loss=1.6304 acc=0.3791
  alpha=1.7 seed=43  no-MAC adagrad_ota  round   74/100 loss=1.6313 acc=0.3757
  alpha=1.7 seed=43  no-MAC adagrad_ota  round   75/100 loss=1.6312 acc=0.3793
  alpha=1.7 seed=43  no-MAC adagrad_ota  round   76/100 loss=1.6311 acc=0.3755
  alpha=1.7 seed=43  no-MAC adagrad_ota  round   77/100 loss=1.6322 acc=0.3763
  alpha=1.7 seed=43  no-MAC adagrad_ota  round   78/100 loss=1.6310 acc=0.3787
  alpha=1.7 seed=43  no-MAC adagrad_ota  round   79/100 loss=1.6302 acc=0.3780
  alpha=1.7 seed=43  no-MAC adagrad_ota  round   80/100 loss=1.6272 acc=0.3821
  alpha=1.7 seed=43  no-MAC adagrad_ota  round   81/100 loss=1.6257 acc=0.3842
  alpha=1.7 seed=43  no-MAC adagrad_ota  round   82/100 loss=1.6259 acc=0.3822
  alpha=1.7 seed=43  no-MAC adagrad_ota  round   83/100 loss=1.6223 acc=0.3843
  alpha=1.7 seed=43  no-MAC adagrad_ota  round   84/100 loss=1.6184 acc=0.3871
  alpha=1.7 seed=43  no-MAC adagrad_ota  round   85/100 loss=1.6148 acc=0.3885
  alpha=1.7 seed=43  no-MAC adagrad_ota  round   86/100 loss=1.6128 acc=0.3882
  alpha=1.7 seed=43  no-MAC adagrad_ota  round   87/100 loss=1.6123 acc=0.3847
  alpha=1.7 seed=43  no-MAC adagrad_ota  round   88/100 loss=1.6135 acc=0.3839
  alpha=1.7 seed=43  no-MAC adagrad_ota  round   89/100 loss=1.6130 acc=0.3871
  alpha=1.7 seed=43  no-MAC adagrad_ota  round   90/100 loss=1.6142 acc=0.3891
  alpha=1.7 seed=43  no-MAC adagrad_ota  round   91/100 loss=1.6162 acc=0.3907
  alpha=1.7 seed=43  no-MAC adagrad_ota  round   92/100 loss=1.6145 acc=0.3928
  alpha=1.7 seed=43  no-MAC adagrad_ota  round   93/100 loss=1.6119 acc=0.3888
  alpha=1.7 seed=43  no-MAC adagrad_ota  round   94/100 loss=1.6097 acc=0.3878
  alpha=1.7 seed=43  no-MAC adagrad_ota  round   95/100 loss=1.6112 acc=0.3855
  alpha=1.7 seed=43  no-MAC adagrad_ota  round   96/100 loss=1.6124 acc=0.3862
  alpha=1.7 seed=43  no-MAC adagrad_ota  round   97/100 loss=1.6141 acc=0.3833
  alpha=1.7 seed=43  no-MAC adagrad_ota  round   98/100 loss=1.6127 acc=0.3833
  alpha=1.7 seed=43  no-MAC adagrad_ota  round   99/100 loss=1.6108 acc=0.3831
  alpha=1.7 seed=43  no-MAC adagrad_ota  round  100/100 loss=1.6049 acc=0.3868
  alpha=1.7 seed=44  no-MAC adagrad_ota  round    1/100 loss=3.2396 acc=0.1090
  alpha=1.7 seed=44  no-MAC adagrad_ota  round    2/100 loss=3.3345 acc=0.1074
  alpha=1.7 seed=44  no-MAC adagrad_ota  round    3/100 loss=4.8632 acc=0.0994
  alpha=1.7 seed=44  no-MAC adagrad_ota  round    4/100 loss=3.1169 acc=0.1462
  alpha=1.7 seed=44  no-MAC adagrad_ota  round    5/100 loss=3.5564 acc=0.1126
  alpha=1.7 seed=44  no-MAC adagrad_ota  round    6/100 loss=2.6345 acc=0.1664
  alpha=1.7 seed=44  no-MAC adagrad_ota  round    7/100 loss=3.1152 acc=0.1178
  alpha=1.7 seed=44  no-MAC adagrad_ota  round    8/100 loss=3.6920 acc=0.1044
  alpha=1.7 seed=44  no-MAC adagrad_ota  round    9/100 loss=3.0454 acc=0.1236
  alpha=1.7 seed=44  no-MAC adagrad_ota  round   10/100 loss=2.5643 acc=0.1921
  alpha=1.7 seed=44  no-MAC adagrad_ota  round   11/100 loss=2.3378 acc=0.1863
  alpha=1.7 seed=44  no-MAC adagrad_ota  round   12/100 loss=2.0649 acc=0.2396
  alpha=1.7 seed=44  no-MAC adagrad_ota  round   13/100 loss=1.9969 acc=0.2667
  alpha=1.7 seed=44  no-MAC adagrad_ota  round   14/100 loss=2.0479 acc=0.2541
  alpha=1.7 seed=44  no-MAC adagrad_ota  round   15/100 loss=2.0496 acc=0.2593
  alpha=1.7 seed=44  no-MAC adagrad_ota  round   16/100 loss=2.0240 acc=0.2626
  alpha=1.7 seed=44  no-MAC adagrad_ota  round   17/100 loss=2.0414 acc=0.2511
  alpha=1.7 seed=44  no-MAC adagrad_ota  round   18/100 loss=2.0093 acc=0.2457
  alpha=1.7 seed=44  no-MAC adagrad_ota  round   19/100 loss=1.9588 acc=0.2744
  alpha=1.7 seed=44  no-MAC adagrad_ota  round   20/100 loss=1.9250 acc=0.2937
  alpha=1.7 seed=44  no-MAC adagrad_ota  round   21/100 loss=1.9544 acc=0.2778
  alpha=1.7 seed=44  no-MAC adagrad_ota  round   22/100 loss=1.9908 acc=0.2734
  alpha=1.7 seed=44  no-MAC adagrad_ota  round   23/100 loss=1.9621 acc=0.2851
  alpha=1.7 seed=44  no-MAC adagrad_ota  round   24/100 loss=1.9526 acc=0.2896
  alpha=1.7 seed=44  no-MAC adagrad_ota  round   25/100 loss=1.9275 acc=0.2926
  alpha=1.7 seed=44  no-MAC adagrad_ota  round   26/100 loss=1.8825 acc=0.3020
  alpha=1.7 seed=44  no-MAC adagrad_ota  round   27/100 loss=1.8504 acc=0.3138
  alpha=1.7 seed=44  no-MAC adagrad_ota  round   28/100 loss=1.8127 acc=0.3296
  alpha=1.7 seed=44  no-MAC adagrad_ota  round   29/100 loss=1.7945 acc=0.3320
  alpha=1.7 seed=44  no-MAC adagrad_ota  round   30/100 loss=1.7918 acc=0.3330
  alpha=1.7 seed=44  no-MAC adagrad_ota  round   31/100 loss=1.7892 acc=0.3351
  alpha=1.7 seed=44  no-MAC adagrad_ota  round   32/100 loss=1.7756 acc=0.3420
  alpha=1.7 seed=44  no-MAC adagrad_ota  round   33/100 loss=1.7887 acc=0.3381
  alpha=1.7 seed=44  no-MAC adagrad_ota  round   34/100 loss=1.7854 acc=0.3396
  alpha=1.7 seed=44  no-MAC adagrad_ota  round   35/100 loss=1.7973 acc=0.3367
  alpha=1.7 seed=44  no-MAC adagrad_ota  round   36/100 loss=1.7837 acc=0.3417
  alpha=1.7 seed=44  no-MAC adagrad_ota  round   37/100 loss=1.7680 acc=0.3435
  alpha=1.7 seed=44  no-MAC adagrad_ota  round   38/100 loss=1.7504 acc=0.3472
  alpha=1.7 seed=44  no-MAC adagrad_ota  round   39/100 loss=1.7314 acc=0.3565
  alpha=1.7 seed=44  no-MAC adagrad_ota  round   40/100 loss=1.7146 acc=0.3596
  alpha=1.7 seed=44  no-MAC adagrad_ota  round   41/100 loss=1.7060 acc=0.3617
  alpha=1.7 seed=44  no-MAC adagrad_ota  round   42/100 loss=1.7101 acc=0.3613
  alpha=1.7 seed=44  no-MAC adagrad_ota  round   43/100 loss=1.7110 acc=0.3595
  alpha=1.7 seed=44  no-MAC adagrad_ota  round   44/100 loss=1.7158 acc=0.3561
  alpha=1.7 seed=44  no-MAC adagrad_ota  round   45/100 loss=1.7225 acc=0.3531
  alpha=1.7 seed=44  no-MAC adagrad_ota  round   46/100 loss=1.7171 acc=0.3588
  alpha=1.7 seed=44  no-MAC adagrad_ota  round   47/100 loss=1.7092 acc=0.3659
  alpha=1.7 seed=44  no-MAC adagrad_ota  round   48/100 loss=1.6975 acc=0.3713
  alpha=1.7 seed=44  no-MAC adagrad_ota  round   49/100 loss=1.6810 acc=0.3749
  alpha=1.7 seed=44  no-MAC adagrad_ota  round   50/100 loss=1.6762 acc=0.3790
  alpha=1.7 seed=44  no-MAC adagrad_ota  round   51/100 loss=1.6714 acc=0.3796
  alpha=1.7 seed=44  no-MAC adagrad_ota  round   52/100 loss=1.6673 acc=0.3812
  alpha=1.7 seed=44  no-MAC adagrad_ota  round   53/100 loss=1.6685 acc=0.3783
  alpha=1.7 seed=44  no-MAC adagrad_ota  round   54/100 loss=1.6675 acc=0.3769
  alpha=1.7 seed=44  no-MAC adagrad_ota  round   55/100 loss=1.6702 acc=0.3766
  alpha=1.7 seed=44  no-MAC adagrad_ota  round   56/100 loss=1.6735 acc=0.3733
  alpha=1.7 seed=44  no-MAC adagrad_ota  round   57/100 loss=1.6717 acc=0.3770
  alpha=1.7 seed=44  no-MAC adagrad_ota  round   58/100 loss=1.6676 acc=0.3812
  alpha=1.7 seed=44  no-MAC adagrad_ota  round   59/100 loss=1.6712 acc=0.3785
  alpha=1.7 seed=44  no-MAC adagrad_ota  round   60/100 loss=1.6652 acc=0.3825
  alpha=1.7 seed=44  no-MAC adagrad_ota  round   61/100 loss=1.6580 acc=0.3838
  alpha=1.7 seed=44  no-MAC adagrad_ota  round   62/100 loss=1.6522 acc=0.3851
  alpha=1.7 seed=44  no-MAC adagrad_ota  round   63/100 loss=1.6489 acc=0.3865
  alpha=1.7 seed=44  no-MAC adagrad_ota  round   64/100 loss=1.6503 acc=0.3842
  alpha=1.7 seed=44  no-MAC adagrad_ota  round   65/100 loss=1.6507 acc=0.3852
  alpha=1.7 seed=44  no-MAC adagrad_ota  round   66/100 loss=1.6502 acc=0.3857
  alpha=1.7 seed=44  no-MAC adagrad_ota  round   67/100 loss=1.6503 acc=0.3863
  alpha=1.7 seed=44  no-MAC adagrad_ota  round   68/100 loss=1.6523 acc=0.3849
  alpha=1.7 seed=44  no-MAC adagrad_ota  round   69/100 loss=1.6549 acc=0.3821
  alpha=1.7 seed=44  no-MAC adagrad_ota  round   70/100 loss=1.6475 acc=0.3844
  alpha=1.7 seed=44  no-MAC adagrad_ota  round   71/100 loss=1.6413 acc=0.3896
  alpha=1.7 seed=44  no-MAC adagrad_ota  round   72/100 loss=1.6318 acc=0.3960
  alpha=1.7 seed=44  no-MAC adagrad_ota  round   73/100 loss=1.6241 acc=0.3974
  alpha=1.7 seed=44  no-MAC adagrad_ota  round   74/100 loss=1.6208 acc=0.3976
  alpha=1.7 seed=44  no-MAC adagrad_ota  round   75/100 loss=1.6194 acc=0.3972
  alpha=1.7 seed=44  no-MAC adagrad_ota  round   76/100 loss=1.6213 acc=0.3981
  alpha=1.7 seed=44  no-MAC adagrad_ota  round   77/100 loss=1.6222 acc=0.3970
  alpha=1.7 seed=44  no-MAC adagrad_ota  round   78/100 loss=1.6240 acc=0.3931
  alpha=1.7 seed=44  no-MAC adagrad_ota  round   79/100 loss=1.6248 acc=0.3949
  alpha=1.7 seed=44  no-MAC adagrad_ota  round   80/100 loss=1.6217 acc=0.3999
  alpha=1.7 seed=44  no-MAC adagrad_ota  round   81/100 loss=1.6185 acc=0.4014
  alpha=1.7 seed=44  no-MAC adagrad_ota  round   82/100 loss=1.6163 acc=0.3992
  alpha=1.7 seed=44  no-MAC adagrad_ota  round   83/100 loss=1.6147 acc=0.3998
  alpha=1.7 seed=44  no-MAC adagrad_ota  round   84/100 loss=1.6147 acc=0.4014
  alpha=1.7 seed=44  no-MAC adagrad_ota  round   85/100 loss=1.6141 acc=0.4033
  alpha=1.7 seed=44  no-MAC adagrad_ota  round   86/100 loss=1.6160 acc=0.4030
  alpha=1.7 seed=44  no-MAC adagrad_ota  round   87/100 loss=1.6164 acc=0.4013
  alpha=1.7 seed=44  no-MAC adagrad_ota  round   88/100 loss=1.6163 acc=0.4014
  alpha=1.7 seed=44  no-MAC adagrad_ota  round   89/100 loss=1.6174 acc=0.3988
  alpha=1.7 seed=44  no-MAC adagrad_ota  round   90/100 loss=1.6186 acc=0.3950
  alpha=1.7 seed=44  no-MAC adagrad_ota  round   91/100 loss=1.6204 acc=0.3944
  alpha=1.7 seed=44  no-MAC adagrad_ota  round   92/100 loss=1.6179 acc=0.3967
  alpha=1.7 seed=44  no-MAC adagrad_ota  round   93/100 loss=1.6186 acc=0.3949
  alpha=1.7 seed=44  no-MAC adagrad_ota  round   94/100 loss=1.6158 acc=0.3980
  alpha=1.7 seed=44  no-MAC adagrad_ota  round   95/100 loss=1.6140 acc=0.3944
  alpha=1.7 seed=44  no-MAC adagrad_ota  round   96/100 loss=1.6116 acc=0.3954
  alpha=1.7 seed=44  no-MAC adagrad_ota  round   97/100 loss=1.6106 acc=0.3982
  alpha=1.7 seed=44  no-MAC adagrad_ota  round   98/100 loss=1.6110 acc=0.3985
  alpha=1.7 seed=44  no-MAC adagrad_ota  round   99/100 loss=1.6076 acc=0.3984
  alpha=1.7 seed=44  no-MAC adagrad_ota  round  100/100 loss=1.6036 acc=0.3991
  alpha=1.7 seed=42  no-MAC adam_ota     round    1/100 loss=2.8750 acc=0.1000
  alpha=1.7 seed=42  no-MAC adam_ota     round    2/100 loss=3.1902 acc=0.1002
  alpha=1.7 seed=42  no-MAC adam_ota     round    3/100 loss=4.8321 acc=0.1000
  alpha=1.7 seed=42  no-MAC adam_ota     round    4/100 loss=5.7939 acc=0.1004
  alpha=1.7 seed=42  no-MAC adam_ota     round    5/100 loss=3.7748 acc=0.1313
  alpha=1.7 seed=42  no-MAC adam_ota     round    6/100 loss=3.3924 acc=0.1387
  alpha=1.7 seed=42  no-MAC adam_ota     round    7/100 loss=4.3031 acc=0.1082
  alpha=1.7 seed=42  no-MAC adam_ota     round    8/100 loss=4.4142 acc=0.1216
  alpha=1.7 seed=42  no-MAC adam_ota     round    9/100 loss=3.6506 acc=0.1382
  alpha=1.7 seed=42  no-MAC adam_ota     round   10/100 loss=3.2269 acc=0.1443
  alpha=1.7 seed=42  no-MAC adam_ota     round   11/100 loss=3.7887 acc=0.1049
  alpha=1.7 seed=42  no-MAC adam_ota     round   12/100 loss=3.4975 acc=0.1130
  alpha=1.7 seed=42  no-MAC adam_ota     round   13/100 loss=2.7147 acc=0.1490
  alpha=1.7 seed=42  no-MAC adam_ota     round   14/100 loss=2.3773 acc=0.1938
  alpha=1.7 seed=42  no-MAC adam_ota     round   15/100 loss=2.4331 acc=0.1954
  alpha=1.7 seed=42  no-MAC adam_ota     round   16/100 loss=2.4553 acc=0.1972
  alpha=1.7 seed=42  no-MAC adam_ota     round   17/100 loss=2.3711 acc=0.1958
  alpha=1.7 seed=42  no-MAC adam_ota     round   18/100 loss=2.3160 acc=0.2002
  alpha=1.7 seed=42  no-MAC adam_ota     round   19/100 loss=2.4623 acc=0.1837
  alpha=1.7 seed=42  no-MAC adam_ota     round   20/100 loss=2.6675 acc=0.1653
  alpha=1.7 seed=42  no-MAC adam_ota     round   21/100 loss=2.5264 acc=0.1873
  alpha=1.7 seed=42  no-MAC adam_ota     round   22/100 loss=2.2768 acc=0.2439
  alpha=1.7 seed=42  no-MAC adam_ota     round   23/100 loss=2.1555 acc=0.2418
  alpha=1.7 seed=42  no-MAC adam_ota     round   24/100 loss=2.0708 acc=0.2470
  alpha=1.7 seed=42  no-MAC adam_ota     round   25/100 loss=2.0423 acc=0.2486
  alpha=1.7 seed=42  no-MAC adam_ota     round   26/100 loss=2.0301 acc=0.2456
  alpha=1.7 seed=42  no-MAC adam_ota     round   27/100 loss=2.0208 acc=0.2557
  alpha=1.7 seed=42  no-MAC adam_ota     round   28/100 loss=2.0554 acc=0.2581
  alpha=1.7 seed=42  no-MAC adam_ota     round   29/100 loss=2.0534 acc=0.2632
  alpha=1.7 seed=42  no-MAC adam_ota     round   30/100 loss=2.0156 acc=0.2765
  alpha=1.7 seed=42  no-MAC adam_ota     round   31/100 loss=1.9476 acc=0.2927
  alpha=1.7 seed=42  no-MAC adam_ota     round   32/100 loss=1.9132 acc=0.2955
  alpha=1.7 seed=42  no-MAC adam_ota     round   33/100 loss=1.8778 acc=0.2951
  alpha=1.7 seed=42  no-MAC adam_ota     round   34/100 loss=1.8593 acc=0.2992
  alpha=1.7 seed=42  no-MAC adam_ota     round   35/100 loss=1.8561 acc=0.3068
  alpha=1.7 seed=42  no-MAC adam_ota     round   36/100 loss=1.8585 acc=0.3068
  alpha=1.7 seed=42  no-MAC adam_ota     round   37/100 loss=1.8557 acc=0.3157
  alpha=1.7 seed=42  no-MAC adam_ota     round   38/100 loss=1.8742 acc=0.3124
  alpha=1.7 seed=42  no-MAC adam_ota     round   39/100 loss=1.8818 acc=0.3126
  alpha=1.7 seed=42  no-MAC adam_ota     round   40/100 loss=1.8806 acc=0.3125
  alpha=1.7 seed=42  no-MAC adam_ota     round   41/100 loss=1.8789 acc=0.3110
  alpha=1.7 seed=42  no-MAC adam_ota     round   42/100 loss=1.8465 acc=0.3230
  alpha=1.7 seed=42  no-MAC adam_ota     round   43/100 loss=1.8124 acc=0.3229
  alpha=1.7 seed=42  no-MAC adam_ota     round   44/100 loss=1.7996 acc=0.3227
  alpha=1.7 seed=42  no-MAC adam_ota     round   45/100 loss=1.7931 acc=0.3291
  alpha=1.7 seed=42  no-MAC adam_ota     round   46/100 loss=1.8079 acc=0.3332
  alpha=1.7 seed=42  no-MAC adam_ota     round   47/100 loss=1.8209 acc=0.3304
  alpha=1.7 seed=42  no-MAC adam_ota     round   48/100 loss=1.8102 acc=0.3316
  alpha=1.7 seed=42  no-MAC adam_ota     round   49/100 loss=1.7866 acc=0.3394
  alpha=1.7 seed=42  no-MAC adam_ota     round   50/100 loss=1.7733 acc=0.3466
  alpha=1.7 seed=42  no-MAC adam_ota     round   51/100 loss=1.7709 acc=0.3428
  alpha=1.7 seed=42  no-MAC adam_ota     round   52/100 loss=1.7666 acc=0.3406
  alpha=1.7 seed=42  no-MAC adam_ota     round   53/100 loss=1.7496 acc=0.3476
  alpha=1.7 seed=42  no-MAC adam_ota     round   54/100 loss=1.7460 acc=0.3525
  alpha=1.7 seed=42  no-MAC adam_ota     round   55/100 loss=1.7585 acc=0.3465
  alpha=1.7 seed=42  no-MAC adam_ota     round   56/100 loss=1.7663 acc=0.3468
  alpha=1.7 seed=42  no-MAC adam_ota     round   57/100 loss=1.7692 acc=0.3479
  alpha=1.7 seed=42  no-MAC adam_ota     round   58/100 loss=1.7618 acc=0.3493
  alpha=1.7 seed=42  no-MAC adam_ota     round   59/100 loss=1.7799 acc=0.3446
  alpha=1.7 seed=42  no-MAC adam_ota     round   60/100 loss=1.8336 acc=0.3321
  alpha=1.7 seed=42  no-MAC adam_ota     round   61/100 loss=1.8446 acc=0.3277
  alpha=1.7 seed=42  no-MAC adam_ota     round   62/100 loss=1.8588 acc=0.3237
  alpha=1.7 seed=42  no-MAC adam_ota     round   63/100 loss=1.8312 acc=0.3306
  alpha=1.7 seed=42  no-MAC adam_ota     round   64/100 loss=1.7817 acc=0.3385
  alpha=1.7 seed=42  no-MAC adam_ota     round   65/100 loss=1.7311 acc=0.3478
  alpha=1.7 seed=42  no-MAC adam_ota     round   66/100 loss=1.7195 acc=0.3434
  alpha=1.7 seed=42  no-MAC adam_ota     round   67/100 loss=1.7363 acc=0.3348
  alpha=1.7 seed=42  no-MAC adam_ota     round   68/100 loss=1.7563 acc=0.3253
  alpha=1.7 seed=42  no-MAC adam_ota     round   69/100 loss=1.7722 acc=0.3218
  alpha=1.7 seed=42  no-MAC adam_ota     round   70/100 loss=1.7641 acc=0.3274
  alpha=1.7 seed=42  no-MAC adam_ota     round   71/100 loss=1.7524 acc=0.3418
  alpha=1.7 seed=42  no-MAC adam_ota     round   72/100 loss=1.7322 acc=0.3462
  alpha=1.7 seed=42  no-MAC adam_ota     round   73/100 loss=1.7156 acc=0.3519
  alpha=1.7 seed=42  no-MAC adam_ota     round   74/100 loss=1.7251 acc=0.3454
  alpha=1.7 seed=42  no-MAC adam_ota     round   75/100 loss=1.7525 acc=0.3412
  alpha=1.7 seed=42  no-MAC adam_ota     round   76/100 loss=1.7727 acc=0.3371
  alpha=1.7 seed=42  no-MAC adam_ota     round   77/100 loss=1.7721 acc=0.3334
  alpha=1.7 seed=42  no-MAC adam_ota     round   78/100 loss=1.7480 acc=0.3399
  alpha=1.7 seed=42  no-MAC adam_ota     round   79/100 loss=1.7268 acc=0.3472
  alpha=1.7 seed=42  no-MAC adam_ota     round   80/100 loss=1.7106 acc=0.3504
  alpha=1.7 seed=42  no-MAC adam_ota     round   81/100 loss=1.7010 acc=0.3539
  alpha=1.7 seed=42  no-MAC adam_ota     round   82/100 loss=1.7013 acc=0.3528
  alpha=1.7 seed=42  no-MAC adam_ota     round   83/100 loss=1.7010 acc=0.3545
  alpha=1.7 seed=42  no-MAC adam_ota     round   84/100 loss=1.7078 acc=0.3514
  alpha=1.7 seed=42  no-MAC adam_ota     round   85/100 loss=1.7128 acc=0.3446
  alpha=1.7 seed=42  no-MAC adam_ota     round   86/100 loss=1.7052 acc=0.3496
  alpha=1.7 seed=42  no-MAC adam_ota     round   87/100 loss=1.6964 acc=0.3551
  alpha=1.7 seed=42  no-MAC adam_ota     round   88/100 loss=1.6889 acc=0.3574
  alpha=1.7 seed=42  no-MAC adam_ota     round   89/100 loss=1.6967 acc=0.3579
  alpha=1.7 seed=42  no-MAC adam_ota     round   90/100 loss=1.7172 acc=0.3538
  alpha=1.7 seed=42  no-MAC adam_ota     round   91/100 loss=1.7343 acc=0.3467
  alpha=1.7 seed=42  no-MAC adam_ota     round   92/100 loss=1.7308 acc=0.3481
  alpha=1.7 seed=42  no-MAC adam_ota     round   93/100 loss=1.7253 acc=0.3455
  alpha=1.7 seed=42  no-MAC adam_ota     round   94/100 loss=1.7062 acc=0.3497
  alpha=1.7 seed=42  no-MAC adam_ota     round   95/100 loss=1.7028 acc=0.3548
  alpha=1.7 seed=42  no-MAC adam_ota     round   96/100 loss=1.7156 acc=0.3529
  alpha=1.7 seed=42  no-MAC adam_ota     round   97/100 loss=1.7260 acc=0.3554
  alpha=1.7 seed=42  no-MAC adam_ota     round   98/100 loss=1.7479 acc=0.3469
  alpha=1.7 seed=42  no-MAC adam_ota     round   99/100 loss=1.7542 acc=0.3398
  alpha=1.7 seed=42  no-MAC adam_ota     round  100/100 loss=1.7403 acc=0.3422
  alpha=1.7 seed=43  no-MAC adam_ota     round    1/100 loss=3.2127 acc=0.1091
  alpha=1.7 seed=43  no-MAC adam_ota     round    2/100 loss=2.9646 acc=0.1000
  alpha=1.7 seed=43  no-MAC adam_ota     round    3/100 loss=3.6351 acc=0.1330
  alpha=1.7 seed=43  no-MAC adam_ota     round    4/100 loss=3.5143 acc=0.1427
  alpha=1.7 seed=43  no-MAC adam_ota     round    5/100 loss=5.7034 acc=0.1349
  alpha=1.7 seed=43  no-MAC adam_ota     round    6/100 loss=6.0039 acc=0.1012
  alpha=1.7 seed=43  no-MAC adam_ota     round    7/100 loss=4.6833 acc=0.1123
  alpha=1.7 seed=43  no-MAC adam_ota     round    8/100 loss=3.3956 acc=0.1267
  alpha=1.7 seed=43  no-MAC adam_ota     round    9/100 loss=2.8926 acc=0.1781
  alpha=1.7 seed=43  no-MAC adam_ota     round   10/100 loss=3.1383 acc=0.1495
  alpha=1.7 seed=43  no-MAC adam_ota     round   11/100 loss=2.7501 acc=0.1796
  alpha=1.7 seed=43  no-MAC adam_ota     round   12/100 loss=2.4737 acc=0.2139
  alpha=1.7 seed=43  no-MAC adam_ota     round   13/100 loss=2.4963 acc=0.1973
  alpha=1.7 seed=43  no-MAC adam_ota     round   14/100 loss=2.4452 acc=0.2014
  alpha=1.7 seed=43  no-MAC adam_ota     round   15/100 loss=2.2960 acc=0.2169
  alpha=1.7 seed=43  no-MAC adam_ota     round   16/100 loss=2.1839 acc=0.2529
  alpha=1.7 seed=43  no-MAC adam_ota     round   17/100 loss=2.1477 acc=0.2463
  alpha=1.7 seed=43  no-MAC adam_ota     round   18/100 loss=2.1802 acc=0.2141
  alpha=1.7 seed=43  no-MAC adam_ota     round   19/100 loss=2.1905 acc=0.2174
  alpha=1.7 seed=43  no-MAC adam_ota     round   20/100 loss=2.1545 acc=0.2513
  alpha=1.7 seed=43  no-MAC adam_ota     round   21/100 loss=2.1004 acc=0.2595
  alpha=1.7 seed=43  no-MAC adam_ota     round   22/100 loss=2.0427 acc=0.2574
  alpha=1.7 seed=43  no-MAC adam_ota     round   23/100 loss=1.9752 acc=0.2744
  alpha=1.7 seed=43  no-MAC adam_ota     round   24/100 loss=1.9342 acc=0.2972
  alpha=1.7 seed=43  no-MAC adam_ota     round   25/100 loss=1.9679 acc=0.2857
  alpha=1.7 seed=43  no-MAC adam_ota     round   26/100 loss=2.0578 acc=0.2496
  alpha=1.7 seed=43  no-MAC adam_ota     round   27/100 loss=2.1635 acc=0.2348
  alpha=1.7 seed=43  no-MAC adam_ota     round   28/100 loss=2.2006 acc=0.2413
  alpha=1.7 seed=43  no-MAC adam_ota     round   29/100 loss=2.1251 acc=0.2607
  alpha=1.7 seed=43  no-MAC adam_ota     round   30/100 loss=1.9804 acc=0.2795
  alpha=1.7 seed=43  no-MAC adam_ota     round   31/100 loss=1.8765 acc=0.3080
  alpha=1.7 seed=43  no-MAC adam_ota     round   32/100 loss=1.8387 acc=0.3280
  alpha=1.7 seed=43  no-MAC adam_ota     round   33/100 loss=1.8590 acc=0.3172
  alpha=1.7 seed=43  no-MAC adam_ota     round   34/100 loss=1.9287 acc=0.2866
  alpha=1.7 seed=43  no-MAC adam_ota     round   35/100 loss=1.9541 acc=0.2742
  alpha=1.7 seed=43  no-MAC adam_ota     round   36/100 loss=1.9322 acc=0.2760
  alpha=1.7 seed=43  no-MAC adam_ota     round   37/100 loss=1.8812 acc=0.2982
  alpha=1.7 seed=43  no-MAC adam_ota     round   38/100 loss=1.8464 acc=0.3095
  alpha=1.7 seed=43  no-MAC adam_ota     round   39/100 loss=1.8270 acc=0.3154
  alpha=1.7 seed=43  no-MAC adam_ota     round   40/100 loss=1.8157 acc=0.3271
  alpha=1.7 seed=43  no-MAC adam_ota     round   41/100 loss=1.8194 acc=0.3170
  alpha=1.7 seed=43  no-MAC adam_ota     round   42/100 loss=1.8525 acc=0.3075
  alpha=1.7 seed=43  no-MAC adam_ota     round   43/100 loss=1.8940 acc=0.2921
  alpha=1.7 seed=43  no-MAC adam_ota     round   44/100 loss=1.9204 acc=0.2933
  alpha=1.7 seed=43  no-MAC adam_ota     round   45/100 loss=1.8863 acc=0.3028
  alpha=1.7 seed=43  no-MAC adam_ota     round   46/100 loss=1.8655 acc=0.3099
  alpha=1.7 seed=43  no-MAC adam_ota     round   47/100 loss=1.8668 acc=0.3128
  alpha=1.7 seed=43  no-MAC adam_ota     round   48/100 loss=1.8406 acc=0.3193
  alpha=1.7 seed=43  no-MAC adam_ota     round   49/100 loss=1.8308 acc=0.3191
  alpha=1.7 seed=43  no-MAC adam_ota     round   50/100 loss=1.8167 acc=0.3155
  alpha=1.7 seed=43  no-MAC adam_ota     round   51/100 loss=1.8009 acc=0.3203
  alpha=1.7 seed=43  no-MAC adam_ota     round   52/100 loss=1.7936 acc=0.3204
  alpha=1.7 seed=43  no-MAC adam_ota     round   53/100 loss=1.7793 acc=0.3213
  alpha=1.7 seed=43  no-MAC adam_ota     round   54/100 loss=1.7569 acc=0.3308
  alpha=1.7 seed=43  no-MAC adam_ota     round   55/100 loss=1.7484 acc=0.3369
  alpha=1.7 seed=43  no-MAC adam_ota     round   56/100 loss=1.7444 acc=0.3401
  alpha=1.7 seed=43  no-MAC adam_ota     round   57/100 loss=1.7370 acc=0.3382
  alpha=1.7 seed=43  no-MAC adam_ota     round   58/100 loss=1.7261 acc=0.3445
  alpha=1.7 seed=43  no-MAC adam_ota     round   59/100 loss=1.7187 acc=0.3477
  alpha=1.7 seed=43  no-MAC adam_ota     round   60/100 loss=1.7139 acc=0.3454
  alpha=1.7 seed=43  no-MAC adam_ota     round   61/100 loss=1.7242 acc=0.3416
  alpha=1.7 seed=43  no-MAC adam_ota     round   62/100 loss=1.7293 acc=0.3399
  alpha=1.7 seed=43  no-MAC adam_ota     round   63/100 loss=1.7247 acc=0.3408
  alpha=1.7 seed=43  no-MAC adam_ota     round   64/100 loss=1.7197 acc=0.3425
  alpha=1.7 seed=43  no-MAC adam_ota     round   65/100 loss=1.7158 acc=0.3495
  alpha=1.7 seed=43  no-MAC adam_ota     round   66/100 loss=1.7253 acc=0.3380
  alpha=1.7 seed=43  no-MAC adam_ota     round   67/100 loss=1.7382 acc=0.3294
  alpha=1.7 seed=43  no-MAC adam_ota     round   68/100 loss=1.7324 acc=0.3327
  alpha=1.7 seed=43  no-MAC adam_ota     round   69/100 loss=1.7248 acc=0.3401
  alpha=1.7 seed=43  no-MAC adam_ota     round   70/100 loss=1.7152 acc=0.3487
  alpha=1.7 seed=43  no-MAC adam_ota     round   71/100 loss=1.7188 acc=0.3495
  alpha=1.7 seed=43  no-MAC adam_ota     round   72/100 loss=1.7348 acc=0.3474
  alpha=1.7 seed=43  no-MAC adam_ota     round   73/100 loss=1.7742 acc=0.3359
  alpha=1.7 seed=43  no-MAC adam_ota     round   74/100 loss=1.7992 acc=0.3268
  alpha=1.7 seed=43  no-MAC adam_ota     round   75/100 loss=1.8106 acc=0.3280
  alpha=1.7 seed=43  no-MAC adam_ota     round   76/100 loss=1.8383 acc=0.3214
  alpha=1.7 seed=43  no-MAC adam_ota     round   77/100 loss=1.8386 acc=0.3264
  alpha=1.7 seed=43  no-MAC adam_ota     round   78/100 loss=1.7886 acc=0.3350
  alpha=1.7 seed=43  no-MAC adam_ota     round   79/100 loss=1.7719 acc=0.3388
  alpha=1.7 seed=43  no-MAC adam_ota     round   80/100 loss=1.7528 acc=0.3402
  alpha=1.7 seed=43  no-MAC adam_ota     round   81/100 loss=1.7595 acc=0.3348
  alpha=1.7 seed=43  no-MAC adam_ota     round   82/100 loss=1.7761 acc=0.3310
  alpha=1.7 seed=43  no-MAC adam_ota     round   83/100 loss=1.7730 acc=0.3296
  alpha=1.7 seed=43  no-MAC adam_ota     round   84/100 loss=1.7325 acc=0.3370
  alpha=1.7 seed=43  no-MAC adam_ota     round   85/100 loss=1.7116 acc=0.3485
  alpha=1.7 seed=43  no-MAC adam_ota     round   86/100 loss=1.6784 acc=0.3594
  alpha=1.7 seed=43  no-MAC adam_ota     round   87/100 loss=1.6807 acc=0.3571
  alpha=1.7 seed=43  no-MAC adam_ota     round   88/100 loss=1.6932 acc=0.3551
  alpha=1.7 seed=43  no-MAC adam_ota     round   89/100 loss=1.6938 acc=0.3573
  alpha=1.7 seed=43  no-MAC adam_ota     round   90/100 loss=1.6895 acc=0.3557
  alpha=1.7 seed=43  no-MAC adam_ota     round   91/100 loss=1.6825 acc=0.3617
  alpha=1.7 seed=43  no-MAC adam_ota     round   92/100 loss=1.6909 acc=0.3570
  alpha=1.7 seed=43  no-MAC adam_ota     round   93/100 loss=1.7051 acc=0.3500
  alpha=1.7 seed=43  no-MAC adam_ota     round   94/100 loss=1.7131 acc=0.3458
  alpha=1.7 seed=43  no-MAC adam_ota     round   95/100 loss=1.7089 acc=0.3456
  alpha=1.7 seed=43  no-MAC adam_ota     round   96/100 loss=1.7073 acc=0.3454
  alpha=1.7 seed=43  no-MAC adam_ota     round   97/100 loss=1.6968 acc=0.3486
  alpha=1.7 seed=43  no-MAC adam_ota     round   98/100 loss=1.6869 acc=0.3535
  alpha=1.7 seed=43  no-MAC adam_ota     round   99/100 loss=1.6952 acc=0.3509
  alpha=1.7 seed=43  no-MAC adam_ota     round  100/100 loss=1.7102 acc=0.3463
  alpha=1.7 seed=44  no-MAC adam_ota     round    1/100 loss=3.3132 acc=0.1083
  alpha=1.7 seed=44  no-MAC adam_ota     round    2/100 loss=2.8581 acc=0.1255
  alpha=1.7 seed=44  no-MAC adam_ota     round    3/100 loss=5.2789 acc=0.1001
  alpha=1.7 seed=44  no-MAC adam_ota     round    4/100 loss=5.6658 acc=0.1002
  alpha=1.7 seed=44  no-MAC adam_ota     round    5/100 loss=3.9231 acc=0.1173
  alpha=1.7 seed=44  no-MAC adam_ota     round    6/100 loss=3.7443 acc=0.1313
  alpha=1.7 seed=44  no-MAC adam_ota     round    7/100 loss=3.8415 acc=0.1140
  alpha=1.7 seed=44  no-MAC adam_ota     round    8/100 loss=2.9900 acc=0.1657
  alpha=1.7 seed=44  no-MAC adam_ota     round    9/100 loss=2.9068 acc=0.1798
  alpha=1.7 seed=44  no-MAC adam_ota     round   10/100 loss=3.2456 acc=0.1263
  alpha=1.7 seed=44  no-MAC adam_ota     round   11/100 loss=3.3901 acc=0.1129
  alpha=1.7 seed=44  no-MAC adam_ota     round   12/100 loss=3.0843 acc=0.1227
  alpha=1.7 seed=44  no-MAC adam_ota     round   13/100 loss=2.6153 acc=0.1796
  alpha=1.7 seed=44  no-MAC adam_ota     round   14/100 loss=2.4022 acc=0.2121
  alpha=1.7 seed=44  no-MAC adam_ota     round   15/100 loss=2.2998 acc=0.1906
  alpha=1.7 seed=44  no-MAC adam_ota     round   16/100 loss=2.1034 acc=0.2391
  alpha=1.7 seed=44  no-MAC adam_ota     round   17/100 loss=2.0867 acc=0.2522
  alpha=1.7 seed=44  no-MAC adam_ota     round   18/100 loss=2.2803 acc=0.1999
  alpha=1.7 seed=44  no-MAC adam_ota     round   19/100 loss=2.5517 acc=0.1619
  alpha=1.7 seed=44  no-MAC adam_ota     round   20/100 loss=2.6138 acc=0.1651
  alpha=1.7 seed=44  no-MAC adam_ota     round   21/100 loss=2.5474 acc=0.1944
  alpha=1.7 seed=44  no-MAC adam_ota     round   22/100 loss=2.4617 acc=0.2305
  alpha=1.7 seed=44  no-MAC adam_ota     round   23/100 loss=2.3727 acc=0.2239
  alpha=1.7 seed=44  no-MAC adam_ota     round   24/100 loss=2.2462 acc=0.2242
  alpha=1.7 seed=44  no-MAC adam_ota     round   25/100 loss=2.1119 acc=0.2520
  alpha=1.7 seed=44  no-MAC adam_ota     round   26/100 loss=2.0466 acc=0.2677
  alpha=1.7 seed=44  no-MAC adam_ota     round   27/100 loss=2.0589 acc=0.2595
  alpha=1.7 seed=44  no-MAC adam_ota     round   28/100 loss=2.0455 acc=0.2611
  alpha=1.7 seed=44  no-MAC adam_ota     round   29/100 loss=2.0411 acc=0.2669
  alpha=1.7 seed=44  no-MAC adam_ota     round   30/100 loss=2.0675 acc=0.2715
  alpha=1.7 seed=44  no-MAC adam_ota     round   31/100 loss=2.0929 acc=0.2653
  alpha=1.7 seed=44  no-MAC adam_ota     round   32/100 loss=2.0843 acc=0.2568
  alpha=1.7 seed=44  no-MAC adam_ota     round   33/100 loss=2.1308 acc=0.2563
  alpha=1.7 seed=44  no-MAC adam_ota     round   34/100 loss=2.1099 acc=0.2685
  alpha=1.7 seed=44  no-MAC adam_ota     round   35/100 loss=2.0945 acc=0.2697
  alpha=1.7 seed=44  no-MAC adam_ota     round   36/100 loss=2.0764 acc=0.2715
  alpha=1.7 seed=44  no-MAC adam_ota     round   37/100 loss=2.0267 acc=0.2771
  alpha=1.7 seed=44  no-MAC adam_ota     round   38/100 loss=1.9636 acc=0.2972
  alpha=1.7 seed=44  no-MAC adam_ota     round   39/100 loss=1.9444 acc=0.2950
  alpha=1.7 seed=44  no-MAC adam_ota     round   40/100 loss=1.9970 acc=0.2749
  alpha=1.7 seed=44  no-MAC adam_ota     round   41/100 loss=1.9684 acc=0.2771
  alpha=1.7 seed=44  no-MAC adam_ota     round   42/100 loss=1.9725 acc=0.2920
  alpha=1.7 seed=44  no-MAC adam_ota     round   43/100 loss=1.9499 acc=0.3022
  alpha=1.7 seed=44  no-MAC adam_ota     round   44/100 loss=1.8915 acc=0.3111
  alpha=1.7 seed=44  no-MAC adam_ota     round   45/100 loss=1.8263 acc=0.3242
  alpha=1.7 seed=44  no-MAC adam_ota     round   46/100 loss=1.7925 acc=0.3290
  alpha=1.7 seed=44  no-MAC adam_ota     round   47/100 loss=1.8252 acc=0.3146
  alpha=1.7 seed=44  no-MAC adam_ota     round   48/100 loss=1.8755 acc=0.2975
  alpha=1.7 seed=44  no-MAC adam_ota     round   49/100 loss=1.8808 acc=0.2972
  alpha=1.7 seed=44  no-MAC adam_ota     round   50/100 loss=1.8664 acc=0.3048
  alpha=1.7 seed=44  no-MAC adam_ota     round   51/100 loss=1.8483 acc=0.3157
  alpha=1.7 seed=44  no-MAC adam_ota     round   52/100 loss=1.8323 acc=0.3203
  alpha=1.7 seed=44  no-MAC adam_ota     round   53/100 loss=1.8075 acc=0.3258
  alpha=1.7 seed=44  no-MAC adam_ota     round   54/100 loss=1.7722 acc=0.3365
  alpha=1.7 seed=44  no-MAC adam_ota     round   55/100 loss=1.7405 acc=0.3458
  alpha=1.7 seed=44  no-MAC adam_ota     round   56/100 loss=1.7509 acc=0.3445
  alpha=1.7 seed=44  no-MAC adam_ota     round   57/100 loss=1.7695 acc=0.3425
  alpha=1.7 seed=44  no-MAC adam_ota     round   58/100 loss=1.8155 acc=0.3278
  alpha=1.7 seed=44  no-MAC adam_ota     round   59/100 loss=1.8725 acc=0.3135
  alpha=1.7 seed=44  no-MAC adam_ota     round   60/100 loss=1.8638 acc=0.3168
  alpha=1.7 seed=44  no-MAC adam_ota     round   61/100 loss=1.7838 acc=0.3322
  alpha=1.7 seed=44  no-MAC adam_ota     round   62/100 loss=1.7519 acc=0.3450
  alpha=1.7 seed=44  no-MAC adam_ota     round   63/100 loss=1.7505 acc=0.3424
  alpha=1.7 seed=44  no-MAC adam_ota     round   64/100 loss=1.7650 acc=0.3350
  alpha=1.7 seed=44  no-MAC adam_ota     round   65/100 loss=1.7963 acc=0.3355
  alpha=1.7 seed=44  no-MAC adam_ota     round   66/100 loss=1.7877 acc=0.3381
  alpha=1.7 seed=44  no-MAC adam_ota     round   67/100 loss=1.7517 acc=0.3460
  alpha=1.7 seed=44  no-MAC adam_ota     round   68/100 loss=1.7307 acc=0.3498
  alpha=1.7 seed=44  no-MAC adam_ota     round   69/100 loss=1.7220 acc=0.3509
  alpha=1.7 seed=44  no-MAC adam_ota     round   70/100 loss=1.7112 acc=0.3545
  alpha=1.7 seed=44  no-MAC adam_ota     round   71/100 loss=1.7162 acc=0.3545
  alpha=1.7 seed=44  no-MAC adam_ota     round   72/100 loss=1.7118 acc=0.3575
  alpha=1.7 seed=44  no-MAC adam_ota     round   73/100 loss=1.7021 acc=0.3575
  alpha=1.7 seed=44  no-MAC adam_ota     round   74/100 loss=1.7033 acc=0.3556
  alpha=1.7 seed=44  no-MAC adam_ota     round   75/100 loss=1.7137 acc=0.3514
  alpha=1.7 seed=44  no-MAC adam_ota     round   76/100 loss=1.7083 acc=0.3524
  alpha=1.7 seed=44  no-MAC adam_ota     round   77/100 loss=1.7008 acc=0.3589
  alpha=1.7 seed=44  no-MAC adam_ota     round   78/100 loss=1.6992 acc=0.3622
  alpha=1.7 seed=44  no-MAC adam_ota     round   79/100 loss=1.6955 acc=0.3660
  alpha=1.7 seed=44  no-MAC adam_ota     round   80/100 loss=1.6926 acc=0.3614
  alpha=1.7 seed=44  no-MAC adam_ota     round   81/100 loss=1.6924 acc=0.3574
  alpha=1.7 seed=44  no-MAC adam_ota     round   82/100 loss=1.6924 acc=0.3568
  alpha=1.7 seed=44  no-MAC adam_ota     round   83/100 loss=1.6868 acc=0.3565
  alpha=1.7 seed=44  no-MAC adam_ota     round   84/100 loss=1.6973 acc=0.3541
  alpha=1.7 seed=44  no-MAC adam_ota     round   85/100 loss=1.6968 acc=0.3591
  alpha=1.7 seed=44  no-MAC adam_ota     round   86/100 loss=1.6903 acc=0.3619
  alpha=1.7 seed=44  no-MAC adam_ota     round   87/100 loss=1.6797 acc=0.3667
  alpha=1.7 seed=44  no-MAC adam_ota     round   88/100 loss=1.6857 acc=0.3640
  alpha=1.7 seed=44  no-MAC adam_ota     round   89/100 loss=1.6830 acc=0.3650
  alpha=1.7 seed=44  no-MAC adam_ota     round   90/100 loss=1.6902 acc=0.3609
  alpha=1.7 seed=44  no-MAC adam_ota     round   91/100 loss=1.7088 acc=0.3585
  alpha=1.7 seed=44  no-MAC adam_ota     round   92/100 loss=1.7244 acc=0.3525
  alpha=1.7 seed=44  no-MAC adam_ota     round   93/100 loss=1.7343 acc=0.3513
  alpha=1.7 seed=44  no-MAC adam_ota     round   94/100 loss=1.7226 acc=0.3549
  alpha=1.7 seed=44  no-MAC adam_ota     round   95/100 loss=1.7039 acc=0.3579
  alpha=1.7 seed=44  no-MAC adam_ota     round   96/100 loss=1.7006 acc=0.3551
  alpha=1.7 seed=44  no-MAC adam_ota     round   97/100 loss=1.7043 acc=0.3607
  alpha=1.7 seed=44  no-MAC adam_ota     round   98/100 loss=1.7134 acc=0.3574
  alpha=1.7 seed=44  no-MAC adam_ota     round   99/100 loss=1.7076 acc=0.3588
  alpha=1.7 seed=44  no-MAC adam_ota     round  100/100 loss=1.7204 acc=0.3554
  alpha=1.9 seed=42  no-MAC fedavg       round    1/100 loss=2.3237 acc=0.0799
  alpha=1.9 seed=42  no-MAC fedavg       round    2/100 loss=3437265054963561330106171392.0000 acc=0.1002
  alpha=1.9 seed=42  no-MAC fedavg       round    3/100 loss=43916711690240.0000 acc=0.0951
  alpha=1.9 seed=42  no-MAC fedavg       round    4/100 loss=2.2468 acc=0.1569
  alpha=1.9 seed=42  no-MAC fedavg       round    5/100 loss=491850125279232.0000 acc=0.0908
  alpha=1.9 seed=42  no-MAC fedavg       round    6/100 loss=2.2137 acc=0.1808
  alpha=1.9 seed=42  no-MAC fedavg       round    7/100 loss=2.1962 acc=0.1880
  alpha=1.9 seed=42  no-MAC fedavg       round    8/100 loss=576357767577600.0000 acc=0.1000
  alpha=1.9 seed=42  no-MAC fedavg       round    9/100 loss=2.1609 acc=0.2002
  alpha=1.9 seed=42  no-MAC fedavg       round   10/100 loss=710684748808192.0000 acc=0.1000
  alpha=1.9 seed=42  no-MAC fedavg       round   11/100 loss=2.1296 acc=0.2102
  alpha=1.9 seed=42  no-MAC fedavg       round   12/100 loss=2.1169 acc=0.2114
  alpha=1.9 seed=42  no-MAC fedavg       round   13/100 loss=2.1004 acc=0.2179
  alpha=1.9 seed=42  no-MAC fedavg       round   14/100 loss=250023082196992.0000 acc=0.0987
  alpha=1.9 seed=42  no-MAC fedavg       round   15/100 loss=2.0713 acc=0.2341
  alpha=1.9 seed=42  no-MAC fedavg       round   16/100 loss=2.0580 acc=0.2340
  alpha=1.9 seed=42  no-MAC fedavg       round   17/100 loss=253293766901760.0000 acc=0.0856
  alpha=1.9 seed=42  no-MAC fedavg       round   18/100 loss=2.0339 acc=0.2407
  alpha=1.9 seed=42  no-MAC fedavg       round   19/100 loss=2.0277 acc=0.2394
  alpha=1.9 seed=42  no-MAC fedavg       round   20/100 loss=2.0171 acc=0.2445
  alpha=1.9 seed=42  no-MAC fedavg       round   21/100 loss=2.0079 acc=0.2523
  alpha=1.9 seed=42  no-MAC fedavg       round   22/100 loss=143872227278848.0000 acc=0.1180
  alpha=1.9 seed=42  no-MAC fedavg       round   23/100 loss=1.9858 acc=0.2508
  alpha=1.9 seed=42  no-MAC fedavg       round   24/100 loss=1.9778 acc=0.2603
  alpha=1.9 seed=42  no-MAC fedavg       round   25/100 loss=282339171106816.0000 acc=0.0987
  alpha=1.9 seed=42  no-MAC fedavg       round   26/100 loss=1.9591 acc=0.2608
  alpha=1.9 seed=42  no-MAC fedavg       round   27/100 loss=371358475223040.0000 acc=0.1033
  alpha=1.9 seed=42  no-MAC fedavg       round   28/100 loss=1.9437 acc=0.2692
  alpha=1.9 seed=42  no-MAC fedavg       round   29/100 loss=1.9400 acc=0.2688
  alpha=1.9 seed=42  no-MAC fedavg       round   30/100 loss=1.9332 acc=0.2785
  alpha=1.9 seed=42  no-MAC fedavg       round   31/100 loss=141144637833216.0000 acc=0.1079
  alpha=1.9 seed=42  no-MAC fedavg       round   32/100 loss=1.9222 acc=0.2789
  alpha=1.9 seed=42  no-MAC fedavg       round   33/100 loss=81410434007040.0000 acc=0.1006
  alpha=1.9 seed=42  no-MAC fedavg       round   34/100 loss=1.9139 acc=0.2862
  alpha=1.9 seed=42  no-MAC fedavg       round   35/100 loss=1.9053 acc=0.2850
  alpha=1.9 seed=42  no-MAC fedavg       round   36/100 loss=1.8998 acc=0.2866
  alpha=1.9 seed=42  no-MAC fedavg       round   37/100 loss=1.8983 acc=0.2850
  alpha=1.9 seed=42  no-MAC fedavg       round   38/100 loss=1.8899 acc=0.2935
  alpha=1.9 seed=42  no-MAC fedavg       round   39/100 loss=1.8799 acc=0.2962
  alpha=1.9 seed=42  no-MAC fedavg       round   40/100 loss=101729454522368.0000 acc=0.1037
  alpha=1.9 seed=42  no-MAC fedavg       round   41/100 loss=1.8724 acc=0.3010
  alpha=1.9 seed=42  no-MAC fedavg       round   42/100 loss=1.8641 acc=0.3012
  alpha=1.9 seed=42  no-MAC fedavg       round   43/100 loss=1.8604 acc=0.3025
  alpha=1.9 seed=42  no-MAC fedavg       round   44/100 loss=176395095375872.0000 acc=0.1037
  alpha=1.9 seed=42  no-MAC fedavg       round   45/100 loss=1.8530 acc=0.3118
  alpha=1.9 seed=42  no-MAC fedavg       round   46/100 loss=1.8485 acc=0.3115
  alpha=1.9 seed=42  no-MAC fedavg       round   47/100 loss=57624403109960839280703045632.0000 acc=0.1000
  alpha=1.9 seed=42  no-MAC fedavg       round   48/100 loss=1.8468 acc=0.3043
  alpha=1.9 seed=42  no-MAC fedavg       round   49/100 loss=1.8415 acc=0.3124
  alpha=1.9 seed=42  no-MAC fedavg       round   50/100 loss=1.8329 acc=0.3206
  alpha=1.9 seed=42  no-MAC fedavg       round   51/100 loss=1.8277 acc=0.3275
  alpha=1.9 seed=42  no-MAC fedavg       round   52/100 loss=1.8227 acc=0.3271
  alpha=1.9 seed=42  no-MAC fedavg       round   53/100 loss=1.8234 acc=0.3236
  alpha=1.9 seed=42  no-MAC fedavg       round   54/100 loss=1.8151 acc=0.3275
  alpha=1.9 seed=42  no-MAC fedavg       round   55/100 loss=1.8155 acc=0.3313
  alpha=1.9 seed=42  no-MAC fedavg       round   56/100 loss=1.8083 acc=0.3381
  alpha=1.9 seed=42  no-MAC fedavg       round   57/100 loss=1.8015 acc=0.3398
  alpha=1.9 seed=42  no-MAC fedavg       round   58/100 loss=1.8017 acc=0.3376
  alpha=1.9 seed=42  no-MAC fedavg       round   59/100 loss=1.7984 acc=0.3367
  alpha=1.9 seed=42  no-MAC fedavg       round   60/100 loss=1.7939 acc=0.3386
  alpha=1.9 seed=42  no-MAC fedavg       round   61/100 loss=1.7914 acc=0.3393
  alpha=1.9 seed=42  no-MAC fedavg       round   62/100 loss=1.7869 acc=0.3413
  alpha=1.9 seed=42  no-MAC fedavg       round   63/100 loss=1.7869 acc=0.3377
  alpha=1.9 seed=42  no-MAC fedavg       round   64/100 loss=1866128259284992.0000 acc=0.1115
  alpha=1.9 seed=42  no-MAC fedavg       round   65/100 loss=115758310883328.0000 acc=0.1007
  alpha=1.9 seed=42  no-MAC fedavg       round   66/100 loss=3316493215334400.0000 acc=0.0999
  alpha=1.9 seed=42  no-MAC fedavg       round   67/100 loss=1.7827 acc=0.3473
  alpha=1.9 seed=42  no-MAC fedavg       round   68/100 loss=453001575661568.0000 acc=0.1011
  alpha=1.9 seed=42  no-MAC fedavg       round   69/100 loss=21240316166144.0000 acc=0.1075
  alpha=1.9 seed=42  no-MAC fedavg       round   70/100 loss=183782757892096.0000 acc=0.1028
  alpha=1.9 seed=42  no-MAC fedavg       round   71/100 loss=1.7593 acc=0.3548
  alpha=1.9 seed=42  no-MAC fedavg       round   72/100 loss=1.7591 acc=0.3597
  alpha=1.9 seed=42  no-MAC fedavg       round   73/100 loss=104939380539392.0000 acc=0.1004
  alpha=1.9 seed=42  no-MAC fedavg       round   74/100 loss=1.7453 acc=0.3599
  alpha=1.9 seed=42  no-MAC fedavg       round   75/100 loss=1.7452 acc=0.3581
  alpha=1.9 seed=42  no-MAC fedavg       round   76/100 loss=142974142906368.0000 acc=0.1000
  alpha=1.9 seed=42  no-MAC fedavg       round   77/100 loss=102479530295296.0000 acc=0.1003
  alpha=1.9 seed=42  no-MAC fedavg       round   78/100 loss=274860341198848.0000 acc=0.1018
  alpha=1.9 seed=42  no-MAC fedavg       round   79/100 loss=1.7385 acc=0.3613
  alpha=1.9 seed=42  no-MAC fedavg       round   80/100 loss=89190540771328.0000 acc=0.1015
  alpha=1.9 seed=42  no-MAC fedavg       round   81/100 loss=195816367063040.0000 acc=0.1134
  alpha=1.9 seed=42  no-MAC fedavg       round   82/100 loss=1.7258 acc=0.3693
  alpha=1.9 seed=42  no-MAC fedavg       round   83/100 loss=1.7287 acc=0.3616
  alpha=1.9 seed=42  no-MAC fedavg       round   84/100 loss=1.7281 acc=0.3699
  alpha=1.9 seed=42  no-MAC fedavg       round   85/100 loss=1.7182 acc=0.3716
  alpha=1.9 seed=42  no-MAC fedavg       round   86/100 loss=1.7178 acc=0.3661
  alpha=1.9 seed=42  no-MAC fedavg       round   87/100 loss=1.7166 acc=0.3706
  alpha=1.9 seed=42  no-MAC fedavg       round   88/100 loss=1.7138 acc=0.3676
  alpha=1.9 seed=42  no-MAC fedavg       round   89/100 loss=1.7102 acc=0.3732
  alpha=1.9 seed=42  no-MAC fedavg       round   90/100 loss=1.7061 acc=0.3751
  alpha=1.9 seed=42  no-MAC fedavg       round   91/100 loss=1.7033 acc=0.3762
  alpha=1.9 seed=42  no-MAC fedavg       round   92/100 loss=1726215673085952.0000 acc=0.1087
  alpha=1.9 seed=42  no-MAC fedavg       round   93/100 loss=1.6980 acc=0.3831
  alpha=1.9 seed=42  no-MAC fedavg       round   94/100 loss=1.6978 acc=0.3803
  alpha=1.9 seed=42  no-MAC fedavg       round   95/100 loss=1952692519829504.0000 acc=0.1004
  alpha=1.9 seed=42  no-MAC fedavg       round   96/100 loss=557130977378304.0000 acc=0.1025
  alpha=1.9 seed=42  no-MAC fedavg       round   97/100 loss=1.6904 acc=0.3823
  alpha=1.9 seed=42  no-MAC fedavg       round   98/100 loss=1.6859 acc=0.3849
  alpha=1.9 seed=42  no-MAC fedavg       round   99/100 loss=309454541112797593773862289408.0000 acc=0.0936
  alpha=1.9 seed=42  no-MAC fedavg       round  100/100 loss=1.6902 acc=0.3757
  alpha=1.9 seed=43  no-MAC fedavg       round    1/100 loss=1652336109872489253956485120.0000 acc=0.0987
  alpha=1.9 seed=43  no-MAC fedavg       round    2/100 loss=56646990561280.0000 acc=0.1155
  alpha=1.9 seed=43  no-MAC fedavg       round    3/100 loss=2.2757 acc=0.1549
  alpha=1.9 seed=43  no-MAC fedavg       round    4/100 loss=2.2605 acc=0.1657
  alpha=1.9 seed=43  no-MAC fedavg       round    5/100 loss=2.2460 acc=0.1726
  alpha=1.9 seed=43  no-MAC fedavg       round    6/100 loss=175687952498688.0000 acc=0.0999
  alpha=1.9 seed=43  no-MAC fedavg       round    7/100 loss=2.2066 acc=0.1974
  alpha=1.9 seed=43  no-MAC fedavg       round    8/100 loss=2.1933 acc=0.1981
  alpha=1.9 seed=43  no-MAC fedavg       round    9/100 loss=2.1746 acc=0.2067
  alpha=1.9 seed=43  no-MAC fedavg       round   10/100 loss=700168789819392.0000 acc=0.1042
  alpha=1.9 seed=43  no-MAC fedavg       round   11/100 loss=2.1397 acc=0.2214
  alpha=1.9 seed=43  no-MAC fedavg       round   12/100 loss=246566086508544.0000 acc=0.1004
  alpha=1.9 seed=43  no-MAC fedavg       round   13/100 loss=2.1062 acc=0.2259
  alpha=1.9 seed=44  no-MAC fedavg       round    1/100 loss=2.2807 acc=0.1226
  alpha=1.9 seed=44  no-MAC fedavg       round    2/100 loss=2.2639 acc=0.1457
  alpha=1.9 seed=44  no-MAC fedavg       round    3/100 loss=208554736746496.0000 acc=0.0996
  alpha=1.9 seed=44  no-MAC fedavg       round    4/100 loss=2.2273 acc=0.1708
  alpha=1.9 seed=44  no-MAC fedavg       round    5/100 loss=2.2038 acc=0.1955
  alpha=1.9 seed=44  no-MAC fedavg       round    6/100 loss=2.1848 acc=0.2021
  alpha=1.9 seed=44  no-MAC fedavg       round    7/100 loss=2.1661 acc=0.2111
  alpha=1.9 seed=44  no-MAC fedavg       round    8/100 loss=8517143309933241083703066624.0000 acc=0.0948
  alpha=1.9 seed=44  no-MAC fedavg       round    9/100 loss=2.1349 acc=0.2181
  alpha=1.9 seed=44  no-MAC fedavg       round   10/100 loss=2.1208 acc=0.2289
  alpha=1.9 seed=44  no-MAC fedavg       round   11/100 loss=2.1056 acc=0.2321
  alpha=1.9 seed=44  no-MAC fedavg       round   12/100 loss=308135113785344.0000 acc=0.1015
  alpha=1.9 seed=44  no-MAC fedavg       round   13/100 loss=2.0763 acc=0.2421
  alpha=1.9 seed=44  no-MAC fedavg       round   14/100 loss=2.0644 acc=0.2388
  alpha=1.9 seed=44  no-MAC fedavg       round   15/100 loss=2.0513 acc=0.2434
  alpha=1.9 seed=44  no-MAC fedavg       round   16/100 loss=210658045984768.0000 acc=0.0958
  alpha=1.9 seed=44  no-MAC fedavg       round   17/100 loss=144609569144832.0000 acc=0.0964
  alpha=1.9 seed=44  no-MAC fedavg       round   18/100 loss=281010667257856.0000 acc=0.1127
  alpha=1.9 seed=44  no-MAC fedavg       round   19/100 loss=866166658564096.0000 acc=0.1011
  alpha=1.9 seed=44  no-MAC fedavg       round   20/100 loss=65663284543488.0000 acc=0.1001
  alpha=1.9 seed=44  no-MAC fedavg       round   21/100 loss=1274841856475136.0000 acc=0.1017
  alpha=1.9 seed=44  no-MAC fedavg       round   22/100 loss=494126021738496.0000 acc=0.0918
  alpha=1.9 seed=44  no-MAC fedavg       round   23/100 loss=2592575940722688.0000 acc=0.1099
  alpha=1.9 seed=44  no-MAC fedavg       round   24/100 loss=1.9677 acc=0.2693
  alpha=1.9 seed=44  no-MAC fedavg       round   25/100 loss=81595394424832.0000 acc=0.1015
  alpha=1.9 seed=44  no-MAC fedavg       round   26/100 loss=1.9547 acc=0.2740
  alpha=1.9 seed=44  no-MAC fedavg       round   27/100 loss=1943642486865920.0000 acc=0.0980
  alpha=1.9 seed=44  no-MAC fedavg       round   28/100 loss=1.9375 acc=0.2780
  alpha=1.9 seed=44  no-MAC fedavg       round   29/100 loss=1.9340 acc=0.2802
  alpha=1.9 seed=44  no-MAC fedavg       round   30/100 loss=170329309708288.0000 acc=0.1200
  alpha=1.9 seed=44  no-MAC fedavg       round   31/100 loss=1.9201 acc=0.2887
  alpha=1.9 seed=44  no-MAC fedavg       round   32/100 loss=1.9157 acc=0.2897
  alpha=1.9 seed=44  no-MAC fedavg       round   33/100 loss=1402621696933888.0000 acc=0.1031
  alpha=1.9 seed=44  no-MAC fedavg       round   34/100 loss=1.9010 acc=0.2970
  alpha=1.9 seed=44  no-MAC fedavg       round   35/100 loss=226211598958592.0000 acc=0.1002
  alpha=1.9 seed=44  no-MAC fedavg       round   36/100 loss=1.8975 acc=0.2934
  alpha=1.9 seed=44  no-MAC fedavg       round   37/100 loss=1.8878 acc=0.2975
  alpha=1.9 seed=44  no-MAC fedavg       round   38/100 loss=1.8825 acc=0.3018
  alpha=1.9 seed=44  no-MAC fedavg       round   39/100 loss=1.8721 acc=0.3094
  alpha=1.9 seed=44  no-MAC fedavg       round   40/100 loss=1.8654 acc=0.3077
  alpha=1.9 seed=44  no-MAC fedavg       round   41/100 loss=1.8612 acc=0.3042
  alpha=1.9 seed=44  no-MAC fedavg       round   42/100 loss=170277216452608.0000 acc=0.0997
  alpha=1.9 seed=44  no-MAC fedavg       round   43/100 loss=1.8539 acc=0.3159
  alpha=1.9 seed=44  no-MAC fedavg       round   44/100 loss=1.8453 acc=0.3178
  alpha=1.9 seed=44  no-MAC fedavg       round   45/100 loss=1.8490 acc=0.3133
  alpha=1.9 seed=44  no-MAC fedavg       round   46/100 loss=1.8436 acc=0.3149
  alpha=1.9 seed=44  no-MAC fedavg       round   47/100 loss=1.8379 acc=0.3195
  alpha=1.9 seed=44  no-MAC fedavg       round   48/100 loss=1.8302 acc=0.3209
  alpha=1.9 seed=44  no-MAC fedavg       round   49/100 loss=1.8266 acc=0.3226
  alpha=1.9 seed=44  no-MAC fedavg       round   50/100 loss=1544970603331584.0000 acc=0.0996
  alpha=1.9 seed=44  no-MAC fedavg       round   51/100 loss=479020923748352.0000 acc=0.0993
  alpha=1.9 seed=44  no-MAC fedavg       round   52/100 loss=1.8184 acc=0.3246
  alpha=1.9 seed=44  no-MAC fedavg       round   53/100 loss=1.8139 acc=0.3252
  alpha=1.9 seed=44  no-MAC fedavg       round   54/100 loss=1.8081 acc=0.3306
  alpha=1.9 seed=44  no-MAC fedavg       round   55/100 loss=589371317157888.0000 acc=0.1165
  alpha=1.9 seed=44  no-MAC fedavg       round   56/100 loss=1249440211927040.0000 acc=0.0994
  alpha=1.9 seed=44  no-MAC fedavg       round   57/100 loss=1.7984 acc=0.3328
  alpha=1.9 seed=44  no-MAC fedavg       round   58/100 loss=1.7952 acc=0.3297
  alpha=1.9 seed=44  no-MAC fedavg       round   59/100 loss=1.7872 acc=0.3311
  alpha=1.9 seed=44  no-MAC fedavg       round   60/100 loss=1.7812 acc=0.3373
  alpha=1.9 seed=42  no-MAC fedavgm      round    1/100 loss=2.3237 acc=0.0799
  alpha=1.9 seed=42  no-MAC fedavgm      round    2/100 loss=3307576770279848519072219136.0000 acc=0.0999
  alpha=1.9 seed=42  no-MAC fedavgm      round    3/100 loss=126407950729216.0000 acc=0.1004
  alpha=1.9 seed=42  no-MAC fedavgm      round    4/100 loss=2.2269 acc=0.1651
  alpha=1.9 seed=42  no-MAC fedavgm      round    5/100 loss=1469996580470784.0000 acc=0.1017
  alpha=1.9 seed=42  no-MAC fedavgm      round    6/100 loss=2.1075 acc=0.2285
  alpha=1.9 seed=42  no-MAC fedavgm      round    7/100 loss=2.0921 acc=0.2113
  alpha=1.9 seed=42  no-MAC fedavgm      round    8/100 loss=679303838695424.0000 acc=0.0999
  alpha=1.9 seed=42  no-MAC fedavgm      round    9/100 loss=2.0487 acc=0.2282
  alpha=1.9 seed=42  no-MAC fedavgm      round   10/100 loss=942101344813056.0000 acc=0.1104
  alpha=1.9 seed=42  no-MAC fedavgm      round   11/100 loss=2.1090 acc=0.2065
  alpha=1.9 seed=42  no-MAC fedavgm      round   12/100 loss=2.1180 acc=0.2138
  alpha=1.9 seed=42  no-MAC fedavgm      round   13/100 loss=2.1253 acc=0.2216
  alpha=1.9 seed=42  no-MAC fedavgm      round   14/100 loss=1002587033698304.0000 acc=0.0998
  alpha=1.9 seed=42  no-MAC fedavgm      round   15/100 loss=2.0608 acc=0.2309
  alpha=1.9 seed=42  no-MAC fedavgm      round   16/100 loss=2.0457 acc=0.2352
  alpha=1.9 seed=42  no-MAC fedavgm      round   17/100 loss=341187940581376.0000 acc=0.1002
  alpha=1.9 seed=42  no-MAC fedavgm      round   18/100 loss=2.1242 acc=0.2091
  alpha=1.9 seed=42  no-MAC fedavgm      round   19/100 loss=2.1700 acc=0.2196
  alpha=1.9 seed=42  no-MAC fedavgm      round   20/100 loss=2.2277 acc=0.2282
  alpha=1.9 seed=42  no-MAC fedavgm      round   21/100 loss=2.2528 acc=0.2331
  alpha=1.9 seed=42  no-MAC fedavgm      round   22/100 loss=100271489286144.0000 acc=0.1255
  alpha=1.9 seed=42  no-MAC fedavgm      round   23/100 loss=2.2178 acc=0.2283
  alpha=1.9 seed=42  no-MAC fedavgm      round   24/100 loss=2.1777 acc=0.2254
  alpha=1.9 seed=42  no-MAC fedavgm      round   25/100 loss=262920566996992.0000 acc=0.0937
  alpha=1.9 seed=42  no-MAC fedavgm      round   26/100 loss=2.1138 acc=0.2479
  alpha=1.9 seed=42  no-MAC fedavgm      round   27/100 loss=612711377403904.0000 acc=0.0994
  alpha=1.9 seed=42  no-MAC fedavgm      round   28/100 loss=2.1497 acc=0.2522
  alpha=1.9 seed=42  no-MAC fedavgm      round   29/100 loss=2.1493 acc=0.2511
  alpha=1.9 seed=42  no-MAC fedavgm      round   30/100 loss=2.1201 acc=0.2464
  alpha=1.9 seed=42  no-MAC fedavgm      round   31/100 loss=123389956063232.0000 acc=0.0950
  alpha=1.9 seed=42  no-MAC fedavgm      round   32/100 loss=2.0035 acc=0.2708
  alpha=1.9 seed=42  no-MAC fedavgm      round   33/100 loss=85757435838464.0000 acc=0.1003
  alpha=1.9 seed=42  no-MAC fedavgm      round   34/100 loss=1.9131 acc=0.3044
  alpha=1.9 seed=42  no-MAC fedavgm      round   35/100 loss=1.8868 acc=0.3110
  alpha=1.9 seed=42  no-MAC fedavgm      round   36/100 loss=1.8659 acc=0.3161
  alpha=1.9 seed=42  no-MAC fedavgm      round   37/100 loss=1.8256 acc=0.3277
  alpha=1.9 seed=42  no-MAC fedavgm      round   38/100 loss=1.8137 acc=0.3305
  alpha=1.9 seed=42  no-MAC fedavgm      round   39/100 loss=1.8176 acc=0.3345
  alpha=1.9 seed=42  no-MAC fedavgm      round   40/100 loss=198866515263488.0000 acc=0.0907
  alpha=1.9 seed=42  no-MAC fedavgm      round   41/100 loss=1.8293 acc=0.3319
  alpha=1.9 seed=42  no-MAC fedavgm      round   42/100 loss=1.7948 acc=0.3382
  alpha=1.9 seed=42  no-MAC fedavgm      round   43/100 loss=1.7763 acc=0.3403
  alpha=1.9 seed=42  no-MAC fedavgm      round   44/100 loss=304908888702976.0000 acc=0.1003
  alpha=1.9 seed=42  no-MAC fedavgm      round   45/100 loss=1.7823 acc=0.3385
  alpha=1.9 seed=42  no-MAC fedavgm      round   46/100 loss=1.7954 acc=0.3350
  alpha=1.9 seed=42  no-MAC fedavgm      round   47/100 loss=2678226103664095363384475648.0000 acc=0.1000
  alpha=1.9 seed=42  no-MAC fedavgm      round   48/100 loss=1.8612 acc=0.3189
  alpha=1.9 seed=42  no-MAC fedavgm      round   49/100 loss=1.8293 acc=0.3214
  alpha=1.9 seed=42  no-MAC fedavgm      round   50/100 loss=1.8088 acc=0.3265
  alpha=1.9 seed=42  no-MAC fedavgm      round   51/100 loss=1.7807 acc=0.3282
  alpha=1.9 seed=42  no-MAC fedavgm      round   52/100 loss=1.7663 acc=0.3374
  alpha=1.9 seed=42  no-MAC fedavgm      round   53/100 loss=1.7564 acc=0.3460
  alpha=1.9 seed=42  no-MAC fedavgm      round   54/100 loss=1.7574 acc=0.3472
  alpha=1.9 seed=42  no-MAC fedavgm      round   55/100 loss=1.7685 acc=0.3451
  alpha=1.9 seed=42  no-MAC fedavgm      round   56/100 loss=1.7857 acc=0.3412
  alpha=1.9 seed=42  no-MAC fedavgm      round   57/100 loss=1.7922 acc=0.3427
  alpha=1.9 seed=42  no-MAC fedavgm      round   58/100 loss=1.7701 acc=0.3529
  alpha=1.9 seed=42  no-MAC fedavgm      round   59/100 loss=1.7754 acc=0.3525
  alpha=1.9 seed=42  no-MAC fedavgm      round   60/100 loss=1.8033 acc=0.3450
  alpha=1.9 seed=42  no-MAC fedavgm      round   61/100 loss=1.8084 acc=0.3445
  alpha=1.9 seed=42  no-MAC fedavgm      round   62/100 loss=1.7849 acc=0.3496
  alpha=1.9 seed=42  no-MAC fedavgm      round   63/100 loss=1.7606 acc=0.3564
  alpha=1.9 seed=42  no-MAC fedavgm      round   64/100 loss=1809423416688640.0000 acc=0.0812
  alpha=1.9 seed=42  no-MAC fedavgm      round   65/100 loss=43320210358272.0000 acc=0.1009
  alpha=1.9 seed=42  no-MAC fedavgm      round   66/100 loss=3680965213814784.0000 acc=0.0952
  alpha=1.9 seed=42  no-MAC fedavgm      round   67/100 loss=1.7169 acc=0.3543
  alpha=1.9 seed=42  no-MAC fedavgm      round   68/100 loss=256671825788928.0000 acc=0.0999
  alpha=1.9 seed=42  no-MAC fedavgm      round   69/100 loss=20500780679168.0000 acc=0.1047
  alpha=1.9 seed=42  no-MAC fedavgm      round   70/100 loss=189064259043328.0000 acc=0.1103
  alpha=1.9 seed=42  no-MAC fedavgm      round   71/100 loss=1.6970 acc=0.3626
  alpha=1.9 seed=42  no-MAC fedavgm      round   72/100 loss=1.6955 acc=0.3619
  alpha=1.9 seed=42  no-MAC fedavgm      round   73/100 loss=57930309173248.0000 acc=0.1006
  alpha=1.9 seed=42  no-MAC fedavgm      round   74/100 loss=1.6822 acc=0.3709
  alpha=1.9 seed=42  no-MAC fedavgm      round   75/100 loss=1.6822 acc=0.3740
  alpha=1.9 seed=42  no-MAC fedavgm      round   76/100 loss=117313323925504.0000 acc=0.1001
  alpha=1.9 seed=42  no-MAC fedavgm      round   77/100 loss=37742809448448.0000 acc=0.1011
  alpha=1.9 seed=42  no-MAC fedavgm      round   78/100 loss=134652694102016.0000 acc=0.1030
  alpha=1.9 seed=42  no-MAC fedavgm      round   79/100 loss=1.6874 acc=0.3705
  alpha=1.9 seed=42  no-MAC fedavgm      round   80/100 loss=192355630055424.0000 acc=0.1000
  alpha=1.9 seed=42  no-MAC fedavgm      round   81/100 loss=165257188212736.0000 acc=0.0890
  alpha=1.9 seed=42  no-MAC fedavgm      round   82/100 loss=1.6859 acc=0.3729
  alpha=1.9 seed=42  no-MAC fedavgm      round   83/100 loss=1.6634 acc=0.3724
  alpha=1.9 seed=42  no-MAC fedavgm      round   84/100 loss=1.6463 acc=0.3800
  alpha=1.9 seed=42  no-MAC fedavgm      round   85/100 loss=1.6358 acc=0.3771
  alpha=1.9 seed=42  no-MAC fedavgm      round   86/100 loss=1.6449 acc=0.3759
  alpha=1.9 seed=42  no-MAC fedavgm      round   87/100 loss=1.6497 acc=0.3782
  alpha=1.9 seed=42  no-MAC fedavgm      round   88/100 loss=1.6405 acc=0.3818
  alpha=1.9 seed=42  no-MAC fedavgm      round   89/100 loss=1.6306 acc=0.3920
  alpha=1.9 seed=42  no-MAC fedavgm      round   90/100 loss=1.6340 acc=0.3893
  alpha=1.9 seed=42  no-MAC fedavgm      round   91/100 loss=1.6300 acc=0.3888
  alpha=1.9 seed=42  no-MAC fedavgm      round   92/100 loss=1269746817302528.0000 acc=0.1000
  alpha=1.9 seed=42  no-MAC fedavgm      round   93/100 loss=1.6533 acc=0.3700
  alpha=1.9 seed=42  no-MAC fedavgm      round   94/100 loss=1.6313 acc=0.3788
  alpha=1.9 seed=42  no-MAC fedavgm      round   95/100 loss=1014355982286848.0000 acc=0.1055
  alpha=1.9 seed=42  no-MAC fedavgm      round   96/100 loss=597233590337536.0000 acc=0.1077
  alpha=1.9 seed=42  no-MAC fedavgm      round   97/100 loss=1.6598 acc=0.3765
  alpha=1.9 seed=42  no-MAC fedavgm      round   98/100 loss=1.6574 acc=0.3799
  alpha=1.9 seed=42  no-MAC fedavgm      round   99/100 loss=80703089793126048143847194624.0000 acc=0.1050
  alpha=1.9 seed=42  no-MAC fedavgm      round  100/100 loss=1.6631 acc=0.3729
  alpha=1.9 seed=43  no-MAC fedavgm      round    1/100 loss=1652336109872489253956485120.0000 acc=0.0987
  alpha=1.9 seed=43  no-MAC fedavgm      round    2/100 loss=101419260575744.0000 acc=0.1134
  alpha=1.9 seed=43  no-MAC fedavgm      round    3/100 loss=2.2948 acc=0.1237
  alpha=1.9 seed=43  no-MAC fedavgm      round    4/100 loss=2.2384 acc=0.1720
  alpha=1.9 seed=43  no-MAC fedavgm      round    5/100 loss=2.1527 acc=0.2254
  alpha=1.9 seed=43  no-MAC fedavgm      round    6/100 loss=148183569137664.0000 acc=0.1001
  alpha=1.9 seed=43  no-MAC fedavgm      round    7/100 loss=2.0706 acc=0.2312
  alpha=1.9 seed=43  no-MAC fedavgm      round    8/100 loss=2.0752 acc=0.2035
  alpha=1.9 seed=43  no-MAC fedavgm      round    9/100 loss=2.1212 acc=0.1911
  alpha=1.9 seed=43  no-MAC fedavgm      round   10/100 loss=2640731650916352.0000 acc=0.0998
  alpha=1.9 seed=43  no-MAC fedavgm      round   11/100 loss=2.0702 acc=0.2377
  alpha=1.9 seed=43  no-MAC fedavgm      round   12/100 loss=713072012427264.0000 acc=0.1022
  alpha=1.9 seed=43  no-MAC fedavgm      round   13/100 loss=1.9850 acc=0.2460
  alpha=1.9 seed=44  no-MAC fedavgm      round    1/100 loss=2.2807 acc=0.1226
  alpha=1.9 seed=44  no-MAC fedavgm      round    2/100 loss=2.2633 acc=0.1571
  alpha=1.9 seed=44  no-MAC fedavgm      round    3/100 loss=204150784655360.0000 acc=0.0998
  alpha=1.9 seed=44  no-MAC fedavgm      round    4/100 loss=2.1787 acc=0.1996
  alpha=1.9 seed=44  no-MAC fedavgm      round    5/100 loss=2.1117 acc=0.2153
  alpha=1.9 seed=44  no-MAC fedavgm      round    6/100 loss=2.1323 acc=0.2043
  alpha=1.9 seed=44  no-MAC fedavgm      round    7/100 loss=2.1597 acc=0.2039
  alpha=1.9 seed=44  no-MAC fedavgm      round    8/100 loss=7930974257584753143202185216.0000 acc=0.0985
  alpha=1.9 seed=44  no-MAC fedavgm      round    9/100 loss=2.1053 acc=0.2282
  alpha=1.9 seed=44  no-MAC fedavgm      round   10/100 loss=2.0926 acc=0.2220
  alpha=1.9 seed=44  no-MAC fedavgm      round   11/100 loss=2.1069 acc=0.2240
  alpha=1.9 seed=44  no-MAC fedavgm      round   12/100 loss=525560719605760.0000 acc=0.1003
  alpha=1.9 seed=44  no-MAC fedavgm      round   13/100 loss=2.3759 acc=0.2046
  alpha=1.9 seed=44  no-MAC fedavgm      round   14/100 loss=2.4980 acc=0.2033
  alpha=1.9 seed=44  no-MAC fedavgm      round   15/100 loss=2.5068 acc=0.2136
  alpha=1.9 seed=44  no-MAC fedavgm      round   16/100 loss=551432126201856.0000 acc=0.0990
  alpha=1.9 seed=44  no-MAC fedavgm      round   17/100 loss=538255502082048.0000 acc=0.0980
  alpha=1.9 seed=44  no-MAC fedavgm      round   18/100 loss=589695251644416.0000 acc=0.0990
  alpha=1.9 seed=44  no-MAC fedavgm      round   19/100 loss=2131799903830016.0000 acc=0.1040
  alpha=1.9 seed=44  no-MAC fedavgm      round   20/100 loss=75504484876288.0000 acc=0.0961
  alpha=1.9 seed=44  no-MAC fedavgm      round   21/100 loss=3720464954294272.0000 acc=0.1005
  alpha=1.9 seed=44  no-MAC fedavgm      round   22/100 loss=668393078259712.0000 acc=0.0851
  alpha=1.9 seed=44  no-MAC fedavgm      round   23/100 loss=9755140965793792.0000 acc=0.1000
  alpha=1.9 seed=44  no-MAC fedavgm      round   24/100 loss=2.3516 acc=0.2108
  alpha=1.9 seed=44  no-MAC fedavgm      round   25/100 loss=45372038709248.0000 acc=0.1059
  alpha=1.9 seed=44  no-MAC fedavgm      round   26/100 loss=2.1285 acc=0.2481
  alpha=1.9 seed=44  no-MAC fedavgm      round   27/100 loss=3752427295604736.0000 acc=0.1008
  alpha=1.9 seed=44  no-MAC fedavgm      round   28/100 loss=2.1607 acc=0.2471
  alpha=1.9 seed=44  no-MAC fedavgm      round   29/100 loss=2.1047 acc=0.2580
  alpha=1.9 seed=44  no-MAC fedavgm      round   30/100 loss=255397629788160.0000 acc=0.0875
  alpha=1.9 seed=44  no-MAC fedavgm      round   31/100 loss=2.0974 acc=0.2648
  alpha=1.9 seed=44  no-MAC fedavgm      round   32/100 loss=2.0446 acc=0.2794
  alpha=1.9 seed=44  no-MAC fedavgm      round   33/100 loss=2164388639277056.0000 acc=0.1120
  alpha=1.9 seed=44  no-MAC fedavgm      round   34/100 loss=2.1445 acc=0.2602
  alpha=1.9 seed=44  no-MAC fedavgm      round   35/100 loss=293025754382336.0000 acc=0.0999
  alpha=1.9 seed=44  no-MAC fedavgm      round   36/100 loss=2.2137 acc=0.2603
  alpha=1.9 seed=44  no-MAC fedavgm      round   37/100 loss=2.0652 acc=0.2823
  alpha=1.9 seed=44  no-MAC fedavgm      round   38/100 loss=1.9311 acc=0.3007
  alpha=1.9 seed=44  no-MAC fedavgm      round   39/100 loss=1.8950 acc=0.3110
  alpha=1.9 seed=44  no-MAC fedavgm      round   40/100 loss=1.9234 acc=0.3020
  alpha=1.9 seed=44  no-MAC fedavgm      round   41/100 loss=1.9298 acc=0.3002
  alpha=1.9 seed=44  no-MAC fedavgm      round   42/100 loss=126744526848000.0000 acc=0.1000
  alpha=1.9 seed=44  no-MAC fedavgm      round   43/100 loss=1.9940 acc=0.3009
  alpha=1.9 seed=44  no-MAC fedavgm      round   44/100 loss=1.9487 acc=0.3102
  alpha=1.9 seed=44  no-MAC fedavgm      round   45/100 loss=1.8811 acc=0.3221
  alpha=1.9 seed=44  no-MAC fedavgm      round   46/100 loss=1.8182 acc=0.3304
  alpha=1.9 seed=44  no-MAC fedavgm      round   47/100 loss=1.7697 acc=0.3401
  alpha=1.9 seed=44  no-MAC fedavgm      round   48/100 loss=1.7577 acc=0.3462
  alpha=1.9 seed=44  no-MAC fedavgm      round   49/100 loss=1.7515 acc=0.3490
  alpha=1.9 seed=44  no-MAC fedavgm      round   50/100 loss=814890050650112.0000 acc=0.1022
  alpha=1.9 seed=44  no-MAC fedavgm      round   51/100 loss=245669344313344.0000 acc=0.1063
  alpha=1.9 seed=44  no-MAC fedavgm      round   52/100 loss=1.8218 acc=0.3343
  alpha=1.9 seed=44  no-MAC fedavgm      round   53/100 loss=1.8099 acc=0.3370
  alpha=1.9 seed=44  no-MAC fedavgm      round   54/100 loss=1.7724 acc=0.3479
  alpha=1.9 seed=44  no-MAC fedavgm      round   55/100 loss=620164890492928.0000 acc=0.0765
  alpha=1.9 seed=44  no-MAC fedavgm      round   56/100 loss=678419410976768.0000 acc=0.1204
  alpha=1.9 seed=44  no-MAC fedavgm      round   57/100 loss=1.7757 acc=0.3494
  alpha=1.9 seed=44  no-MAC fedavgm      round   58/100 loss=1.7979 acc=0.3402
  alpha=1.9 seed=44  no-MAC fedavgm      round   59/100 loss=1.8265 acc=0.3287
  alpha=1.9 seed=44  no-MAC fedavgm      round   60/100 loss=1.8225 acc=0.3284
  alpha=1.9 seed=42  no-MAC adagrad_ota  round    1/100 loss=2.8382 acc=0.1000
  alpha=1.9 seed=42  no-MAC adagrad_ota  round    2/100 loss=3.3974 acc=0.1000
  alpha=1.9 seed=42  no-MAC adagrad_ota  round    3/100 loss=6.1634 acc=0.1000
  alpha=1.9 seed=42  no-MAC adagrad_ota  round    4/100 loss=3.2568 acc=0.1590
  alpha=1.9 seed=42  no-MAC adagrad_ota  round    5/100 loss=3.7498 acc=0.1196
  alpha=1.9 seed=42  no-MAC adagrad_ota  round    6/100 loss=5.4228 acc=0.1016
  alpha=1.9 seed=42  no-MAC adagrad_ota  round    7/100 loss=3.7275 acc=0.1255
  alpha=1.9 seed=42  no-MAC adagrad_ota  round    8/100 loss=4.2245 acc=0.1033
  alpha=1.9 seed=42  no-MAC adagrad_ota  round    9/100 loss=4.3884 acc=0.1057
  alpha=1.9 seed=42  no-MAC adagrad_ota  round   10/100 loss=2.8875 acc=0.1690
  alpha=1.9 seed=42  no-MAC adagrad_ota  round   11/100 loss=2.9633 acc=0.1389
  alpha=1.9 seed=42  no-MAC adagrad_ota  round   12/100 loss=2.8242 acc=0.1468
  alpha=1.9 seed=42  no-MAC adagrad_ota  round   13/100 loss=2.3394 acc=0.1925
  alpha=1.9 seed=42  no-MAC adagrad_ota  round   14/100 loss=2.1891 acc=0.2135
  alpha=1.9 seed=42  no-MAC adagrad_ota  round   15/100 loss=2.4149 acc=0.1733
  alpha=1.9 seed=42  no-MAC adagrad_ota  round   16/100 loss=2.3409 acc=0.2030
  alpha=1.9 seed=42  no-MAC adagrad_ota  round   17/100 loss=2.1986 acc=0.2236
  alpha=1.9 seed=42  no-MAC adagrad_ota  round   18/100 loss=2.1355 acc=0.2277
  alpha=1.9 seed=42  no-MAC adagrad_ota  round   19/100 loss=2.0767 acc=0.2424
  alpha=1.9 seed=42  no-MAC adagrad_ota  round   20/100 loss=2.0032 acc=0.2742
  alpha=1.9 seed=42  no-MAC adagrad_ota  round   21/100 loss=1.9277 acc=0.2974
  alpha=1.9 seed=42  no-MAC adagrad_ota  round   22/100 loss=1.9188 acc=0.2948
  alpha=1.9 seed=42  no-MAC adagrad_ota  round   23/100 loss=1.9417 acc=0.2908
  alpha=1.9 seed=42  no-MAC adagrad_ota  round   24/100 loss=1.9396 acc=0.2837
  alpha=1.9 seed=42  no-MAC adagrad_ota  round   25/100 loss=1.9171 acc=0.2903
  alpha=1.9 seed=42  no-MAC adagrad_ota  round   26/100 loss=1.8713 acc=0.2975
  alpha=1.9 seed=42  no-MAC adagrad_ota  round   27/100 loss=1.8371 acc=0.3039
  alpha=1.9 seed=42  no-MAC adagrad_ota  round   28/100 loss=1.7924 acc=0.3253
  alpha=1.9 seed=42  no-MAC adagrad_ota  round   29/100 loss=1.7407 acc=0.3465
  alpha=1.9 seed=42  no-MAC adagrad_ota  round   30/100 loss=1.7330 acc=0.3484
  alpha=1.9 seed=42  no-MAC adagrad_ota  round   31/100 loss=1.7459 acc=0.3442
  alpha=1.9 seed=42  no-MAC adagrad_ota  round   32/100 loss=1.7565 acc=0.3461
  alpha=1.9 seed=42  no-MAC adagrad_ota  round   33/100 loss=1.7575 acc=0.3421
  alpha=1.9 seed=42  no-MAC adagrad_ota  round   34/100 loss=1.7362 acc=0.3469
  alpha=1.9 seed=42  no-MAC adagrad_ota  round   35/100 loss=1.7086 acc=0.3623
  alpha=1.9 seed=42  no-MAC adagrad_ota  round   36/100 loss=1.6918 acc=0.3666
  alpha=1.9 seed=42  no-MAC adagrad_ota  round   37/100 loss=1.6818 acc=0.3661
  alpha=1.9 seed=42  no-MAC adagrad_ota  round   38/100 loss=1.6895 acc=0.3653
  alpha=1.9 seed=42  no-MAC adagrad_ota  round   39/100 loss=1.7073 acc=0.3599
  alpha=1.9 seed=42  no-MAC adagrad_ota  round   40/100 loss=1.7275 acc=0.3543
  alpha=1.9 seed=42  no-MAC adagrad_ota  round   41/100 loss=1.7323 acc=0.3550
  alpha=1.9 seed=42  no-MAC adagrad_ota  round   42/100 loss=1.7213 acc=0.3609
  alpha=1.9 seed=42  no-MAC adagrad_ota  round   43/100 loss=1.7023 acc=0.3650
  alpha=1.9 seed=42  no-MAC adagrad_ota  round   44/100 loss=1.6866 acc=0.3667
  alpha=1.9 seed=42  no-MAC adagrad_ota  round   45/100 loss=1.6680 acc=0.3741
  alpha=1.9 seed=42  no-MAC adagrad_ota  round   46/100 loss=1.6596 acc=0.3790
  alpha=1.9 seed=42  no-MAC adagrad_ota  round   47/100 loss=1.6579 acc=0.3779
  alpha=1.9 seed=42  no-MAC adagrad_ota  round   48/100 loss=1.6617 acc=0.3771
  alpha=1.9 seed=42  no-MAC adagrad_ota  round   49/100 loss=1.6638 acc=0.3745
  alpha=1.9 seed=42  no-MAC adagrad_ota  round   50/100 loss=1.6636 acc=0.3740
  alpha=1.9 seed=42  no-MAC adagrad_ota  round   51/100 loss=1.6569 acc=0.3743
  alpha=1.9 seed=42  no-MAC adagrad_ota  round   52/100 loss=1.6474 acc=0.3780
  alpha=1.9 seed=42  no-MAC adagrad_ota  round   53/100 loss=1.6423 acc=0.3787
  alpha=1.9 seed=42  no-MAC adagrad_ota  round   54/100 loss=1.6397 acc=0.3817
  alpha=1.9 seed=42  no-MAC adagrad_ota  round   55/100 loss=1.6442 acc=0.3788
  alpha=1.9 seed=42  no-MAC adagrad_ota  round   56/100 loss=1.6490 acc=0.3789
  alpha=1.9 seed=42  no-MAC adagrad_ota  round   57/100 loss=1.6501 acc=0.3818
  alpha=1.9 seed=42  no-MAC adagrad_ota  round   58/100 loss=1.6450 acc=0.3837
  alpha=1.9 seed=42  no-MAC adagrad_ota  round   59/100 loss=1.6514 acc=0.3846
  alpha=1.9 seed=42  no-MAC adagrad_ota  round   60/100 loss=1.6497 acc=0.3844
  alpha=1.9 seed=42  no-MAC adagrad_ota  round   61/100 loss=1.6470 acc=0.3861
  alpha=1.9 seed=42  no-MAC adagrad_ota  round   62/100 loss=1.6427 acc=0.3929
  alpha=1.9 seed=42  no-MAC adagrad_ota  round   63/100 loss=1.6386 acc=0.3985
  alpha=1.9 seed=42  no-MAC adagrad_ota  round   64/100 loss=1.6365 acc=0.3948
  alpha=1.9 seed=42  no-MAC adagrad_ota  round   65/100 loss=1.6336 acc=0.3913
  alpha=1.9 seed=42  no-MAC adagrad_ota  round   66/100 loss=1.6275 acc=0.3893
  alpha=1.9 seed=42  no-MAC adagrad_ota  round   67/100 loss=1.6282 acc=0.3866
  alpha=1.9 seed=42  no-MAC adagrad_ota  round   68/100 loss=1.6208 acc=0.3905
  alpha=1.9 seed=42  no-MAC adagrad_ota  round   69/100 loss=1.6136 acc=0.3969
  alpha=1.9 seed=42  no-MAC adagrad_ota  round   70/100 loss=1.6127 acc=0.3957
  alpha=1.9 seed=42  no-MAC adagrad_ota  round   71/100 loss=1.6172 acc=0.3944
  alpha=1.9 seed=42  no-MAC adagrad_ota  round   72/100 loss=1.6152 acc=0.3965
  alpha=1.9 seed=42  no-MAC adagrad_ota  round   73/100 loss=1.6069 acc=0.3997
  alpha=1.9 seed=42  no-MAC adagrad_ota  round   74/100 loss=1.6008 acc=0.4004
  alpha=1.9 seed=42  no-MAC adagrad_ota  round   75/100 loss=1.5986 acc=0.4034
  alpha=1.9 seed=42  no-MAC adagrad_ota  round   76/100 loss=1.5986 acc=0.4040
  alpha=1.9 seed=42  no-MAC adagrad_ota  round   77/100 loss=1.5974 acc=0.4027
  alpha=1.9 seed=42  no-MAC adagrad_ota  round   78/100 loss=1.5947 acc=0.4016
  alpha=1.9 seed=42  no-MAC adagrad_ota  round   79/100 loss=1.5923 acc=0.4012
  alpha=1.9 seed=42  no-MAC adagrad_ota  round   80/100 loss=1.5936 acc=0.3983
  alpha=1.9 seed=42  no-MAC adagrad_ota  round   81/100 loss=1.5892 acc=0.4017
  alpha=1.9 seed=42  no-MAC adagrad_ota  round   82/100 loss=1.5873 acc=0.4047
  alpha=1.9 seed=42  no-MAC adagrad_ota  round   83/100 loss=1.5847 acc=0.4075
  alpha=1.9 seed=42  no-MAC adagrad_ota  round   84/100 loss=1.5865 acc=0.4107
  alpha=1.9 seed=42  no-MAC adagrad_ota  round   85/100 loss=1.5873 acc=0.4042
  alpha=1.9 seed=42  no-MAC adagrad_ota  round   86/100 loss=1.5877 acc=0.4023
  alpha=1.9 seed=42  no-MAC adagrad_ota  round   87/100 loss=1.5861 acc=0.4062
  alpha=1.9 seed=42  no-MAC adagrad_ota  round   88/100 loss=1.5824 acc=0.4057
  alpha=1.9 seed=42  no-MAC adagrad_ota  round   89/100 loss=1.5807 acc=0.4098
  alpha=1.9 seed=42  no-MAC adagrad_ota  round   90/100 loss=1.5805 acc=0.4096
  alpha=1.9 seed=42  no-MAC adagrad_ota  round   91/100 loss=1.5790 acc=0.4112
  alpha=1.9 seed=42  no-MAC adagrad_ota  round   92/100 loss=1.5751 acc=0.4175
  alpha=1.9 seed=42  no-MAC adagrad_ota  round   93/100 loss=1.5739 acc=0.4161
  alpha=1.9 seed=42  no-MAC adagrad_ota  round   94/100 loss=1.5700 acc=0.4185
  alpha=1.9 seed=42  no-MAC adagrad_ota  round   95/100 loss=1.5679 acc=0.4176
  alpha=1.9 seed=42  no-MAC adagrad_ota  round   96/100 loss=1.5670 acc=0.4155
  alpha=1.9 seed=42  no-MAC adagrad_ota  round   97/100 loss=1.5655 acc=0.4172
  alpha=1.9 seed=42  no-MAC adagrad_ota  round   98/100 loss=1.5650 acc=0.4196
  alpha=1.9 seed=42  no-MAC adagrad_ota  round   99/100 loss=1.5641 acc=0.4170
  alpha=1.9 seed=42  no-MAC adagrad_ota  round  100/100 loss=1.5620 acc=0.4202
  alpha=1.9 seed=43  no-MAC adagrad_ota  round    1/100 loss=3.1177 acc=0.1119
  alpha=1.9 seed=43  no-MAC adagrad_ota  round    2/100 loss=3.1824 acc=0.1001
  alpha=1.9 seed=43  no-MAC adagrad_ota  round    3/100 loss=3.5999 acc=0.1426
  alpha=1.9 seed=43  no-MAC adagrad_ota  round    4/100 loss=6.5075 acc=0.1147
  alpha=1.9 seed=43  no-MAC adagrad_ota  round    5/100 loss=5.9599 acc=0.1060
  alpha=1.9 seed=43  no-MAC adagrad_ota  round    6/100 loss=4.4749 acc=0.1071
  alpha=1.9 seed=43  no-MAC adagrad_ota  round    7/100 loss=3.2978 acc=0.1609
  alpha=1.9 seed=43  no-MAC adagrad_ota  round    8/100 loss=3.2140 acc=0.1550
  alpha=1.9 seed=43  no-MAC adagrad_ota  round    9/100 loss=3.0622 acc=0.1528
  alpha=1.9 seed=43  no-MAC adagrad_ota  round   10/100 loss=2.7141 acc=0.1742
  alpha=1.9 seed=43  no-MAC adagrad_ota  round   11/100 loss=2.3755 acc=0.2021
  alpha=1.9 seed=43  no-MAC adagrad_ota  round   12/100 loss=2.1813 acc=0.2446
  alpha=1.9 seed=43  no-MAC adagrad_ota  round   13/100 loss=2.2466 acc=0.2016
  alpha=1.9 seed=43  no-MAC adagrad_ota  round   14/100 loss=2.2105 acc=0.2228
  alpha=1.9 seed=43  no-MAC adagrad_ota  round   15/100 loss=2.2201 acc=0.2263
  alpha=1.9 seed=43  no-MAC adagrad_ota  round   16/100 loss=2.1738 acc=0.2328
  alpha=1.9 seed=43  no-MAC adagrad_ota  round   17/100 loss=1.9793 acc=0.2736
  alpha=1.9 seed=43  no-MAC adagrad_ota  round   18/100 loss=1.8873 acc=0.2976
  alpha=1.9 seed=43  no-MAC adagrad_ota  round   19/100 loss=1.8917 acc=0.2845
  alpha=1.9 seed=43  no-MAC adagrad_ota  round   20/100 loss=1.9286 acc=0.2750
  alpha=1.9 seed=43  no-MAC adagrad_ota  round   21/100 loss=1.9896 acc=0.2751
  alpha=1.9 seed=43  no-MAC adagrad_ota  round   22/100 loss=1.9804 acc=0.2802
  alpha=1.9 seed=43  no-MAC adagrad_ota  round   23/100 loss=1.9538 acc=0.2807
  alpha=1.9 seed=43  no-MAC adagrad_ota  round   24/100 loss=1.9050 acc=0.2944
  alpha=1.9 seed=43  no-MAC adagrad_ota  round   25/100 loss=1.8596 acc=0.3051
  alpha=1.9 seed=43  no-MAC adagrad_ota  round   26/100 loss=1.8406 acc=0.3068
  alpha=1.9 seed=43  no-MAC adagrad_ota  round   27/100 loss=1.8396 acc=0.3071
  alpha=1.9 seed=43  no-MAC adagrad_ota  round   28/100 loss=1.8203 acc=0.3210
  alpha=1.9 seed=43  no-MAC adagrad_ota  round   29/100 loss=1.7965 acc=0.3217
  alpha=1.9 seed=43  no-MAC adagrad_ota  round   30/100 loss=1.7530 acc=0.3351
  alpha=1.9 seed=43  no-MAC adagrad_ota  round   31/100 loss=1.7397 acc=0.3495
  alpha=1.9 seed=43  no-MAC adagrad_ota  round   32/100 loss=1.7482 acc=0.3511
  alpha=1.9 seed=43  no-MAC adagrad_ota  round   33/100 loss=1.7642 acc=0.3391
  alpha=1.9 seed=43  no-MAC adagrad_ota  round   34/100 loss=1.7679 acc=0.3359
  alpha=1.9 seed=43  no-MAC adagrad_ota  round   35/100 loss=1.7355 acc=0.3419
  alpha=1.9 seed=43  no-MAC adagrad_ota  round   36/100 loss=1.7117 acc=0.3510
  alpha=1.9 seed=43  no-MAC adagrad_ota  round   37/100 loss=1.6953 acc=0.3552
  alpha=1.9 seed=43  no-MAC adagrad_ota  round   38/100 loss=1.6884 acc=0.3577
  alpha=1.9 seed=43  no-MAC adagrad_ota  round   39/100 loss=1.6813 acc=0.3677
  alpha=1.9 seed=43  no-MAC adagrad_ota  round   40/100 loss=1.6832 acc=0.3664
  alpha=1.9 seed=43  no-MAC adagrad_ota  round   41/100 loss=1.6836 acc=0.3626
  alpha=1.9 seed=43  no-MAC adagrad_ota  round   42/100 loss=1.6878 acc=0.3606
  alpha=1.9 seed=43  no-MAC adagrad_ota  round   43/100 loss=1.6877 acc=0.3624
  alpha=1.9 seed=43  no-MAC adagrad_ota  round   44/100 loss=1.6824 acc=0.3659
  alpha=1.9 seed=43  no-MAC adagrad_ota  round   45/100 loss=1.6774 acc=0.3704
  alpha=1.9 seed=43  no-MAC adagrad_ota  round   46/100 loss=1.6744 acc=0.3641
  alpha=1.9 seed=43  no-MAC adagrad_ota  round   47/100 loss=1.6789 acc=0.3682
  alpha=1.9 seed=43  no-MAC adagrad_ota  round   48/100 loss=1.6695 acc=0.3699
  alpha=1.9 seed=43  no-MAC adagrad_ota  round   49/100 loss=1.6610 acc=0.3693
  alpha=1.9 seed=43  no-MAC adagrad_ota  round   50/100 loss=1.6455 acc=0.3720
  alpha=1.9 seed=43  no-MAC adagrad_ota  round   51/100 loss=1.6387 acc=0.3727
  alpha=1.9 seed=43  no-MAC adagrad_ota  round   52/100 loss=1.6385 acc=0.3751
  alpha=1.9 seed=43  no-MAC adagrad_ota  round   53/100 loss=1.6381 acc=0.3757
  alpha=1.9 seed=43  no-MAC adagrad_ota  round   54/100 loss=1.6432 acc=0.3734
  alpha=1.9 seed=43  no-MAC adagrad_ota  round   55/100 loss=1.6481 acc=0.3668
  alpha=1.9 seed=43  no-MAC adagrad_ota  round   56/100 loss=1.6461 acc=0.3695
  alpha=1.9 seed=43  no-MAC adagrad_ota  round   57/100 loss=1.6420 acc=0.3750
  alpha=1.9 seed=43  no-MAC adagrad_ota  round   58/100 loss=1.6327 acc=0.3760
  alpha=1.9 seed=43  no-MAC adagrad_ota  round   59/100 loss=1.6167 acc=0.3830
  alpha=1.9 seed=43  no-MAC adagrad_ota  round   60/100 loss=1.6079 acc=0.3908
  alpha=1.9 seed=43  no-MAC adagrad_ota  round   61/100 loss=1.6060 acc=0.3879
  alpha=1.9 seed=43  no-MAC adagrad_ota  round   62/100 loss=1.6110 acc=0.3847
  alpha=1.9 seed=43  no-MAC adagrad_ota  round   63/100 loss=1.6119 acc=0.3806
  alpha=1.9 seed=43  no-MAC adagrad_ota  round   64/100 loss=1.6143 acc=0.3873
  alpha=1.9 seed=43  no-MAC adagrad_ota  round   65/100 loss=1.6130 acc=0.3823
  alpha=1.9 seed=43  no-MAC adagrad_ota  round   66/100 loss=1.6063 acc=0.3907
  alpha=1.9 seed=43  no-MAC adagrad_ota  round   67/100 loss=1.5992 acc=0.3924
  alpha=1.9 seed=43  no-MAC adagrad_ota  round   68/100 loss=1.5917 acc=0.3982
  alpha=1.9 seed=43  no-MAC adagrad_ota  round   69/100 loss=1.5892 acc=0.4021
  alpha=1.9 seed=43  no-MAC adagrad_ota  round   70/100 loss=1.5870 acc=0.4017
  alpha=1.9 seed=43  no-MAC adagrad_ota  round   71/100 loss=1.5921 acc=0.3992
  alpha=1.9 seed=43  no-MAC adagrad_ota  round   72/100 loss=1.5982 acc=0.3934
  alpha=1.9 seed=43  no-MAC adagrad_ota  round   73/100 loss=1.6039 acc=0.3877
  alpha=1.9 seed=43  no-MAC adagrad_ota  round   74/100 loss=1.6007 acc=0.3885
  alpha=1.9 seed=43  no-MAC adagrad_ota  round   75/100 loss=1.5929 acc=0.3882
  alpha=1.9 seed=43  no-MAC adagrad_ota  round   76/100 loss=1.5934 acc=0.3909
  alpha=1.9 seed=43  no-MAC adagrad_ota  round   77/100 loss=1.5949 acc=0.3873
  alpha=1.9 seed=43  no-MAC adagrad_ota  round   78/100 loss=1.5895 acc=0.3951
  alpha=1.9 seed=43  no-MAC adagrad_ota  round   79/100 loss=1.5878 acc=0.3978
  alpha=1.9 seed=43  no-MAC adagrad_ota  round   80/100 loss=1.5868 acc=0.4061
  alpha=1.9 seed=43  no-MAC adagrad_ota  round   81/100 loss=1.5878 acc=0.4041
  alpha=1.9 seed=43  no-MAC adagrad_ota  round   82/100 loss=1.5853 acc=0.4054
  alpha=1.9 seed=43  no-MAC adagrad_ota  round   83/100 loss=1.5772 acc=0.4027
  alpha=1.9 seed=43  no-MAC adagrad_ota  round   84/100 loss=1.5707 acc=0.4015
  alpha=1.9 seed=43  no-MAC adagrad_ota  round   85/100 loss=1.5704 acc=0.4025
  alpha=1.9 seed=43  no-MAC adagrad_ota  round   86/100 loss=1.5707 acc=0.4030
  alpha=1.9 seed=43  no-MAC adagrad_ota  round   87/100 loss=1.5720 acc=0.3992
  alpha=1.9 seed=43  no-MAC adagrad_ota  round   88/100 loss=1.5705 acc=0.4021
  alpha=1.9 seed=43  no-MAC adagrad_ota  round   89/100 loss=1.5679 acc=0.4067
  alpha=1.9 seed=43  no-MAC adagrad_ota  round   90/100 loss=1.5665 acc=0.4091
  alpha=1.9 seed=43  no-MAC adagrad_ota  round   91/100 loss=1.5646 acc=0.4098
  alpha=1.9 seed=43  no-MAC adagrad_ota  round   92/100 loss=1.5622 acc=0.4088
  alpha=1.9 seed=43  no-MAC adagrad_ota  round   93/100 loss=1.5623 acc=0.4097
  alpha=1.9 seed=43  no-MAC adagrad_ota  round   94/100 loss=1.5622 acc=0.4077
  alpha=1.9 seed=43  no-MAC adagrad_ota  round   95/100 loss=1.5650 acc=0.4032
  alpha=1.9 seed=43  no-MAC adagrad_ota  round   96/100 loss=1.5681 acc=0.4044
  alpha=1.9 seed=43  no-MAC adagrad_ota  round   97/100 loss=1.5680 acc=0.4054
  alpha=1.9 seed=43  no-MAC adagrad_ota  round   98/100 loss=1.5652 acc=0.4069
  alpha=1.9 seed=43  no-MAC adagrad_ota  round   99/100 loss=1.5580 acc=0.4109
  alpha=1.9 seed=43  no-MAC adagrad_ota  round  100/100 loss=1.5531 acc=0.4150
  alpha=1.9 seed=44  no-MAC adagrad_ota  round    1/100 loss=3.2937 acc=0.1075
  alpha=1.9 seed=44  no-MAC adagrad_ota  round    2/100 loss=3.5189 acc=0.1053
  alpha=1.9 seed=44  no-MAC adagrad_ota  round    3/100 loss=5.3420 acc=0.0994
  alpha=1.9 seed=44  no-MAC adagrad_ota  round    4/100 loss=3.2969 acc=0.1496
  alpha=1.9 seed=44  no-MAC adagrad_ota  round    5/100 loss=4.2206 acc=0.1110
  alpha=1.9 seed=44  no-MAC adagrad_ota  round    6/100 loss=2.8953 acc=0.1721
  alpha=1.9 seed=44  no-MAC adagrad_ota  round    7/100 loss=4.0725 acc=0.1064
  alpha=1.9 seed=44  no-MAC adagrad_ota  round    8/100 loss=4.4608 acc=0.1022
  alpha=1.9 seed=44  no-MAC adagrad_ota  round    9/100 loss=3.0879 acc=0.1498
  alpha=1.9 seed=44  no-MAC adagrad_ota  round   10/100 loss=2.6004 acc=0.1706
  alpha=1.9 seed=44  no-MAC adagrad_ota  round   11/100 loss=2.1931 acc=0.2073
  alpha=1.9 seed=44  no-MAC adagrad_ota  round   12/100 loss=2.1082 acc=0.2254
  alpha=1.9 seed=44  no-MAC adagrad_ota  round   13/100 loss=2.3297 acc=0.1916
  alpha=1.9 seed=44  no-MAC adagrad_ota  round   14/100 loss=2.3357 acc=0.2116
  alpha=1.9 seed=44  no-MAC adagrad_ota  round   15/100 loss=2.1864 acc=0.2353
  alpha=1.9 seed=44  no-MAC adagrad_ota  round   16/100 loss=2.1116 acc=0.2363
  alpha=1.9 seed=44  no-MAC adagrad_ota  round   17/100 loss=2.0884 acc=0.2342
  alpha=1.9 seed=44  no-MAC adagrad_ota  round   18/100 loss=2.0172 acc=0.2670
  alpha=1.9 seed=44  no-MAC adagrad_ota  round   19/100 loss=2.1666 acc=0.2337
  alpha=1.9 seed=44  no-MAC adagrad_ota  round   20/100 loss=2.2239 acc=0.2248
  alpha=1.9 seed=44  no-MAC adagrad_ota  round   21/100 loss=2.1890 acc=0.2338
  alpha=1.9 seed=44  no-MAC adagrad_ota  round   22/100 loss=2.0859 acc=0.2589
  alpha=1.9 seed=44  no-MAC adagrad_ota  round   23/100 loss=1.9978 acc=0.2713
  alpha=1.9 seed=44  no-MAC adagrad_ota  round   24/100 loss=1.9045 acc=0.2936
  alpha=1.9 seed=44  no-MAC adagrad_ota  round   25/100 loss=1.8658 acc=0.3097
  alpha=1.9 seed=44  no-MAC adagrad_ota  round   26/100 loss=1.8790 acc=0.3007
  alpha=1.9 seed=44  no-MAC adagrad_ota  round   27/100 loss=1.9019 acc=0.2911
  alpha=1.9 seed=44  no-MAC adagrad_ota  round   28/100 loss=1.8370 acc=0.3148
  alpha=1.9 seed=44  no-MAC adagrad_ota  round   29/100 loss=1.7748 acc=0.3401
  alpha=1.9 seed=44  no-MAC adagrad_ota  round   30/100 loss=1.7568 acc=0.3407
  alpha=1.9 seed=44  no-MAC adagrad_ota  round   31/100 loss=1.7611 acc=0.3447
  alpha=1.9 seed=44  no-MAC adagrad_ota  round   32/100 loss=1.7635 acc=0.3425
  alpha=1.9 seed=44  no-MAC adagrad_ota  round   33/100 loss=1.7832 acc=0.3295
  alpha=1.9 seed=44  no-MAC adagrad_ota  round   34/100 loss=1.7845 acc=0.3305
  alpha=1.9 seed=44  no-MAC adagrad_ota  round   35/100 loss=1.7918 acc=0.3310
  alpha=1.9 seed=44  no-MAC adagrad_ota  round   36/100 loss=1.7770 acc=0.3379
  alpha=1.9 seed=44  no-MAC adagrad_ota  round   37/100 loss=1.7526 acc=0.3459
  alpha=1.9 seed=44  no-MAC adagrad_ota  round   38/100 loss=1.7341 acc=0.3535
  alpha=1.9 seed=44  no-MAC adagrad_ota  round   39/100 loss=1.7074 acc=0.3610
  alpha=1.9 seed=44  no-MAC adagrad_ota  round   40/100 loss=1.6990 acc=0.3647
  alpha=1.9 seed=44  no-MAC adagrad_ota  round   41/100 loss=1.6996 acc=0.3646
  alpha=1.9 seed=44  no-MAC adagrad_ota  round   42/100 loss=1.7184 acc=0.3598
  alpha=1.9 seed=44  no-MAC adagrad_ota  round   43/100 loss=1.7212 acc=0.3593
  alpha=1.9 seed=44  no-MAC adagrad_ota  round   44/100 loss=1.7104 acc=0.3637
  alpha=1.9 seed=44  no-MAC adagrad_ota  round   45/100 loss=1.7101 acc=0.3662
  alpha=1.9 seed=44  no-MAC adagrad_ota  round   46/100 loss=1.6916 acc=0.3736
  alpha=1.9 seed=44  no-MAC adagrad_ota  round   47/100 loss=1.6854 acc=0.3749
  alpha=1.9 seed=44  no-MAC adagrad_ota  round   48/100 loss=1.6787 acc=0.3810
  alpha=1.9 seed=44  no-MAC adagrad_ota  round   49/100 loss=1.6668 acc=0.3838
  alpha=1.9 seed=44  no-MAC adagrad_ota  round   50/100 loss=1.6695 acc=0.3791
  alpha=1.9 seed=44  no-MAC adagrad_ota  round   51/100 loss=1.6628 acc=0.3834
  alpha=1.9 seed=44  no-MAC adagrad_ota  round   52/100 loss=1.6537 acc=0.3881
  alpha=1.9 seed=44  no-MAC adagrad_ota  round   53/100 loss=1.6537 acc=0.3928
  alpha=1.9 seed=44  no-MAC adagrad_ota  round   54/100 loss=1.6455 acc=0.3979
  alpha=1.9 seed=44  no-MAC adagrad_ota  round   55/100 loss=1.6383 acc=0.3968
  alpha=1.9 seed=44  no-MAC adagrad_ota  round   56/100 loss=1.6460 acc=0.3928
  alpha=1.9 seed=44  no-MAC adagrad_ota  round   57/100 loss=1.6475 acc=0.3968
  alpha=1.9 seed=44  no-MAC adagrad_ota  round   58/100 loss=1.6451 acc=0.3981
  alpha=1.9 seed=44  no-MAC adagrad_ota  round   59/100 loss=1.6364 acc=0.3960
  alpha=1.9 seed=44  no-MAC adagrad_ota  round   60/100 loss=1.6290 acc=0.4013
  alpha=1.9 seed=44  no-MAC adagrad_ota  round   61/100 loss=1.6255 acc=0.4008
  alpha=1.9 seed=44  no-MAC adagrad_ota  round   62/100 loss=1.6236 acc=0.4033
  alpha=1.9 seed=44  no-MAC adagrad_ota  round   63/100 loss=1.6190 acc=0.4057
  alpha=1.9 seed=44  no-MAC adagrad_ota  round   64/100 loss=1.6128 acc=0.4057
  alpha=1.9 seed=44  no-MAC adagrad_ota  round   65/100 loss=1.6120 acc=0.4051
  alpha=1.9 seed=44  no-MAC adagrad_ota  round   66/100 loss=1.6095 acc=0.4021
  alpha=1.9 seed=44  no-MAC adagrad_ota  round   67/100 loss=1.6097 acc=0.4024
  alpha=1.9 seed=44  no-MAC adagrad_ota  round   68/100 loss=1.6079 acc=0.4016
  alpha=1.9 seed=44  no-MAC adagrad_ota  round   69/100 loss=1.6006 acc=0.4059
  alpha=1.9 seed=44  no-MAC adagrad_ota  round   70/100 loss=1.5926 acc=0.4096
  alpha=1.9 seed=44  no-MAC adagrad_ota  round   71/100 loss=1.5898 acc=0.4123
  alpha=1.9 seed=44  no-MAC adagrad_ota  round   72/100 loss=1.5891 acc=0.4142
  alpha=1.9 seed=44  no-MAC adagrad_ota  round   73/100 loss=1.5894 acc=0.4136
  alpha=1.9 seed=44  no-MAC adagrad_ota  round   74/100 loss=1.5905 acc=0.4087
  alpha=1.9 seed=44  no-MAC adagrad_ota  round   75/100 loss=1.5917 acc=0.4066
  alpha=1.9 seed=44  no-MAC adagrad_ota  round   76/100 loss=1.5939 acc=0.4059
  alpha=1.9 seed=44  no-MAC adagrad_ota  round   77/100 loss=1.5937 acc=0.4083
  alpha=1.9 seed=44  no-MAC adagrad_ota  round   78/100 loss=1.5890 acc=0.4078
  alpha=1.9 seed=44  no-MAC adagrad_ota  round   79/100 loss=1.5817 acc=0.4147
  alpha=1.9 seed=44  no-MAC adagrad_ota  round   80/100 loss=1.5762 acc=0.4174
  alpha=1.9 seed=44  no-MAC adagrad_ota  round   81/100 loss=1.5720 acc=0.4207
  alpha=1.9 seed=44  no-MAC adagrad_ota  round   82/100 loss=1.5748 acc=0.4178
  alpha=1.9 seed=44  no-MAC adagrad_ota  round   83/100 loss=1.5749 acc=0.4158
  alpha=1.9 seed=44  no-MAC adagrad_ota  round   84/100 loss=1.5804 acc=0.4109
  alpha=1.9 seed=44  no-MAC adagrad_ota  round   85/100 loss=1.5835 acc=0.4057
  alpha=1.9 seed=44  no-MAC adagrad_ota  round   86/100 loss=1.5930 acc=0.3999
  alpha=1.9 seed=44  no-MAC adagrad_ota  round   87/100 loss=1.5885 acc=0.4048
  alpha=1.9 seed=44  no-MAC adagrad_ota  round   88/100 loss=1.5821 acc=0.4086
  alpha=1.9 seed=44  no-MAC adagrad_ota  round   89/100 loss=1.5773 acc=0.4171
  alpha=1.9 seed=44  no-MAC adagrad_ota  round   90/100 loss=1.5753 acc=0.4170
  alpha=1.9 seed=44  no-MAC adagrad_ota  round   91/100 loss=1.5748 acc=0.4173
  alpha=1.9 seed=44  no-MAC adagrad_ota  round   92/100 loss=1.5748 acc=0.4173
  alpha=1.9 seed=44  no-MAC adagrad_ota  round   93/100 loss=1.5768 acc=0.4128
  alpha=1.9 seed=44  no-MAC adagrad_ota  round   94/100 loss=1.5777 acc=0.4132
  alpha=1.9 seed=44  no-MAC adagrad_ota  round   95/100 loss=1.5798 acc=0.4085
  alpha=1.9 seed=44  no-MAC adagrad_ota  round   96/100 loss=1.5778 acc=0.4108
  alpha=1.9 seed=44  no-MAC adagrad_ota  round   97/100 loss=1.5783 acc=0.4094
  alpha=1.9 seed=44  no-MAC adagrad_ota  round   98/100 loss=1.5742 acc=0.4133
  alpha=1.9 seed=44  no-MAC adagrad_ota  round   99/100 loss=1.5665 acc=0.4171
  alpha=1.9 seed=44  no-MAC adagrad_ota  round  100/100 loss=1.5602 acc=0.4193
  alpha=1.9 seed=42  no-MAC adam_ota     round    1/100 loss=2.9032 acc=0.1000
  alpha=1.9 seed=42  no-MAC adam_ota     round    2/100 loss=3.2114 acc=0.1002
  alpha=1.9 seed=42  no-MAC adam_ota     round    3/100 loss=4.7409 acc=0.1000
  alpha=1.9 seed=42  no-MAC adam_ota     round    4/100 loss=5.9830 acc=0.1004
  alpha=1.9 seed=42  no-MAC adam_ota     round    5/100 loss=3.9327 acc=0.1211
  alpha=1.9 seed=42  no-MAC adam_ota     round    6/100 loss=3.3730 acc=0.1482
  alpha=1.9 seed=42  no-MAC adam_ota     round    7/100 loss=4.3505 acc=0.1117
  alpha=1.9 seed=42  no-MAC adam_ota     round    8/100 loss=4.4592 acc=0.1273
  alpha=1.9 seed=42  no-MAC adam_ota     round    9/100 loss=3.4940 acc=0.1419
  alpha=1.9 seed=42  no-MAC adam_ota     round   10/100 loss=2.9496 acc=0.1498
  alpha=1.9 seed=42  no-MAC adam_ota     round   11/100 loss=3.6046 acc=0.1065
  alpha=1.9 seed=42  no-MAC adam_ota     round   12/100 loss=3.5252 acc=0.1125
  alpha=1.9 seed=42  no-MAC adam_ota     round   13/100 loss=2.7695 acc=0.1455
  alpha=1.9 seed=42  no-MAC adam_ota     round   14/100 loss=2.3654 acc=0.2136
  alpha=1.9 seed=42  no-MAC adam_ota     round   15/100 loss=2.4106 acc=0.2080
  alpha=1.9 seed=42  no-MAC adam_ota     round   16/100 loss=2.3989 acc=0.2059
  alpha=1.9 seed=42  no-MAC adam_ota     round   17/100 loss=2.2498 acc=0.2125
  alpha=1.9 seed=42  no-MAC adam_ota     round   18/100 loss=2.1173 acc=0.2353
  alpha=1.9 seed=42  no-MAC adam_ota     round   19/100 loss=2.2006 acc=0.2149
  alpha=1.9 seed=42  no-MAC adam_ota     round   20/100 loss=2.4096 acc=0.1887
  alpha=1.9 seed=42  no-MAC adam_ota     round   21/100 loss=2.3294 acc=0.2044
  alpha=1.9 seed=42  no-MAC adam_ota     round   22/100 loss=2.1351 acc=0.2660
  alpha=1.9 seed=42  no-MAC adam_ota     round   23/100 loss=2.0661 acc=0.2504
  alpha=1.9 seed=42  no-MAC adam_ota     round   24/100 loss=2.0077 acc=0.2641
  alpha=1.9 seed=42  no-MAC adam_ota     round   25/100 loss=1.9854 acc=0.2699
  alpha=1.9 seed=42  no-MAC adam_ota     round   26/100 loss=1.9643 acc=0.2633
  alpha=1.9 seed=42  no-MAC adam_ota     round   27/100 loss=1.9535 acc=0.2729
  alpha=1.9 seed=42  no-MAC adam_ota     round   28/100 loss=1.9720 acc=0.2862
  alpha=1.9 seed=42  no-MAC adam_ota     round   29/100 loss=1.9767 acc=0.2906
  alpha=1.9 seed=42  no-MAC adam_ota     round   30/100 loss=1.9615 acc=0.2955
  alpha=1.9 seed=42  no-MAC adam_ota     round   31/100 loss=1.9076 acc=0.3023
  alpha=1.9 seed=42  no-MAC adam_ota     round   32/100 loss=1.8778 acc=0.3062
  alpha=1.9 seed=42  no-MAC adam_ota     round   33/100 loss=1.8542 acc=0.2993
  alpha=1.9 seed=42  no-MAC adam_ota     round   34/100 loss=1.8085 acc=0.3128
  alpha=1.9 seed=42  no-MAC adam_ota     round   35/100 loss=1.7627 acc=0.3283
  alpha=1.9 seed=42  no-MAC adam_ota     round   36/100 loss=1.7470 acc=0.3413
  alpha=1.9 seed=42  no-MAC adam_ota     round   37/100 loss=1.7582 acc=0.3443
  alpha=1.9 seed=42  no-MAC adam_ota     round   38/100 loss=1.8319 acc=0.3301
  alpha=1.9 seed=42  no-MAC adam_ota     round   39/100 loss=1.8855 acc=0.3151
  alpha=1.9 seed=42  no-MAC adam_ota     round   40/100 loss=1.8750 acc=0.3177
  alpha=1.9 seed=42  no-MAC adam_ota     round   41/100 loss=1.8113 acc=0.3376
  alpha=1.9 seed=42  no-MAC adam_ota     round   42/100 loss=1.7614 acc=0.3452
  alpha=1.9 seed=42  no-MAC adam_ota     round   43/100 loss=1.7574 acc=0.3345
  alpha=1.9 seed=42  no-MAC adam_ota     round   44/100 loss=1.7748 acc=0.3251
  alpha=1.9 seed=42  no-MAC adam_ota     round   45/100 loss=1.7798 acc=0.3241
  alpha=1.9 seed=42  no-MAC adam_ota     round   46/100 loss=1.7691 acc=0.3351
  alpha=1.9 seed=42  no-MAC adam_ota     round   47/100 loss=1.7362 acc=0.3494
  alpha=1.9 seed=42  no-MAC adam_ota     round   48/100 loss=1.6986 acc=0.3582
  alpha=1.9 seed=42  no-MAC adam_ota     round   49/100 loss=1.6813 acc=0.3666
  alpha=1.9 seed=42  no-MAC adam_ota     round   50/100 loss=1.6792 acc=0.3600
  alpha=1.9 seed=42  no-MAC adam_ota     round   51/100 loss=1.6922 acc=0.3494
  alpha=1.9 seed=42  no-MAC adam_ota     round   52/100 loss=1.7054 acc=0.3478
  alpha=1.9 seed=42  no-MAC adam_ota     round   53/100 loss=1.6991 acc=0.3569
  alpha=1.9 seed=42  no-MAC adam_ota     round   54/100 loss=1.6912 acc=0.3607
  alpha=1.9 seed=42  no-MAC adam_ota     round   55/100 loss=1.6918 acc=0.3627
  alpha=1.9 seed=42  no-MAC adam_ota     round   56/100 loss=1.6839 acc=0.3699
  alpha=1.9 seed=42  no-MAC adam_ota     round   57/100 loss=1.6963 acc=0.3727
  alpha=1.9 seed=42  no-MAC adam_ota     round   58/100 loss=1.7008 acc=0.3728
  alpha=1.9 seed=42  no-MAC adam_ota     round   59/100 loss=1.7158 acc=0.3638
  alpha=1.9 seed=42  no-MAC adam_ota     round   60/100 loss=1.7187 acc=0.3632
  alpha=1.9 seed=42  no-MAC adam_ota     round   61/100 loss=1.7120 acc=0.3650
  alpha=1.9 seed=42  no-MAC adam_ota     round   62/100 loss=1.7099 acc=0.3665
  alpha=1.9 seed=42  no-MAC adam_ota     round   63/100 loss=1.6991 acc=0.3679
  alpha=1.9 seed=42  no-MAC adam_ota     round   64/100 loss=1.6868 acc=0.3730
  alpha=1.9 seed=42  no-MAC adam_ota     round   65/100 loss=1.6642 acc=0.3722
  alpha=1.9 seed=42  no-MAC adam_ota     round   66/100 loss=1.6623 acc=0.3668
  alpha=1.9 seed=42  no-MAC adam_ota     round   67/100 loss=1.6872 acc=0.3541
  alpha=1.9 seed=42  no-MAC adam_ota     round   68/100 loss=1.7103 acc=0.3479
  alpha=1.9 seed=42  no-MAC adam_ota     round   69/100 loss=1.7265 acc=0.3531
  alpha=1.9 seed=42  no-MAC adam_ota     round   70/100 loss=1.7040 acc=0.3653
  alpha=1.9 seed=42  no-MAC adam_ota     round   71/100 loss=1.6774 acc=0.3726
  alpha=1.9 seed=42  no-MAC adam_ota     round   72/100 loss=1.6633 acc=0.3753
  alpha=1.9 seed=42  no-MAC adam_ota     round   73/100 loss=1.6617 acc=0.3719
  alpha=1.9 seed=42  no-MAC adam_ota     round   74/100 loss=1.6941 acc=0.3615
  alpha=1.9 seed=42  no-MAC adam_ota     round   75/100 loss=1.7276 acc=0.3564
  alpha=1.9 seed=42  no-MAC adam_ota     round   76/100 loss=1.7309 acc=0.3602
  alpha=1.9 seed=42  no-MAC adam_ota     round   77/100 loss=1.7087 acc=0.3650
  alpha=1.9 seed=42  no-MAC adam_ota     round   78/100 loss=1.6839 acc=0.3752
  alpha=1.9 seed=42  no-MAC adam_ota     round   79/100 loss=1.6651 acc=0.3806
  alpha=1.9 seed=42  no-MAC adam_ota     round   80/100 loss=1.6587 acc=0.3807
  alpha=1.9 seed=42  no-MAC adam_ota     round   81/100 loss=1.6606 acc=0.3800
  alpha=1.9 seed=42  no-MAC adam_ota     round   82/100 loss=1.6484 acc=0.3836
  alpha=1.9 seed=42  no-MAC adam_ota     round   83/100 loss=1.6449 acc=0.3845
  alpha=1.9 seed=42  no-MAC adam_ota     round   84/100 loss=1.6605 acc=0.3730
  alpha=1.9 seed=42  no-MAC adam_ota     round   85/100 loss=1.6651 acc=0.3708
  alpha=1.9 seed=42  no-MAC adam_ota     round   86/100 loss=1.6572 acc=0.3727
  alpha=1.9 seed=42  no-MAC adam_ota     round   87/100 loss=1.6508 acc=0.3789
  alpha=1.9 seed=42  no-MAC adam_ota     round   88/100 loss=1.6339 acc=0.3816
  alpha=1.9 seed=42  no-MAC adam_ota     round   89/100 loss=1.6354 acc=0.3814
  alpha=1.9 seed=42  no-MAC adam_ota     round   90/100 loss=1.6554 acc=0.3714
  alpha=1.9 seed=42  no-MAC adam_ota     round   91/100 loss=1.6622 acc=0.3711
  alpha=1.9 seed=42  no-MAC adam_ota     round   92/100 loss=1.6440 acc=0.3790
  alpha=1.9 seed=42  no-MAC adam_ota     round   93/100 loss=1.6336 acc=0.3781
  alpha=1.9 seed=42  no-MAC adam_ota     round   94/100 loss=1.6286 acc=0.3797
  alpha=1.9 seed=42  no-MAC adam_ota     round   95/100 loss=1.6332 acc=0.3779
  alpha=1.9 seed=42  no-MAC adam_ota     round   96/100 loss=1.6349 acc=0.3809
  alpha=1.9 seed=42  no-MAC adam_ota     round   97/100 loss=1.6337 acc=0.3842
  alpha=1.9 seed=42  no-MAC adam_ota     round   98/100 loss=1.6300 acc=0.3899
  alpha=1.9 seed=42  no-MAC adam_ota     round   99/100 loss=1.6182 acc=0.3935
  alpha=1.9 seed=42  no-MAC adam_ota     round  100/100 loss=1.6112 acc=0.3905
  alpha=1.9 seed=43  no-MAC adam_ota     round    1/100 loss=3.2183 acc=0.1104
  alpha=1.9 seed=43  no-MAC adam_ota     round    2/100 loss=2.9622 acc=0.1000
  alpha=1.9 seed=43  no-MAC adam_ota     round    3/100 loss=3.6036 acc=0.1312
  alpha=1.9 seed=43  no-MAC adam_ota     round    4/100 loss=3.6210 acc=0.1481
  alpha=1.9 seed=43  no-MAC adam_ota     round    5/100 loss=5.8722 acc=0.1201
  alpha=1.9 seed=43  no-MAC adam_ota     round    6/100 loss=5.8650 acc=0.1029
  alpha=1.9 seed=43  no-MAC adam_ota     round    7/100 loss=4.5808 acc=0.1178
  alpha=1.9 seed=43  no-MAC adam_ota     round    8/100 loss=3.3548 acc=0.1311
  alpha=1.9 seed=43  no-MAC adam_ota     round    9/100 loss=2.7990 acc=0.1802
  alpha=1.9 seed=43  no-MAC adam_ota     round   10/100 loss=3.0409 acc=0.1539
  alpha=1.9 seed=43  no-MAC adam_ota     round   11/100 loss=2.7436 acc=0.1826
  alpha=1.9 seed=43  no-MAC adam_ota     round   12/100 loss=2.5576 acc=0.2196
  alpha=1.9 seed=43  no-MAC adam_ota     round   13/100 loss=2.5179 acc=0.1997
  alpha=1.9 seed=43  no-MAC adam_ota     round   14/100 loss=2.3571 acc=0.2083
  alpha=1.9 seed=43  no-MAC adam_ota     round   15/100 loss=2.2082 acc=0.2357
  alpha=1.9 seed=43  no-MAC adam_ota     round   16/100 loss=2.1529 acc=0.2519
  alpha=1.9 seed=43  no-MAC adam_ota     round   17/100 loss=2.1398 acc=0.2519
  alpha=1.9 seed=43  no-MAC adam_ota     round   18/100 loss=2.1640 acc=0.2217
  alpha=1.9 seed=43  no-MAC adam_ota     round   19/100 loss=2.1751 acc=0.2283
  alpha=1.9 seed=43  no-MAC adam_ota     round   20/100 loss=2.1811 acc=0.2568
  alpha=1.9 seed=43  no-MAC adam_ota     round   21/100 loss=2.1282 acc=0.2567
  alpha=1.9 seed=43  no-MAC adam_ota     round   22/100 loss=2.0151 acc=0.2586
  alpha=1.9 seed=43  no-MAC adam_ota     round   23/100 loss=1.9292 acc=0.2903
  alpha=1.9 seed=43  no-MAC adam_ota     round   24/100 loss=1.9276 acc=0.2946
  alpha=1.9 seed=43  no-MAC adam_ota     round   25/100 loss=1.9880 acc=0.2726
  alpha=1.9 seed=43  no-MAC adam_ota     round   26/100 loss=2.0575 acc=0.2498
  alpha=1.9 seed=43  no-MAC adam_ota     round   27/100 loss=2.0991 acc=0.2498
  alpha=1.9 seed=43  no-MAC adam_ota     round   28/100 loss=2.0788 acc=0.2606
  alpha=1.9 seed=43  no-MAC adam_ota     round   29/100 loss=2.0259 acc=0.2697
  alpha=1.9 seed=43  no-MAC adam_ota     round   30/100 loss=1.9161 acc=0.2893
  alpha=1.9 seed=43  no-MAC adam_ota     round   31/100 loss=1.8531 acc=0.3101
  alpha=1.9 seed=43  no-MAC adam_ota     round   32/100 loss=1.8523 acc=0.3215
  alpha=1.9 seed=43  no-MAC adam_ota     round   33/100 loss=1.8926 acc=0.2951
  alpha=1.9 seed=43  no-MAC adam_ota     round   34/100 loss=1.9625 acc=0.2747
  alpha=1.9 seed=43  no-MAC adam_ota     round   35/100 loss=1.9633 acc=0.2805
  alpha=1.9 seed=43  no-MAC adam_ota     round   36/100 loss=1.9035 acc=0.2983
  alpha=1.9 seed=43  no-MAC adam_ota     round   37/100 loss=1.8440 acc=0.3141
  alpha=1.9 seed=43  no-MAC adam_ota     round   38/100 loss=1.7795 acc=0.3328
  alpha=1.9 seed=43  no-MAC adam_ota     round   39/100 loss=1.7529 acc=0.3445
  alpha=1.9 seed=43  no-MAC adam_ota     round   40/100 loss=1.7628 acc=0.3389
  alpha=1.9 seed=43  no-MAC adam_ota     round   41/100 loss=1.7718 acc=0.3334
  alpha=1.9 seed=43  no-MAC adam_ota     round   42/100 loss=1.7995 acc=0.3264
  alpha=1.9 seed=43  no-MAC adam_ota     round   43/100 loss=1.8285 acc=0.3204
  alpha=1.9 seed=43  no-MAC adam_ota     round   44/100 loss=1.8358 acc=0.3249
  alpha=1.9 seed=43  no-MAC adam_ota     round   45/100 loss=1.8100 acc=0.3275
  alpha=1.9 seed=43  no-MAC adam_ota     round   46/100 loss=1.7976 acc=0.3273
  alpha=1.9 seed=43  no-MAC adam_ota     round   47/100 loss=1.8006 acc=0.3306
  alpha=1.9 seed=43  no-MAC adam_ota     round   48/100 loss=1.7747 acc=0.3359
  alpha=1.9 seed=43  no-MAC adam_ota     round   49/100 loss=1.7564 acc=0.3369
  alpha=1.9 seed=43  no-MAC adam_ota     round   50/100 loss=1.7245 acc=0.3478
  alpha=1.9 seed=43  no-MAC adam_ota     round   51/100 loss=1.7291 acc=0.3463
  alpha=1.9 seed=43  no-MAC adam_ota     round   52/100 loss=1.7508 acc=0.3384
  alpha=1.9 seed=43  no-MAC adam_ota     round   53/100 loss=1.7569 acc=0.3338
  alpha=1.9 seed=43  no-MAC adam_ota     round   54/100 loss=1.7451 acc=0.3373
  alpha=1.9 seed=43  no-MAC adam_ota     round   55/100 loss=1.7159 acc=0.3495
  alpha=1.9 seed=43  no-MAC adam_ota     round   56/100 loss=1.6889 acc=0.3548
  alpha=1.9 seed=43  no-MAC adam_ota     round   57/100 loss=1.6837 acc=0.3529
  alpha=1.9 seed=43  no-MAC adam_ota     round   58/100 loss=1.6821 acc=0.3614
  alpha=1.9 seed=43  no-MAC adam_ota     round   59/100 loss=1.6852 acc=0.3584
  alpha=1.9 seed=43  no-MAC adam_ota     round   60/100 loss=1.6854 acc=0.3600
  alpha=1.9 seed=43  no-MAC adam_ota     round   61/100 loss=1.6882 acc=0.3549
  alpha=1.9 seed=43  no-MAC adam_ota     round   62/100 loss=1.6685 acc=0.3618
  alpha=1.9 seed=43  no-MAC adam_ota     round   63/100 loss=1.6483 acc=0.3695
  alpha=1.9 seed=43  no-MAC adam_ota     round   64/100 loss=1.6409 acc=0.3752
  alpha=1.9 seed=43  no-MAC adam_ota     round   65/100 loss=1.6510 acc=0.3727
  alpha=1.9 seed=43  no-MAC adam_ota     round   66/100 loss=1.6809 acc=0.3583
  alpha=1.9 seed=43  no-MAC adam_ota     round   67/100 loss=1.7041 acc=0.3515
  alpha=1.9 seed=43  no-MAC adam_ota     round   68/100 loss=1.6930 acc=0.3535
  alpha=1.9 seed=43  no-MAC adam_ota     round   69/100 loss=1.6711 acc=0.3622
  alpha=1.9 seed=43  no-MAC adam_ota     round   70/100 loss=1.6573 acc=0.3686
  alpha=1.9 seed=43  no-MAC adam_ota     round   71/100 loss=1.6676 acc=0.3669
  alpha=1.9 seed=43  no-MAC adam_ota     round   72/100 loss=1.6895 acc=0.3661
  alpha=1.9 seed=43  no-MAC adam_ota     round   73/100 loss=1.7070 acc=0.3606
  alpha=1.9 seed=43  no-MAC adam_ota     round   74/100 loss=1.6994 acc=0.3583
  alpha=1.9 seed=43  no-MAC adam_ota     round   75/100 loss=1.6866 acc=0.3579
  alpha=1.9 seed=43  no-MAC adam_ota     round   76/100 loss=1.7042 acc=0.3541
  alpha=1.9 seed=43  no-MAC adam_ota     round   77/100 loss=1.7210 acc=0.3497
  alpha=1.9 seed=43  no-MAC adam_ota     round   78/100 loss=1.7251 acc=0.3487
  alpha=1.9 seed=43  no-MAC adam_ota     round   79/100 loss=1.7208 acc=0.3475
  alpha=1.9 seed=43  no-MAC adam_ota     round   80/100 loss=1.7081 acc=0.3552
  alpha=1.9 seed=43  no-MAC adam_ota     round   81/100 loss=1.6863 acc=0.3583
  alpha=1.9 seed=43  no-MAC adam_ota     round   82/100 loss=1.6727 acc=0.3633
  alpha=1.9 seed=43  no-MAC adam_ota     round   83/100 loss=1.6603 acc=0.3662
  alpha=1.9 seed=43  no-MAC adam_ota     round   84/100 loss=1.6443 acc=0.3695
  alpha=1.9 seed=43  no-MAC adam_ota     round   85/100 loss=1.6300 acc=0.3742
  alpha=1.9 seed=43  no-MAC adam_ota     round   86/100 loss=1.6223 acc=0.3827
  alpha=1.9 seed=43  no-MAC adam_ota     round   87/100 loss=1.6281 acc=0.3837
  alpha=1.9 seed=43  no-MAC adam_ota     round   88/100 loss=1.6417 acc=0.3760
  alpha=1.9 seed=43  no-MAC adam_ota     round   89/100 loss=1.6312 acc=0.3830
  alpha=1.9 seed=43  no-MAC adam_ota     round   90/100 loss=1.6218 acc=0.3800
  alpha=1.9 seed=43  no-MAC adam_ota     round   91/100 loss=1.6126 acc=0.3845
  alpha=1.9 seed=43  no-MAC adam_ota     round   92/100 loss=1.6111 acc=0.3905
  alpha=1.9 seed=43  no-MAC adam_ota     round   93/100 loss=1.6183 acc=0.3833
  alpha=1.9 seed=43  no-MAC adam_ota     round   94/100 loss=1.6343 acc=0.3780
  alpha=1.9 seed=43  no-MAC adam_ota     round   95/100 loss=1.6391 acc=0.3741
  alpha=1.9 seed=43  no-MAC adam_ota     round   96/100 loss=1.6345 acc=0.3710
  alpha=1.9 seed=43  no-MAC adam_ota     round   97/100 loss=1.6206 acc=0.3727
  alpha=1.9 seed=43  no-MAC adam_ota     round   98/100 loss=1.6024 acc=0.3803
  alpha=1.9 seed=43  no-MAC adam_ota     round   99/100 loss=1.6142 acc=0.3766
  alpha=1.9 seed=43  no-MAC adam_ota     round  100/100 loss=1.6404 acc=0.3702
  alpha=1.9 seed=44  no-MAC adam_ota     round    1/100 loss=3.4023 acc=0.1056
  alpha=1.9 seed=44  no-MAC adam_ota     round    2/100 loss=2.7730 acc=0.1301
  alpha=1.9 seed=44  no-MAC adam_ota     round    3/100 loss=4.9893 acc=0.1012
  alpha=1.9 seed=44  no-MAC adam_ota     round    4/100 loss=5.4558 acc=0.1001
  alpha=1.9 seed=44  no-MAC adam_ota     round    5/100 loss=3.9359 acc=0.1201
  alpha=1.9 seed=44  no-MAC adam_ota     round    6/100 loss=3.5925 acc=0.1373
  alpha=1.9 seed=44  no-MAC adam_ota     round    7/100 loss=3.7661 acc=0.1219
  alpha=1.9 seed=44  no-MAC adam_ota     round    8/100 loss=2.8834 acc=0.1671
  alpha=1.9 seed=44  no-MAC adam_ota     round    9/100 loss=2.7379 acc=0.1895
  alpha=1.9 seed=44  no-MAC adam_ota     round   10/100 loss=3.0373 acc=0.1373
  alpha=1.9 seed=44  no-MAC adam_ota     round   11/100 loss=3.2264 acc=0.1185
  alpha=1.9 seed=44  no-MAC adam_ota     round   12/100 loss=3.0149 acc=0.1223
  alpha=1.9 seed=44  no-MAC adam_ota     round   13/100 loss=2.5704 acc=0.1706
  alpha=1.9 seed=44  no-MAC adam_ota     round   14/100 loss=2.3350 acc=0.2285
  alpha=1.9 seed=44  no-MAC adam_ota     round   15/100 loss=2.2622 acc=0.1989
  alpha=1.9 seed=44  no-MAC adam_ota     round   16/100 loss=2.0814 acc=0.2371
  alpha=1.9 seed=44  no-MAC adam_ota     round   17/100 loss=2.0469 acc=0.2681
  alpha=1.9 seed=44  no-MAC adam_ota     round   18/100 loss=2.2168 acc=0.2181
  alpha=1.9 seed=44  no-MAC adam_ota     round   19/100 loss=2.4878 acc=0.1714
  alpha=1.9 seed=44  no-MAC adam_ota     round   20/100 loss=2.5902 acc=0.1688
  alpha=1.9 seed=44  no-MAC adam_ota     round   21/100 loss=2.5867 acc=0.1858
  alpha=1.9 seed=44  no-MAC adam_ota     round   22/100 loss=2.4244 acc=0.2278
  alpha=1.9 seed=44  no-MAC adam_ota     round   23/100 loss=2.2642 acc=0.2276
  alpha=1.9 seed=44  no-MAC adam_ota     round   24/100 loss=2.1089 acc=0.2353
  alpha=1.9 seed=44  no-MAC adam_ota     round   25/100 loss=1.9577 acc=0.2774
  alpha=1.9 seed=44  no-MAC adam_ota     round   26/100 loss=1.9064 acc=0.3008
  alpha=1.9 seed=44  no-MAC adam_ota     round   27/100 loss=1.9656 acc=0.2713
  alpha=1.9 seed=44  no-MAC adam_ota     round   28/100 loss=2.0104 acc=0.2637
  alpha=1.9 seed=44  no-MAC adam_ota     round   29/100 loss=2.0199 acc=0.2645
  alpha=1.9 seed=44  no-MAC adam_ota     round   30/100 loss=2.0061 acc=0.2802
  alpha=1.9 seed=44  no-MAC adam_ota     round   31/100 loss=1.9948 acc=0.2759
  alpha=1.9 seed=44  no-MAC adam_ota     round   32/100 loss=1.9885 acc=0.2717
  alpha=1.9 seed=44  no-MAC adam_ota     round   33/100 loss=2.0216 acc=0.2771
  alpha=1.9 seed=44  no-MAC adam_ota     round   34/100 loss=2.0111 acc=0.2868
  alpha=1.9 seed=44  no-MAC adam_ota     round   35/100 loss=2.0567 acc=0.2700
  alpha=1.9 seed=44  no-MAC adam_ota     round   36/100 loss=2.0801 acc=0.2643
  alpha=1.9 seed=44  no-MAC adam_ota     round   37/100 loss=2.0702 acc=0.2609
  alpha=1.9 seed=44  no-MAC adam_ota     round   38/100 loss=1.9939 acc=0.2842
  alpha=1.9 seed=44  no-MAC adam_ota     round   39/100 loss=1.9524 acc=0.2883
  alpha=1.9 seed=44  no-MAC adam_ota     round   40/100 loss=1.9618 acc=0.2783
  alpha=1.9 seed=44  no-MAC adam_ota     round   41/100 loss=1.9273 acc=0.2910
  alpha=1.9 seed=44  no-MAC adam_ota     round   42/100 loss=1.9394 acc=0.3029
  alpha=1.9 seed=44  no-MAC adam_ota     round   43/100 loss=1.9280 acc=0.2997
  alpha=1.9 seed=44  no-MAC adam_ota     round   44/100 loss=1.8418 acc=0.3201
  alpha=1.9 seed=44  no-MAC adam_ota     round   45/100 loss=1.7882 acc=0.3383
  alpha=1.9 seed=44  no-MAC adam_ota     round   46/100 loss=1.7803 acc=0.3370
  alpha=1.9 seed=44  no-MAC adam_ota     round   47/100 loss=1.8249 acc=0.3212
  alpha=1.9 seed=44  no-MAC adam_ota     round   48/100 loss=1.8336 acc=0.3207
  alpha=1.9 seed=44  no-MAC adam_ota     round   49/100 loss=1.8218 acc=0.3318
  alpha=1.9 seed=44  no-MAC adam_ota     round   50/100 loss=1.8238 acc=0.3320
  alpha=1.9 seed=44  no-MAC adam_ota     round   51/100 loss=1.7943 acc=0.3417
  alpha=1.9 seed=44  no-MAC adam_ota     round   52/100 loss=1.7573 acc=0.3496
  alpha=1.9 seed=44  no-MAC adam_ota     round   53/100 loss=1.7276 acc=0.3601
  alpha=1.9 seed=44  no-MAC adam_ota     round   54/100 loss=1.6930 acc=0.3748
  alpha=1.9 seed=44  no-MAC adam_ota     round   55/100 loss=1.6860 acc=0.3772
  alpha=1.9 seed=44  no-MAC adam_ota     round   56/100 loss=1.7377 acc=0.3625
  alpha=1.9 seed=44  no-MAC adam_ota     round   57/100 loss=1.7862 acc=0.3474
  alpha=1.9 seed=44  no-MAC adam_ota     round   58/100 loss=1.7978 acc=0.3388
  alpha=1.9 seed=44  no-MAC adam_ota     round   59/100 loss=1.7978 acc=0.3367
  alpha=1.9 seed=44  no-MAC adam_ota     round   60/100 loss=1.7734 acc=0.3496
  alpha=1.9 seed=44  no-MAC adam_ota     round   61/100 loss=1.7357 acc=0.3627
  alpha=1.9 seed=44  no-MAC adam_ota     round   62/100 loss=1.7315 acc=0.3539
  alpha=1.9 seed=44  no-MAC adam_ota     round   63/100 loss=1.7521 acc=0.3479
  alpha=1.9 seed=44  no-MAC adam_ota     round   64/100 loss=1.7538 acc=0.3530
  alpha=1.9 seed=44  no-MAC adam_ota     round   65/100 loss=1.7370 acc=0.3600
  alpha=1.9 seed=44  no-MAC adam_ota     round   66/100 loss=1.6955 acc=0.3738
  alpha=1.9 seed=44  no-MAC adam_ota     round   67/100 loss=1.6721 acc=0.3781
  alpha=1.9 seed=44  no-MAC adam_ota     round   68/100 loss=1.6745 acc=0.3745
  alpha=1.9 seed=44  no-MAC adam_ota     round   69/100 loss=1.6786 acc=0.3646
  alpha=1.9 seed=44  no-MAC adam_ota     round   70/100 loss=1.6739 acc=0.3684
  alpha=1.9 seed=44  no-MAC adam_ota     round   71/100 loss=1.6706 acc=0.3733
  alpha=1.9 seed=44  no-MAC adam_ota     round   72/100 loss=1.6694 acc=0.3726
  alpha=1.9 seed=44  no-MAC adam_ota     round   73/100 loss=1.6666 acc=0.3753
  alpha=1.9 seed=44  no-MAC adam_ota     round   74/100 loss=1.6674 acc=0.3764
  alpha=1.9 seed=44  no-MAC adam_ota     round   75/100 loss=1.6665 acc=0.3706
  alpha=1.9 seed=44  no-MAC adam_ota     round   76/100 loss=1.6572 acc=0.3717
  alpha=1.9 seed=44  no-MAC adam_ota     round   77/100 loss=1.6530 acc=0.3748
  alpha=1.9 seed=44  no-MAC adam_ota     round   78/100 loss=1.6527 acc=0.3728
  alpha=1.9 seed=44  no-MAC adam_ota     round   79/100 loss=1.6400 acc=0.3782
  alpha=1.9 seed=44  no-MAC adam_ota     round   80/100 loss=1.6411 acc=0.3808
  alpha=1.9 seed=44  no-MAC adam_ota     round   81/100 loss=1.6511 acc=0.3770
  alpha=1.9 seed=44  no-MAC adam_ota     round   82/100 loss=1.6546 acc=0.3774
  alpha=1.9 seed=44  no-MAC adam_ota     round   83/100 loss=1.6587 acc=0.3797
  alpha=1.9 seed=44  no-MAC adam_ota     round   84/100 loss=1.6730 acc=0.3739
  alpha=1.9 seed=44  no-MAC adam_ota     round   85/100 loss=1.6667 acc=0.3756
  alpha=1.9 seed=44  no-MAC adam_ota     round   86/100 loss=1.6588 acc=0.3824
  alpha=1.9 seed=44  no-MAC adam_ota     round   87/100 loss=1.6468 acc=0.3825
  alpha=1.9 seed=44  no-MAC adam_ota     round   88/100 loss=1.6471 acc=0.3813
  alpha=1.9 seed=44  no-MAC adam_ota     round   89/100 loss=1.6452 acc=0.3807
  alpha=1.9 seed=44  no-MAC adam_ota     round   90/100 loss=1.6628 acc=0.3746
  alpha=1.9 seed=44  no-MAC adam_ota     round   91/100 loss=1.6754 acc=0.3744
  alpha=1.9 seed=44  no-MAC adam_ota     round   92/100 loss=1.6706 acc=0.3798
  alpha=1.9 seed=44  no-MAC adam_ota     round   93/100 loss=1.6610 acc=0.3770
  alpha=1.9 seed=44  no-MAC adam_ota     round   94/100 loss=1.6448 acc=0.3846
  alpha=1.9 seed=44  no-MAC adam_ota     round   95/100 loss=1.6398 acc=0.3846
  alpha=1.9 seed=44  no-MAC adam_ota     round   96/100 loss=1.6549 acc=0.3815
  alpha=1.9 seed=44  no-MAC adam_ota     round   97/100 loss=1.6672 acc=0.3749
  alpha=1.9 seed=44  no-MAC adam_ota     round   98/100 loss=1.6538 acc=0.3806
  alpha=1.9 seed=44  no-MAC adam_ota     round   99/100 loss=1.6563 acc=0.3796
  alpha=1.9 seed=44  no-MAC adam_ota     round  100/100 loss=1.6501 acc=0.3787
  alpha=2.0 seed=42  no-MAC fedavg       round    1/100 loss=2.3232 acc=0.0832
  alpha=2.0 seed=42  no-MAC fedavg       round    2/100 loss=2.2805 acc=0.1316
  alpha=2.0 seed=42  no-MAC fedavg       round    3/100 loss=2.2622 acc=0.1405
  alpha=2.0 seed=42  no-MAC fedavg       round    4/100 loss=2.2444 acc=0.1611
  alpha=2.0 seed=42  no-MAC fedavg       round    5/100 loss=2.2257 acc=0.1787
  alpha=2.0 seed=42  no-MAC fedavg       round    6/100 loss=2.2088 acc=0.1871
  alpha=2.0 seed=42  no-MAC fedavg       round    7/100 loss=2.1913 acc=0.1954
  alpha=2.0 seed=42  no-MAC fedavg       round    8/100 loss=2.1737 acc=0.2023
  alpha=2.0 seed=42  no-MAC fedavg       round    9/100 loss=2.1568 acc=0.2041
  alpha=2.0 seed=42  no-MAC fedavg       round   10/100 loss=2.1399 acc=0.2063
  alpha=2.0 seed=42  no-MAC fedavg       round   11/100 loss=2.1240 acc=0.2150
  alpha=2.0 seed=42  no-MAC fedavg       round   12/100 loss=2.1107 acc=0.2147
  alpha=2.0 seed=42  no-MAC fedavg       round   13/100 loss=2.0985 acc=0.2134
  alpha=2.0 seed=42  no-MAC fedavg       round   14/100 loss=2.0843 acc=0.2185
  alpha=2.0 seed=42  no-MAC fedavg       round   15/100 loss=2.0709 acc=0.2193
  alpha=2.0 seed=42  no-MAC fedavg       round   16/100 loss=2.0577 acc=0.2263
  alpha=2.0 seed=42  no-MAC fedavg       round   17/100 loss=2.0460 acc=0.2272
  alpha=2.0 seed=42  no-MAC fedavg       round   18/100 loss=2.0353 acc=0.2295
  alpha=2.0 seed=42  no-MAC fedavg       round   19/100 loss=2.0220 acc=0.2369
  alpha=2.0 seed=42  no-MAC fedavg       round   20/100 loss=2.0142 acc=0.2428
  alpha=2.0 seed=42  no-MAC fedavg       round   21/100 loss=2.0027 acc=0.2458
  alpha=2.0 seed=42  no-MAC fedavg       round   22/100 loss=1.9953 acc=0.2461
  alpha=2.0 seed=42  no-MAC fedavg       round   23/100 loss=1.9888 acc=0.2468
  alpha=2.0 seed=42  no-MAC fedavg       round   24/100 loss=1.9802 acc=0.2497
  alpha=2.0 seed=42  no-MAC fedavg       round   25/100 loss=1.9695 acc=0.2568
  alpha=2.0 seed=42  no-MAC fedavg       round   26/100 loss=1.9606 acc=0.2635
  alpha=2.0 seed=42  no-MAC fedavg       round   27/100 loss=1.9553 acc=0.2666
  alpha=2.0 seed=42  no-MAC fedavg       round   28/100 loss=1.9505 acc=0.2700
  alpha=2.0 seed=42  no-MAC fedavg       round   29/100 loss=1.9397 acc=0.2733
  alpha=2.0 seed=42  no-MAC fedavg       round   30/100 loss=1.9338 acc=0.2738
  alpha=2.0 seed=42  no-MAC fedavg       round   31/100 loss=1.9240 acc=0.2804
  alpha=2.0 seed=42  no-MAC fedavg       round   32/100 loss=1.9171 acc=0.2848
  alpha=2.0 seed=42  no-MAC fedavg       round   33/100 loss=1.9101 acc=0.2875
  alpha=2.0 seed=42  no-MAC fedavg       round   34/100 loss=1.9082 acc=0.2833
  alpha=2.0 seed=42  no-MAC fedavg       round   35/100 loss=1.8974 acc=0.2923
  alpha=2.0 seed=42  no-MAC fedavg       round   36/100 loss=1.8924 acc=0.2941
  alpha=2.0 seed=42  no-MAC fedavg       round   37/100 loss=1.8844 acc=0.2964
  alpha=2.0 seed=42  no-MAC fedavg       round   38/100 loss=1.8809 acc=0.3006
  alpha=2.0 seed=42  no-MAC fedavg       round   39/100 loss=1.8792 acc=0.2999
  alpha=2.0 seed=42  no-MAC fedavg       round   40/100 loss=1.8721 acc=0.2998
  alpha=2.0 seed=42  no-MAC fedavg       round   41/100 loss=1.8666 acc=0.3044
  alpha=2.0 seed=42  no-MAC fedavg       round   42/100 loss=1.8621 acc=0.3063
  alpha=2.0 seed=42  no-MAC fedavg       round   43/100 loss=1.8555 acc=0.3101
  alpha=2.0 seed=42  no-MAC fedavg       round   44/100 loss=1.8522 acc=0.3110
  alpha=2.0 seed=42  no-MAC fedavg       round   45/100 loss=1.8445 acc=0.3202
  alpha=2.0 seed=42  no-MAC fedavg       round   46/100 loss=1.8388 acc=0.3179
  alpha=2.0 seed=42  no-MAC fedavg       round   47/100 loss=1.8349 acc=0.3215
  alpha=2.0 seed=42  no-MAC fedavg       round   48/100 loss=1.8314 acc=0.3239
  alpha=2.0 seed=42  no-MAC fedavg       round   49/100 loss=1.8275 acc=0.3234
  alpha=2.0 seed=42  no-MAC fedavg       round   50/100 loss=1.8248 acc=0.3272
  alpha=2.0 seed=42  no-MAC fedavg       round   51/100 loss=1.8182 acc=0.3327
  alpha=2.0 seed=42  no-MAC fedavg       round   52/100 loss=1.8158 acc=0.3380
  alpha=2.0 seed=42  no-MAC fedavg       round   53/100 loss=1.8080 acc=0.3400
  alpha=2.0 seed=42  no-MAC fedavg       round   54/100 loss=1.8048 acc=0.3356
  alpha=2.0 seed=42  no-MAC fedavg       round   55/100 loss=1.7981 acc=0.3413
  alpha=2.0 seed=42  no-MAC fedavg       round   56/100 loss=1.7966 acc=0.3428
  alpha=2.0 seed=42  no-MAC fedavg       round   57/100 loss=1.7945 acc=0.3438
  alpha=2.0 seed=42  no-MAC fedavg       round   58/100 loss=1.7899 acc=0.3436
  alpha=2.0 seed=42  no-MAC fedavg       round   59/100 loss=1.7881 acc=0.3443
  alpha=2.0 seed=42  no-MAC fedavg       round   60/100 loss=1.7835 acc=0.3480
  alpha=2.0 seed=42  no-MAC fedavg       round   61/100 loss=1.7787 acc=0.3470
  alpha=2.0 seed=42  no-MAC fedavg       round   62/100 loss=1.7761 acc=0.3495
  alpha=2.0 seed=42  no-MAC fedavg       round   63/100 loss=1.7736 acc=0.3520
  alpha=2.0 seed=42  no-MAC fedavg       round   64/100 loss=1.7724 acc=0.3488
  alpha=2.0 seed=42  no-MAC fedavg       round   65/100 loss=1.7647 acc=0.3519
  alpha=2.0 seed=42  no-MAC fedavg       round   66/100 loss=1.7609 acc=0.3545
  alpha=2.0 seed=42  no-MAC fedavg       round   67/100 loss=1.7555 acc=0.3541
  alpha=2.0 seed=42  no-MAC fedavg       round   68/100 loss=1.7507 acc=0.3583
  alpha=2.0 seed=42  no-MAC fedavg       round   69/100 loss=1.7564 acc=0.3578
  alpha=2.0 seed=42  no-MAC fedavg       round   70/100 loss=1.7566 acc=0.3610
  alpha=2.0 seed=42  no-MAC fedavg       round   71/100 loss=1.7457 acc=0.3617
  alpha=2.0 seed=42  no-MAC fedavg       round   72/100 loss=1.7471 acc=0.3614
  alpha=2.0 seed=42  no-MAC fedavg       round   73/100 loss=1.7388 acc=0.3620
  alpha=2.0 seed=42  no-MAC fedavg       round   74/100 loss=1.7335 acc=0.3683
  alpha=2.0 seed=42  no-MAC fedavg       round   75/100 loss=1.7298 acc=0.3716
  alpha=2.0 seed=42  no-MAC fedavg       round   76/100 loss=1.7227 acc=0.3676
  alpha=2.0 seed=42  no-MAC fedavg       round   77/100 loss=1.7221 acc=0.3733
  alpha=2.0 seed=42  no-MAC fedavg       round   78/100 loss=1.7176 acc=0.3679
  alpha=2.0 seed=42  no-MAC fedavg       round   79/100 loss=1.7119 acc=0.3695
  alpha=2.0 seed=42  no-MAC fedavg       round   80/100 loss=1.7120 acc=0.3724
  alpha=2.0 seed=42  no-MAC fedavg       round   81/100 loss=1.7088 acc=0.3748
  alpha=2.0 seed=42  no-MAC fedavg       round   82/100 loss=1.7052 acc=0.3730
  alpha=2.0 seed=42  no-MAC fedavg       round   83/100 loss=1.7032 acc=0.3765
  alpha=2.0 seed=42  no-MAC fedavg       round   84/100 loss=1.6975 acc=0.3734
  alpha=2.0 seed=42  no-MAC fedavg       round   85/100 loss=1.6989 acc=0.3701
  alpha=2.0 seed=42  no-MAC fedavg       round   86/100 loss=1.6950 acc=0.3725
  alpha=2.0 seed=42  no-MAC fedavg       round   87/100 loss=1.6948 acc=0.3742
  alpha=2.0 seed=42  no-MAC fedavg       round   88/100 loss=1.6908 acc=0.3789
  alpha=2.0 seed=42  no-MAC fedavg       round   89/100 loss=1.6894 acc=0.3787
  alpha=2.0 seed=42  no-MAC fedavg       round   90/100 loss=1.6905 acc=0.3808
  alpha=2.0 seed=42  no-MAC fedavg       round   91/100 loss=1.6871 acc=0.3780
  alpha=2.0 seed=42  no-MAC fedavg       round   92/100 loss=1.6804 acc=0.3843
  alpha=2.0 seed=42  no-MAC fedavg       round   93/100 loss=1.6763 acc=0.3856
  alpha=2.0 seed=42  no-MAC fedavg       round   94/100 loss=1.6737 acc=0.3863
  alpha=2.0 seed=42  no-MAC fedavg       round   95/100 loss=1.6720 acc=0.3859
  alpha=2.0 seed=42  no-MAC fedavg       round   96/100 loss=1.6688 acc=0.3871
  alpha=2.0 seed=42  no-MAC fedavg       round   97/100 loss=1.6664 acc=0.3894
  alpha=2.0 seed=42  no-MAC fedavg       round   98/100 loss=1.6629 acc=0.3909
  alpha=2.0 seed=42  no-MAC fedavg       round   99/100 loss=1.6612 acc=0.3906
  alpha=2.0 seed=42  no-MAC fedavg       round  100/100 loss=1.6592 acc=0.3956
  alpha=2.0 seed=43  no-MAC fedavg       round    1/100 loss=2.3050 acc=0.1268
  alpha=2.0 seed=43  no-MAC fedavg       round    2/100 loss=2.2890 acc=0.1485
  alpha=2.0 seed=43  no-MAC fedavg       round    3/100 loss=2.2754 acc=0.1510
  alpha=2.0 seed=43  no-MAC fedavg       round    4/100 loss=2.2620 acc=0.1558
  alpha=2.0 seed=43  no-MAC fedavg       round    5/100 loss=2.2470 acc=0.1626
  alpha=2.0 seed=43  no-MAC fedavg       round    6/100 loss=2.2274 acc=0.1827
  alpha=2.0 seed=43  no-MAC fedavg       round    7/100 loss=2.2101 acc=0.1907
  alpha=2.0 seed=43  no-MAC fedavg       round    8/100 loss=2.1924 acc=0.1965
  alpha=2.0 seed=43  no-MAC fedavg       round    9/100 loss=2.1750 acc=0.2074
  alpha=2.0 seed=43  no-MAC fedavg       round   10/100 loss=2.1595 acc=0.2139
  alpha=2.0 seed=43  no-MAC fedavg       round   11/100 loss=2.1418 acc=0.2216
  alpha=2.0 seed=43  no-MAC fedavg       round   12/100 loss=2.1216 acc=0.2207
  alpha=2.0 seed=43  no-MAC fedavg       round   13/100 loss=2.1080 acc=0.2236
  alpha=2.0 seed=43  no-MAC fedavg       round   14/100 loss=2.0925 acc=0.2224
  alpha=2.0 seed=43  no-MAC fedavg       round   15/100 loss=2.0797 acc=0.2197
  alpha=2.0 seed=43  no-MAC fedavg       round   16/100 loss=2.0654 acc=0.2301
  alpha=2.0 seed=43  no-MAC fedavg       round   17/100 loss=2.0500 acc=0.2399
  alpha=2.0 seed=43  no-MAC fedavg       round   18/100 loss=2.0376 acc=0.2434
  alpha=2.0 seed=43  no-MAC fedavg       round   19/100 loss=2.0284 acc=0.2448
  alpha=2.0 seed=43  no-MAC fedavg       round   20/100 loss=2.0173 acc=0.2458
  alpha=2.0 seed=43  no-MAC fedavg       round   21/100 loss=2.0043 acc=0.2474
  alpha=2.0 seed=43  no-MAC fedavg       round   22/100 loss=1.9929 acc=0.2515
  alpha=2.0 seed=43  no-MAC fedavg       round   23/100 loss=1.9839 acc=0.2564
  alpha=2.0 seed=43  no-MAC fedavg       round   24/100 loss=1.9751 acc=0.2568
  alpha=2.0 seed=43  no-MAC fedavg       round   25/100 loss=1.9682 acc=0.2545
  alpha=2.0 seed=43  no-MAC fedavg       round   26/100 loss=1.9624 acc=0.2528
  alpha=2.0 seed=43  no-MAC fedavg       round   27/100 loss=1.9542 acc=0.2550
  alpha=2.0 seed=43  no-MAC fedavg       round   28/100 loss=1.9451 acc=0.2568
  alpha=2.0 seed=43  no-MAC fedavg       round   29/100 loss=1.9374 acc=0.2625
  alpha=2.0 seed=43  no-MAC fedavg       round   30/100 loss=1.9266 acc=0.2689
  alpha=2.0 seed=43  no-MAC fedavg       round   31/100 loss=1.9197 acc=0.2642
  alpha=2.0 seed=43  no-MAC fedavg       round   32/100 loss=1.9150 acc=0.2696
  alpha=2.0 seed=43  no-MAC fedavg       round   33/100 loss=1.9068 acc=0.2716
  alpha=2.0 seed=43  no-MAC fedavg       round   34/100 loss=1.8970 acc=0.2827
  alpha=2.0 seed=43  no-MAC fedavg       round   35/100 loss=1.8962 acc=0.2764
  alpha=2.0 seed=43  no-MAC fedavg       round   36/100 loss=1.8914 acc=0.2780
  alpha=2.0 seed=43  no-MAC fedavg       round   37/100 loss=1.8826 acc=0.2809
  alpha=2.0 seed=43  no-MAC fedavg       round   38/100 loss=1.8716 acc=0.2875
  alpha=2.0 seed=43  no-MAC fedavg       round   39/100 loss=1.8680 acc=0.2827
  alpha=2.0 seed=43  no-MAC fedavg       round   40/100 loss=1.8593 acc=0.2906
  alpha=2.0 seed=43  no-MAC fedavg       round   41/100 loss=1.8537 acc=0.2911
  alpha=2.0 seed=43  no-MAC fedavg       round   42/100 loss=1.8511 acc=0.2910
  alpha=2.0 seed=43  no-MAC fedavg       round   43/100 loss=1.8465 acc=0.2897
  alpha=2.0 seed=43  no-MAC fedavg       round   44/100 loss=1.8383 acc=0.3000
  alpha=2.0 seed=43  no-MAC fedavg       round   45/100 loss=1.8396 acc=0.2914
  alpha=2.0 seed=43  no-MAC fedavg       round   46/100 loss=1.8294 acc=0.3000
  alpha=2.0 seed=43  no-MAC fedavg       round   47/100 loss=1.8265 acc=0.3010
  alpha=2.0 seed=43  no-MAC fedavg       round   48/100 loss=1.8185 acc=0.3035
  alpha=2.0 seed=43  no-MAC fedavg       round   49/100 loss=1.8151 acc=0.3065
  alpha=2.0 seed=43  no-MAC fedavg       round   50/100 loss=1.8104 acc=0.3066
  alpha=2.0 seed=43  no-MAC fedavg       round   51/100 loss=1.8028 acc=0.3164
  alpha=2.0 seed=43  no-MAC fedavg       round   52/100 loss=1.7953 acc=0.3107
  alpha=2.0 seed=43  no-MAC fedavg       round   53/100 loss=1.7997 acc=0.3083
  alpha=2.0 seed=43  no-MAC fedavg       round   54/100 loss=1.7927 acc=0.3172
  alpha=2.0 seed=43  no-MAC fedavg       round   55/100 loss=1.7892 acc=0.3149
  alpha=2.0 seed=43  no-MAC fedavg       round   56/100 loss=1.7875 acc=0.3169
  alpha=2.0 seed=43  no-MAC fedavg       round   57/100 loss=1.7872 acc=0.3132
  alpha=2.0 seed=43  no-MAC fedavg       round   58/100 loss=1.7847 acc=0.3084
  alpha=2.0 seed=43  no-MAC fedavg       round   59/100 loss=1.7828 acc=0.3115
  alpha=2.0 seed=43  no-MAC fedavg       round   60/100 loss=1.7700 acc=0.3203
  alpha=2.0 seed=43  no-MAC fedavg       round   61/100 loss=1.7707 acc=0.3221
  alpha=2.0 seed=43  no-MAC fedavg       round   62/100 loss=1.7675 acc=0.3281
  alpha=2.0 seed=43  no-MAC fedavg       round   63/100 loss=1.7610 acc=0.3318
  alpha=2.0 seed=43  no-MAC fedavg       round   64/100 loss=1.7585 acc=0.3290
  alpha=2.0 seed=43  no-MAC fedavg       round   65/100 loss=1.7571 acc=0.3300
  alpha=2.0 seed=43  no-MAC fedavg       round   66/100 loss=1.7497 acc=0.3355
  alpha=2.0 seed=43  no-MAC fedavg       round   67/100 loss=1.7467 acc=0.3330
  alpha=2.0 seed=43  no-MAC fedavg       round   68/100 loss=1.7427 acc=0.3399
  alpha=2.0 seed=43  no-MAC fedavg       round   69/100 loss=1.7351 acc=0.3441
  alpha=2.0 seed=43  no-MAC fedavg       round   70/100 loss=1.7357 acc=0.3427
  alpha=2.0 seed=43  no-MAC fedavg       round   71/100 loss=1.7335 acc=0.3454
  alpha=2.0 seed=43  no-MAC fedavg       round   72/100 loss=1.7367 acc=0.3379
  alpha=2.0 seed=43  no-MAC fedavg       round   73/100 loss=1.7342 acc=0.3438
  alpha=2.0 seed=43  no-MAC fedavg       round   74/100 loss=1.7291 acc=0.3484
  alpha=2.0 seed=43  no-MAC fedavg       round   75/100 loss=1.7272 acc=0.3488
  alpha=2.0 seed=43  no-MAC fedavg       round   76/100 loss=1.7218 acc=0.3478
  alpha=2.0 seed=43  no-MAC fedavg       round   77/100 loss=1.7208 acc=0.3514
  alpha=2.0 seed=43  no-MAC fedavg       round   78/100 loss=1.7213 acc=0.3526
  alpha=2.0 seed=43  no-MAC fedavg       round   79/100 loss=1.7154 acc=0.3552
  alpha=2.0 seed=43  no-MAC fedavg       round   80/100 loss=1.7046 acc=0.3586
  alpha=2.0 seed=43  no-MAC fedavg       round   81/100 loss=1.7043 acc=0.3558
  alpha=2.0 seed=43  no-MAC fedavg       round   82/100 loss=1.7035 acc=0.3557
  alpha=2.0 seed=43  no-MAC fedavg       round   83/100 loss=1.7095 acc=0.3571
  alpha=2.0 seed=43  no-MAC fedavg       round   84/100 loss=1.7083 acc=0.3534
  alpha=2.0 seed=43  no-MAC fedavg       round   85/100 loss=1.7065 acc=0.3567
  alpha=2.0 seed=43  no-MAC fedavg       round   86/100 loss=1.6983 acc=0.3557
  alpha=2.0 seed=43  no-MAC fedavg       round   87/100 loss=1.6974 acc=0.3620
  alpha=2.0 seed=43  no-MAC fedavg       round   88/100 loss=1.6958 acc=0.3621
  alpha=2.0 seed=43  no-MAC fedavg       round   89/100 loss=1.6923 acc=0.3592
  alpha=2.0 seed=43  no-MAC fedavg       round   90/100 loss=1.6933 acc=0.3585
  alpha=2.0 seed=43  no-MAC fedavg       round   91/100 loss=1.6907 acc=0.3601
  alpha=2.0 seed=43  no-MAC fedavg       round   92/100 loss=1.6886 acc=0.3583
  alpha=2.0 seed=43  no-MAC fedavg       round   93/100 loss=1.6881 acc=0.3560
  alpha=2.0 seed=43  no-MAC fedavg       round   94/100 loss=1.6875 acc=0.3646
  alpha=2.0 seed=43  no-MAC fedavg       round   95/100 loss=1.6835 acc=0.3671
  alpha=2.0 seed=43  no-MAC fedavg       round   96/100 loss=1.6747 acc=0.3706
  alpha=2.0 seed=43  no-MAC fedavg       round   97/100 loss=1.6803 acc=0.3655
  alpha=2.0 seed=43  no-MAC fedavg       round   98/100 loss=1.6698 acc=0.3716
  alpha=2.0 seed=43  no-MAC fedavg       round   99/100 loss=1.6662 acc=0.3767
  alpha=2.0 seed=43  no-MAC fedavg       round  100/100 loss=1.6686 acc=0.3730
  alpha=2.0 seed=44  no-MAC fedavg       round    1/100 loss=2.2790 acc=0.1176
  alpha=2.0 seed=44  no-MAC fedavg       round    2/100 loss=2.2632 acc=0.1419
  alpha=2.0 seed=44  no-MAC fedavg       round    3/100 loss=2.2475 acc=0.1660
  alpha=2.0 seed=44  no-MAC fedavg       round    4/100 loss=2.2294 acc=0.1695
  alpha=2.0 seed=44  no-MAC fedavg       round    5/100 loss=2.2083 acc=0.1805
  alpha=2.0 seed=44  no-MAC fedavg       round    6/100 loss=2.1882 acc=0.1955
  alpha=2.0 seed=44  no-MAC fedavg       round    7/100 loss=2.1676 acc=0.2031
  alpha=2.0 seed=44  no-MAC fedavg       round    8/100 loss=2.1503 acc=0.2137
  alpha=2.0 seed=44  no-MAC fedavg       round    9/100 loss=2.1323 acc=0.2250
  alpha=2.0 seed=44  no-MAC fedavg       round   10/100 loss=2.1163 acc=0.2312
  alpha=2.0 seed=44  no-MAC fedavg       round   11/100 loss=2.1005 acc=0.2321
  alpha=2.0 seed=44  no-MAC fedavg       round   12/100 loss=2.0862 acc=0.2337
  alpha=2.0 seed=44  no-MAC fedavg       round   13/100 loss=2.0730 acc=0.2393
  alpha=2.0 seed=44  no-MAC fedavg       round   14/100 loss=2.0612 acc=0.2446
  alpha=2.0 seed=44  no-MAC fedavg       round   15/100 loss=2.0505 acc=0.2475
  alpha=2.0 seed=44  no-MAC fedavg       round   16/100 loss=2.0389 acc=0.2510
  alpha=2.0 seed=44  no-MAC fedavg       round   17/100 loss=2.0304 acc=0.2534
  alpha=2.0 seed=44  no-MAC fedavg       round   18/100 loss=2.0154 acc=0.2603
  alpha=2.0 seed=44  no-MAC fedavg       round   19/100 loss=2.0079 acc=0.2618
  alpha=2.0 seed=44  no-MAC fedavg       round   20/100 loss=1.9970 acc=0.2691
  alpha=2.0 seed=44  no-MAC fedavg       round   21/100 loss=1.9872 acc=0.2713
  alpha=2.0 seed=44  no-MAC fedavg       round   22/100 loss=1.9810 acc=0.2661
  alpha=2.0 seed=44  no-MAC fedavg       round   23/100 loss=1.9710 acc=0.2721
  alpha=2.0 seed=44  no-MAC fedavg       round   24/100 loss=1.9643 acc=0.2758
  alpha=2.0 seed=44  no-MAC fedavg       round   25/100 loss=1.9556 acc=0.2816
  alpha=2.0 seed=44  no-MAC fedavg       round   26/100 loss=1.9485 acc=0.2821
  alpha=2.0 seed=44  no-MAC fedavg       round   27/100 loss=1.9423 acc=0.2778
  alpha=2.0 seed=44  no-MAC fedavg       round   28/100 loss=1.9350 acc=0.2868
  alpha=2.0 seed=44  no-MAC fedavg       round   29/100 loss=1.9298 acc=0.2840
  alpha=2.0 seed=44  no-MAC fedavg       round   30/100 loss=1.9261 acc=0.2832
  alpha=2.0 seed=44  no-MAC fedavg       round   31/100 loss=1.9169 acc=0.2879
  alpha=2.0 seed=44  no-MAC fedavg       round   32/100 loss=1.9091 acc=0.2920
  alpha=2.0 seed=44  no-MAC fedavg       round   33/100 loss=1.9046 acc=0.2926
  alpha=2.0 seed=44  no-MAC fedavg       round   34/100 loss=1.8983 acc=0.2917
  alpha=2.0 seed=44  no-MAC fedavg       round   35/100 loss=1.8908 acc=0.2990
  alpha=2.0 seed=44  no-MAC fedavg       round   36/100 loss=1.8864 acc=0.2960
  alpha=2.0 seed=44  no-MAC fedavg       round   37/100 loss=1.8814 acc=0.3016
  alpha=2.0 seed=44  no-MAC fedavg       round   38/100 loss=1.8765 acc=0.3039
  alpha=2.0 seed=44  no-MAC fedavg       round   39/100 loss=1.8699 acc=0.3095
  alpha=2.0 seed=44  no-MAC fedavg       round   40/100 loss=1.8650 acc=0.3075
  alpha=2.0 seed=44  no-MAC fedavg       round   41/100 loss=1.8577 acc=0.3146
  alpha=2.0 seed=44  no-MAC fedavg       round   42/100 loss=1.8551 acc=0.3152
  alpha=2.0 seed=44  no-MAC fedavg       round   43/100 loss=1.8508 acc=0.3122
  alpha=2.0 seed=44  no-MAC fedavg       round   44/100 loss=1.8439 acc=0.3201
  alpha=2.0 seed=44  no-MAC fedavg       round   45/100 loss=1.8432 acc=0.3207
  alpha=2.0 seed=44  no-MAC fedavg       round   46/100 loss=1.8364 acc=0.3212
  alpha=2.0 seed=44  no-MAC fedavg       round   47/100 loss=1.8280 acc=0.3290
  alpha=2.0 seed=44  no-MAC fedavg       round   48/100 loss=1.8306 acc=0.3234
  alpha=2.0 seed=44  no-MAC fedavg       round   49/100 loss=1.8252 acc=0.3277
  alpha=2.0 seed=44  no-MAC fedavg       round   50/100 loss=1.8194 acc=0.3239
  alpha=2.0 seed=44  no-MAC fedavg       round   51/100 loss=1.8149 acc=0.3293
  alpha=2.0 seed=44  no-MAC fedavg       round   52/100 loss=1.8125 acc=0.3281
  alpha=2.0 seed=44  no-MAC fedavg       round   53/100 loss=1.8086 acc=0.3278
  alpha=2.0 seed=44  no-MAC fedavg       round   54/100 loss=1.8067 acc=0.3312
  alpha=2.0 seed=44  no-MAC fedavg       round   55/100 loss=1.7984 acc=0.3366
  alpha=2.0 seed=44  no-MAC fedavg       round   56/100 loss=1.8021 acc=0.3343
  alpha=2.0 seed=44  no-MAC fedavg       round   57/100 loss=1.7977 acc=0.3395
  alpha=2.0 seed=44  no-MAC fedavg       round   58/100 loss=1.7882 acc=0.3406
  alpha=2.0 seed=44  no-MAC fedavg       round   59/100 loss=1.7828 acc=0.3375
  alpha=2.0 seed=44  no-MAC fedavg       round   60/100 loss=1.7741 acc=0.3443
  alpha=2.0 seed=44  no-MAC fedavg       round   61/100 loss=1.7743 acc=0.3421
  alpha=2.0 seed=44  no-MAC fedavg       round   62/100 loss=1.7710 acc=0.3422
  alpha=2.0 seed=44  no-MAC fedavg       round   63/100 loss=1.7643 acc=0.3481
  alpha=2.0 seed=44  no-MAC fedavg       round   64/100 loss=1.7651 acc=0.3492
  alpha=2.0 seed=44  no-MAC fedavg       round   65/100 loss=1.7597 acc=0.3487
  alpha=2.0 seed=44  no-MAC fedavg       round   66/100 loss=1.7567 acc=0.3529
  alpha=2.0 seed=44  no-MAC fedavg       round   67/100 loss=1.7564 acc=0.3526
  alpha=2.0 seed=44  no-MAC fedavg       round   68/100 loss=1.7508 acc=0.3587
  alpha=2.0 seed=44  no-MAC fedavg       round   69/100 loss=1.7509 acc=0.3560
  alpha=2.0 seed=44  no-MAC fedavg       round   70/100 loss=1.7483 acc=0.3539
  alpha=2.0 seed=44  no-MAC fedavg       round   71/100 loss=1.7515 acc=0.3507
  alpha=2.0 seed=44  no-MAC fedavg       round   72/100 loss=1.7471 acc=0.3552
  alpha=2.0 seed=44  no-MAC fedavg       round   73/100 loss=1.7345 acc=0.3574
  alpha=2.0 seed=44  no-MAC fedavg       round   74/100 loss=1.7331 acc=0.3623
  alpha=2.0 seed=44  no-MAC fedavg       round   75/100 loss=1.7308 acc=0.3644
  alpha=2.0 seed=44  no-MAC fedavg       round   76/100 loss=1.7264 acc=0.3685
  alpha=2.0 seed=44  no-MAC fedavg       round   77/100 loss=1.7259 acc=0.3658
  alpha=2.0 seed=44  no-MAC fedavg       round   78/100 loss=1.7193 acc=0.3688
  alpha=2.0 seed=44  no-MAC fedavg       round   79/100 loss=1.7211 acc=0.3660
  alpha=2.0 seed=44  no-MAC fedavg       round   80/100 loss=1.7191 acc=0.3622
  alpha=2.0 seed=44  no-MAC fedavg       round   81/100 loss=1.7171 acc=0.3648
  alpha=2.0 seed=44  no-MAC fedavg       round   82/100 loss=1.7158 acc=0.3629
  alpha=2.0 seed=44  no-MAC fedavg       round   83/100 loss=1.7102 acc=0.3652
  alpha=2.0 seed=44  no-MAC fedavg       round   84/100 loss=1.7089 acc=0.3678
  alpha=2.0 seed=44  no-MAC fedavg       round   85/100 loss=1.7122 acc=0.3666
  alpha=2.0 seed=44  no-MAC fedavg       round   86/100 loss=1.7000 acc=0.3731
  alpha=2.0 seed=44  no-MAC fedavg       round   87/100 loss=1.6974 acc=0.3740
  alpha=2.0 seed=44  no-MAC fedavg       round   88/100 loss=1.7008 acc=0.3689
  alpha=2.0 seed=44  no-MAC fedavg       round   89/100 loss=1.6898 acc=0.3766
  alpha=2.0 seed=44  no-MAC fedavg       round   90/100 loss=1.6935 acc=0.3708
  alpha=2.0 seed=44  no-MAC fedavg       round   91/100 loss=1.6893 acc=0.3726
  alpha=2.0 seed=44  no-MAC fedavg       round   92/100 loss=1.6838 acc=0.3784
  alpha=2.0 seed=44  no-MAC fedavg       round   93/100 loss=1.6893 acc=0.3779
  alpha=2.0 seed=44  no-MAC fedavg       round   94/100 loss=1.6856 acc=0.3754
  alpha=2.0 seed=44  no-MAC fedavg       round   95/100 loss=1.6783 acc=0.3793
  alpha=2.0 seed=44  no-MAC fedavg       round   96/100 loss=1.6786 acc=0.3760
  alpha=2.0 seed=44  no-MAC fedavg       round   97/100 loss=1.6753 acc=0.3820
  alpha=2.0 seed=44  no-MAC fedavg       round   98/100 loss=1.6715 acc=0.3827
  alpha=2.0 seed=44  no-MAC fedavg       round   99/100 loss=1.6671 acc=0.3855
  alpha=2.0 seed=44  no-MAC fedavg       round  100/100 loss=1.6674 acc=0.3873
  alpha=2.0 seed=42  no-MAC fedavgm      round    1/100 loss=2.3232 acc=0.0832
  alpha=2.0 seed=42  no-MAC fedavgm      round    2/100 loss=2.2746 acc=0.1298
  alpha=2.0 seed=42  no-MAC fedavgm      round    3/100 loss=2.2670 acc=0.1307
  alpha=2.0 seed=42  no-MAC fedavgm      round    4/100 loss=2.2145 acc=0.1607
  alpha=2.0 seed=42  no-MAC fedavgm      round    5/100 loss=2.1311 acc=0.2228
  alpha=2.0 seed=42  no-MAC fedavgm      round    6/100 loss=2.0874 acc=0.2354
  alpha=2.0 seed=42  no-MAC fedavgm      round    7/100 loss=2.0567 acc=0.2351
  alpha=2.0 seed=42  no-MAC fedavgm      round    8/100 loss=2.0005 acc=0.2611
  alpha=2.0 seed=42  no-MAC fedavgm      round    9/100 loss=1.9732 acc=0.2551
  alpha=2.0 seed=42  no-MAC fedavgm      round   10/100 loss=1.9817 acc=0.2412
  alpha=2.0 seed=42  no-MAC fedavgm      round   11/100 loss=1.9856 acc=0.2408
  alpha=2.0 seed=42  no-MAC fedavgm      round   12/100 loss=1.9989 acc=0.2491
  alpha=2.0 seed=42  no-MAC fedavgm      round   13/100 loss=2.0219 acc=0.2467
  alpha=2.0 seed=42  no-MAC fedavgm      round   14/100 loss=2.0060 acc=0.2499
  alpha=2.0 seed=42  no-MAC fedavgm      round   15/100 loss=1.9465 acc=0.2663
  alpha=2.0 seed=42  no-MAC fedavgm      round   16/100 loss=1.9082 acc=0.2644
  alpha=2.0 seed=42  no-MAC fedavgm      round   17/100 loss=1.8908 acc=0.2658
  alpha=2.0 seed=42  no-MAC fedavgm      round   18/100 loss=1.8774 acc=0.2831
  alpha=2.0 seed=42  no-MAC fedavgm      round   19/100 loss=1.8819 acc=0.2991
  alpha=2.0 seed=42  no-MAC fedavgm      round   20/100 loss=1.9259 acc=0.2870
  alpha=2.0 seed=42  no-MAC fedavgm      round   21/100 loss=1.9759 acc=0.2806
  alpha=2.0 seed=42  no-MAC fedavgm      round   22/100 loss=1.9952 acc=0.2789
  alpha=2.0 seed=42  no-MAC fedavgm      round   23/100 loss=1.9946 acc=0.2765
  alpha=2.0 seed=42  no-MAC fedavgm      round   24/100 loss=1.9568 acc=0.2832
  alpha=2.0 seed=42  no-MAC fedavgm      round   25/100 loss=1.9318 acc=0.2950
  alpha=2.0 seed=42  no-MAC fedavgm      round   26/100 loss=1.8876 acc=0.3140
  alpha=2.0 seed=42  no-MAC fedavgm      round   27/100 loss=1.8739 acc=0.3074
  alpha=2.0 seed=42  no-MAC fedavgm      round   28/100 loss=1.8334 acc=0.3099
  alpha=2.0 seed=42  no-MAC fedavgm      round   29/100 loss=1.8085 acc=0.3199
  alpha=2.0 seed=42  no-MAC fedavgm      round   30/100 loss=1.7850 acc=0.3173
  alpha=2.0 seed=42  no-MAC fedavgm      round   31/100 loss=1.7728 acc=0.3247
  alpha=2.0 seed=42  no-MAC fedavgm      round   32/100 loss=1.7663 acc=0.3340
  alpha=2.0 seed=42  no-MAC fedavgm      round   33/100 loss=1.7488 acc=0.3424
  alpha=2.0 seed=42  no-MAC fedavgm      round   34/100 loss=1.7449 acc=0.3481
  alpha=2.0 seed=42  no-MAC fedavgm      round   35/100 loss=1.7556 acc=0.3411
  alpha=2.0 seed=42  no-MAC fedavgm      round   36/100 loss=1.7786 acc=0.3321
  alpha=2.0 seed=42  no-MAC fedavgm      round   37/100 loss=1.8014 acc=0.3295
  alpha=2.0 seed=42  no-MAC fedavgm      round   38/100 loss=1.8162 acc=0.3262
  alpha=2.0 seed=42  no-MAC fedavgm      round   39/100 loss=1.7644 acc=0.3411
  alpha=2.0 seed=42  no-MAC fedavgm      round   40/100 loss=1.7282 acc=0.3601
  alpha=2.0 seed=42  no-MAC fedavgm      round   41/100 loss=1.6897 acc=0.3659
  alpha=2.0 seed=42  no-MAC fedavgm      round   42/100 loss=1.6644 acc=0.3712
  alpha=2.0 seed=42  no-MAC fedavgm      round   43/100 loss=1.6559 acc=0.3774
  alpha=2.0 seed=42  no-MAC fedavgm      round   44/100 loss=1.6580 acc=0.3797
  alpha=2.0 seed=42  no-MAC fedavgm      round   45/100 loss=1.6704 acc=0.3741
  alpha=2.0 seed=42  no-MAC fedavgm      round   46/100 loss=1.6881 acc=0.3667
  alpha=2.0 seed=42  no-MAC fedavgm      round   47/100 loss=1.7187 acc=0.3674
  alpha=2.0 seed=42  no-MAC fedavgm      round   48/100 loss=1.7327 acc=0.3593
  alpha=2.0 seed=42  no-MAC fedavgm      round   49/100 loss=1.7091 acc=0.3617
  alpha=2.0 seed=42  no-MAC fedavgm      round   50/100 loss=1.6663 acc=0.3735
  alpha=2.0 seed=42  no-MAC fedavgm      round   51/100 loss=1.6323 acc=0.3863
  alpha=2.0 seed=42  no-MAC fedavgm      round   52/100 loss=1.6295 acc=0.3892
  alpha=2.0 seed=42  no-MAC fedavgm      round   53/100 loss=1.6388 acc=0.3880
  alpha=2.0 seed=42  no-MAC fedavgm      round   54/100 loss=1.6438 acc=0.3938
  alpha=2.0 seed=42  no-MAC fedavgm      round   55/100 loss=1.6472 acc=0.3914
  alpha=2.0 seed=42  no-MAC fedavgm      round   56/100 loss=1.6354 acc=0.3928
  alpha=2.0 seed=42  no-MAC fedavgm      round   57/100 loss=1.6236 acc=0.3953
  alpha=2.0 seed=42  no-MAC fedavgm      round   58/100 loss=1.6248 acc=0.3943
  alpha=2.0 seed=42  no-MAC fedavgm      round   59/100 loss=1.6360 acc=0.3924
  alpha=2.0 seed=42  no-MAC fedavgm      round   60/100 loss=1.6425 acc=0.3944
  alpha=2.0 seed=42  no-MAC fedavgm      round   61/100 loss=1.6408 acc=0.3929
  alpha=2.0 seed=42  no-MAC fedavgm      round   62/100 loss=1.6257 acc=0.3957
  alpha=2.0 seed=42  no-MAC fedavgm      round   63/100 loss=1.5995 acc=0.3988
  alpha=2.0 seed=42  no-MAC fedavgm      round   64/100 loss=1.5860 acc=0.4038
  alpha=2.0 seed=42  no-MAC fedavgm      round   65/100 loss=1.5876 acc=0.4025
  alpha=2.0 seed=42  no-MAC fedavgm      round   66/100 loss=1.5911 acc=0.4042
  alpha=2.0 seed=42  no-MAC fedavgm      round   67/100 loss=1.5845 acc=0.4078
  alpha=2.0 seed=42  no-MAC fedavgm      round   68/100 loss=1.5705 acc=0.4131
  alpha=2.0 seed=42  no-MAC fedavgm      round   69/100 loss=1.5539 acc=0.4169
  alpha=2.0 seed=42  no-MAC fedavgm      round   70/100 loss=1.5478 acc=0.4161
  alpha=2.0 seed=42  no-MAC fedavgm      round   71/100 loss=1.5496 acc=0.4169
  alpha=2.0 seed=42  no-MAC fedavgm      round   72/100 loss=1.5529 acc=0.4156
  alpha=2.0 seed=42  no-MAC fedavgm      round   73/100 loss=1.5613 acc=0.4123
  alpha=2.0 seed=42  no-MAC fedavgm      round   74/100 loss=1.5509 acc=0.4154
  alpha=2.0 seed=42  no-MAC fedavgm      round   75/100 loss=1.5417 acc=0.4244
  alpha=2.0 seed=42  no-MAC fedavgm      round   76/100 loss=1.5395 acc=0.4269
  alpha=2.0 seed=42  no-MAC fedavgm      round   77/100 loss=1.5375 acc=0.4250
  alpha=2.0 seed=42  no-MAC fedavgm      round   78/100 loss=1.5383 acc=0.4229
  alpha=2.0 seed=42  no-MAC fedavgm      round   79/100 loss=1.5522 acc=0.4235
  alpha=2.0 seed=42  no-MAC fedavgm      round   80/100 loss=1.5718 acc=0.4178
  alpha=2.0 seed=42  no-MAC fedavgm      round   81/100 loss=1.5745 acc=0.4165
  alpha=2.0 seed=42  no-MAC fedavgm      round   82/100 loss=1.5770 acc=0.4161
  alpha=2.0 seed=42  no-MAC fedavgm      round   83/100 loss=1.5755 acc=0.4187
  alpha=2.0 seed=42  no-MAC fedavgm      round   84/100 loss=1.5781 acc=0.4158
  alpha=2.0 seed=42  no-MAC fedavgm      round   85/100 loss=1.5763 acc=0.4155
  alpha=2.0 seed=42  no-MAC fedavgm      round   86/100 loss=1.5817 acc=0.4147
  alpha=2.0 seed=42  no-MAC fedavgm      round   87/100 loss=1.5570 acc=0.4202
  alpha=2.0 seed=42  no-MAC fedavgm      round   88/100 loss=1.5314 acc=0.4258
  alpha=2.0 seed=42  no-MAC fedavgm      round   89/100 loss=1.5260 acc=0.4258
  alpha=2.0 seed=42  no-MAC fedavgm      round   90/100 loss=1.5250 acc=0.4231
  alpha=2.0 seed=42  no-MAC fedavgm      round   91/100 loss=1.5255 acc=0.4248
  alpha=2.0 seed=42  no-MAC fedavgm      round   92/100 loss=1.5323 acc=0.4274
  alpha=2.0 seed=42  no-MAC fedavgm      round   93/100 loss=1.5195 acc=0.4289
  alpha=2.0 seed=42  no-MAC fedavgm      round   94/100 loss=1.5095 acc=0.4299
  alpha=2.0 seed=42  no-MAC fedavgm      round   95/100 loss=1.5152 acc=0.4364
  alpha=2.0 seed=42  no-MAC fedavgm      round   96/100 loss=1.5224 acc=0.4332
  alpha=2.0 seed=42  no-MAC fedavgm      round   97/100 loss=1.5240 acc=0.4328
  alpha=2.0 seed=42  no-MAC fedavgm      round   98/100 loss=1.5365 acc=0.4295
  alpha=2.0 seed=42  no-MAC fedavgm      round   99/100 loss=1.5542 acc=0.4310
  alpha=2.0 seed=42  no-MAC fedavgm      round  100/100 loss=1.5604 acc=0.4300
  alpha=2.0 seed=43  no-MAC fedavgm      round    1/100 loss=2.3050 acc=0.1268
  alpha=2.0 seed=43  no-MAC fedavgm      round    2/100 loss=2.2903 acc=0.1321
  alpha=2.0 seed=43  no-MAC fedavgm      round    3/100 loss=2.2869 acc=0.1446
  alpha=2.0 seed=43  no-MAC fedavgm      round    4/100 loss=2.2445 acc=0.1647
  alpha=2.0 seed=43  no-MAC fedavgm      round    5/100 loss=2.1656 acc=0.1988
  alpha=2.0 seed=43  no-MAC fedavgm      round    6/100 loss=2.1079 acc=0.2309
  alpha=2.0 seed=43  no-MAC fedavgm      round    7/100 loss=2.0722 acc=0.2274
  alpha=2.0 seed=43  no-MAC fedavgm      round    8/100 loss=2.0185 acc=0.2435
  alpha=2.0 seed=43  no-MAC fedavgm      round    9/100 loss=1.9924 acc=0.2400
  alpha=2.0 seed=43  no-MAC fedavgm      round   10/100 loss=1.9970 acc=0.2452
  alpha=2.0 seed=43  no-MAC fedavgm      round   11/100 loss=1.9887 acc=0.2524
  alpha=2.0 seed=43  no-MAC fedavgm      round   12/100 loss=1.9479 acc=0.2742
  alpha=2.0 seed=43  no-MAC fedavgm      round   13/100 loss=1.9225 acc=0.2648
  alpha=2.0 seed=43  no-MAC fedavgm      round   14/100 loss=1.9170 acc=0.2571
  alpha=2.0 seed=43  no-MAC fedavgm      round   15/100 loss=1.9033 acc=0.2627
  alpha=2.0 seed=43  no-MAC fedavgm      round   16/100 loss=1.8974 acc=0.2728
  alpha=2.0 seed=43  no-MAC fedavgm      round   17/100 loss=1.9199 acc=0.2746
  alpha=2.0 seed=43  no-MAC fedavgm      round   18/100 loss=1.9236 acc=0.2757
  alpha=2.0 seed=43  no-MAC fedavgm      round   19/100 loss=1.8891 acc=0.2968
  alpha=2.0 seed=43  no-MAC fedavgm      round   20/100 loss=1.8876 acc=0.3008
  alpha=2.0 seed=43  no-MAC fedavgm      round   21/100 loss=1.9077 acc=0.2782
  alpha=2.0 seed=43  no-MAC fedavgm      round   22/100 loss=1.9174 acc=0.2725
  alpha=2.0 seed=43  no-MAC fedavgm      round   23/100 loss=1.8796 acc=0.2947
  alpha=2.0 seed=43  no-MAC fedavgm      round   24/100 loss=1.8259 acc=0.3232
  alpha=2.0 seed=43  no-MAC fedavgm      round   25/100 loss=1.8100 acc=0.3300
  alpha=2.0 seed=43  no-MAC fedavgm      round   26/100 loss=1.8087 acc=0.3327
  alpha=2.0 seed=43  no-MAC fedavgm      round   27/100 loss=1.8151 acc=0.3297
  alpha=2.0 seed=43  no-MAC fedavgm      round   28/100 loss=1.8128 acc=0.3239
  alpha=2.0 seed=43  no-MAC fedavgm      round   29/100 loss=1.8051 acc=0.3236
  alpha=2.0 seed=43  no-MAC fedavgm      round   30/100 loss=1.7766 acc=0.3395
  alpha=2.0 seed=43  no-MAC fedavgm      round   31/100 loss=1.7522 acc=0.3433
  alpha=2.0 seed=43  no-MAC fedavgm      round   32/100 loss=1.7357 acc=0.3439
  alpha=2.0 seed=43  no-MAC fedavgm      round   33/100 loss=1.7165 acc=0.3468
  alpha=2.0 seed=43  no-MAC fedavgm      round   34/100 loss=1.7078 acc=0.3535
  alpha=2.0 seed=43  no-MAC fedavgm      round   35/100 loss=1.7096 acc=0.3513
  alpha=2.0 seed=43  no-MAC fedavgm      round   36/100 loss=1.7154 acc=0.3533
  alpha=2.0 seed=43  no-MAC fedavgm      round   37/100 loss=1.7307 acc=0.3517
  alpha=2.0 seed=43  no-MAC fedavgm      round   38/100 loss=1.7320 acc=0.3495
  alpha=2.0 seed=43  no-MAC fedavgm      round   39/100 loss=1.7226 acc=0.3522
  alpha=2.0 seed=43  no-MAC fedavgm      round   40/100 loss=1.7251 acc=0.3510
  alpha=2.0 seed=43  no-MAC fedavgm      round   41/100 loss=1.7257 acc=0.3527
  alpha=2.0 seed=43  no-MAC fedavgm      round   42/100 loss=1.7271 acc=0.3483
  alpha=2.0 seed=43  no-MAC fedavgm      round   43/100 loss=1.7513 acc=0.3384
  alpha=2.0 seed=43  no-MAC fedavgm      round   44/100 loss=1.7629 acc=0.3334
  alpha=2.0 seed=43  no-MAC fedavgm      round   45/100 loss=1.7477 acc=0.3464
  alpha=2.0 seed=43  no-MAC fedavgm      round   46/100 loss=1.7395 acc=0.3521
  alpha=2.0 seed=43  no-MAC fedavgm      round   47/100 loss=1.7327 acc=0.3556
  alpha=2.0 seed=43  no-MAC fedavgm      round   48/100 loss=1.7249 acc=0.3441
  alpha=2.0 seed=43  no-MAC fedavgm      round   49/100 loss=1.7118 acc=0.3488
  alpha=2.0 seed=43  no-MAC fedavgm      round   50/100 loss=1.6860 acc=0.3552
  alpha=2.0 seed=43  no-MAC fedavgm      round   51/100 loss=1.6539 acc=0.3679
  alpha=2.0 seed=43  no-MAC fedavgm      round   52/100 loss=1.6506 acc=0.3727
  alpha=2.0 seed=43  no-MAC fedavgm      round   53/100 loss=1.6520 acc=0.3776
  alpha=2.0 seed=43  no-MAC fedavgm      round   54/100 loss=1.6528 acc=0.3778
  alpha=2.0 seed=43  no-MAC fedavgm      round   55/100 loss=1.6508 acc=0.3726
  alpha=2.0 seed=43  no-MAC fedavgm      round   56/100 loss=1.6465 acc=0.3737
  alpha=2.0 seed=43  no-MAC fedavgm      round   57/100 loss=1.6525 acc=0.3724
  alpha=2.0 seed=43  no-MAC fedavgm      round   58/100 loss=1.6564 acc=0.3703
  alpha=2.0 seed=43  no-MAC fedavgm      round   59/100 loss=1.6398 acc=0.3760
  alpha=2.0 seed=43  no-MAC fedavgm      round   60/100 loss=1.6249 acc=0.3802
  alpha=2.0 seed=43  no-MAC fedavgm      round   61/100 loss=1.6129 acc=0.3857
  alpha=2.0 seed=43  no-MAC fedavgm      round   62/100 loss=1.6061 acc=0.3828
  alpha=2.0 seed=43  no-MAC fedavgm      round   63/100 loss=1.6119 acc=0.3806
  alpha=2.0 seed=43  no-MAC fedavgm      round   64/100 loss=1.6140 acc=0.3836
  alpha=2.0 seed=43  no-MAC fedavgm      round   65/100 loss=1.6284 acc=0.3827
  alpha=2.0 seed=43  no-MAC fedavgm      round   66/100 loss=1.6285 acc=0.3832
  alpha=2.0 seed=43  no-MAC fedavgm      round   67/100 loss=1.6253 acc=0.3834
  alpha=2.0 seed=43  no-MAC fedavgm      round   68/100 loss=1.6059 acc=0.3937
  alpha=2.0 seed=43  no-MAC fedavgm      round   69/100 loss=1.6224 acc=0.3914
  alpha=2.0 seed=43  no-MAC fedavgm      round   70/100 loss=1.6304 acc=0.3893
  alpha=2.0 seed=43  no-MAC fedavgm      round   71/100 loss=1.6224 acc=0.3917
  alpha=2.0 seed=43  no-MAC fedavgm      round   72/100 loss=1.6007 acc=0.3986
  alpha=2.0 seed=43  no-MAC fedavgm      round   73/100 loss=1.5886 acc=0.3997
  alpha=2.0 seed=43  no-MAC fedavgm      round   74/100 loss=1.5807 acc=0.4052
  alpha=2.0 seed=43  no-MAC fedavgm      round   75/100 loss=1.5654 acc=0.4138
  alpha=2.0 seed=43  no-MAC fedavgm      round   76/100 loss=1.5626 acc=0.4166
  alpha=2.0 seed=43  no-MAC fedavgm      round   77/100 loss=1.5638 acc=0.4128
  alpha=2.0 seed=43  no-MAC fedavgm      round   78/100 loss=1.5664 acc=0.4137
  alpha=2.0 seed=43  no-MAC fedavgm      round   79/100 loss=1.5771 acc=0.4071
  alpha=2.0 seed=43  no-MAC fedavgm      round   80/100 loss=1.5959 acc=0.4025
  alpha=2.0 seed=43  no-MAC fedavgm      round   81/100 loss=1.6066 acc=0.3984
  alpha=2.0 seed=43  no-MAC fedavgm      round   82/100 loss=1.6080 acc=0.4011
  alpha=2.0 seed=43  no-MAC fedavgm      round   83/100 loss=1.5994 acc=0.4036
  alpha=2.0 seed=43  no-MAC fedavgm      round   84/100 loss=1.5794 acc=0.4071
  alpha=2.0 seed=43  no-MAC fedavgm      round   85/100 loss=1.5675 acc=0.4110
  alpha=2.0 seed=43  no-MAC fedavgm      round   86/100 loss=1.5728 acc=0.4104
  alpha=2.0 seed=43  no-MAC fedavgm      round   87/100 loss=1.5719 acc=0.4071
  alpha=2.0 seed=43  no-MAC fedavgm      round   88/100 loss=1.5717 acc=0.4071
  alpha=2.0 seed=43  no-MAC fedavgm      round   89/100 loss=1.5818 acc=0.4023
  alpha=2.0 seed=43  no-MAC fedavgm      round   90/100 loss=1.5920 acc=0.4024
  alpha=2.0 seed=43  no-MAC fedavgm      round   91/100 loss=1.6169 acc=0.3955
  alpha=2.0 seed=43  no-MAC fedavgm      round   92/100 loss=1.6214 acc=0.3962
  alpha=2.0 seed=43  no-MAC fedavgm      round   93/100 loss=1.6127 acc=0.3972
  alpha=2.0 seed=43  no-MAC fedavgm      round   94/100 loss=1.5953 acc=0.4028
  alpha=2.0 seed=43  no-MAC fedavgm      round   95/100 loss=1.5793 acc=0.4070
  alpha=2.0 seed=43  no-MAC fedavgm      round   96/100 loss=1.5636 acc=0.4058
  alpha=2.0 seed=43  no-MAC fedavgm      round   97/100 loss=1.5585 acc=0.4077
  alpha=2.0 seed=43  no-MAC fedavgm      round   98/100 loss=1.5609 acc=0.4101
  alpha=2.0 seed=43  no-MAC fedavgm      round   99/100 loss=1.5686 acc=0.4063
  alpha=2.0 seed=43  no-MAC fedavgm      round  100/100 loss=1.5819 acc=0.4059
  alpha=2.0 seed=44  no-MAC fedavgm      round    1/100 loss=2.2790 acc=0.1176
  alpha=2.0 seed=44  no-MAC fedavgm      round    2/100 loss=2.2619 acc=0.1468
  alpha=2.0 seed=44  no-MAC fedavgm      round    3/100 loss=2.2534 acc=0.1772
  alpha=2.0 seed=44  no-MAC fedavgm      round    4/100 loss=2.1883 acc=0.1947
  alpha=2.0 seed=44  no-MAC fedavgm      round    5/100 loss=2.1012 acc=0.2179
  alpha=2.0 seed=44  no-MAC fedavgm      round    6/100 loss=2.0936 acc=0.2087
  alpha=2.0 seed=44  no-MAC fedavgm      round    7/100 loss=2.0983 acc=0.2066
  alpha=2.0 seed=44  no-MAC fedavgm      round    8/100 loss=2.0576 acc=0.2218
  alpha=2.0 seed=44  no-MAC fedavgm      round    9/100 loss=2.0285 acc=0.2316
  alpha=2.0 seed=44  no-MAC fedavgm      round   10/100 loss=2.0366 acc=0.2266
  alpha=2.0 seed=44  no-MAC fedavgm      round   11/100 loss=2.0289 acc=0.2396
  alpha=2.0 seed=44  no-MAC fedavgm      round   12/100 loss=2.0378 acc=0.2499
  alpha=2.0 seed=44  no-MAC fedavgm      round   13/100 loss=2.0525 acc=0.2521
  alpha=2.0 seed=44  no-MAC fedavgm      round   14/100 loss=2.0527 acc=0.2451
  alpha=2.0 seed=44  no-MAC fedavgm      round   15/100 loss=2.0082 acc=0.2429
  alpha=2.0 seed=44  no-MAC fedavgm      round   16/100 loss=1.9954 acc=0.2414
  alpha=2.0 seed=44  no-MAC fedavgm      round   17/100 loss=1.9787 acc=0.2523
  alpha=2.0 seed=44  no-MAC fedavgm      round   18/100 loss=1.9528 acc=0.2644
  alpha=2.0 seed=44  no-MAC fedavgm      round   19/100 loss=1.9388 acc=0.2671
  alpha=2.0 seed=44  no-MAC fedavgm      round   20/100 loss=1.9605 acc=0.2658
  alpha=2.0 seed=44  no-MAC fedavgm      round   21/100 loss=2.0148 acc=0.2514
  alpha=2.0 seed=44  no-MAC fedavgm      round   22/100 loss=2.0078 acc=0.2618
  alpha=2.0 seed=44  no-MAC fedavgm      round   23/100 loss=1.9586 acc=0.2768
  alpha=2.0 seed=44  no-MAC fedavgm      round   24/100 loss=1.9283 acc=0.2863
  alpha=2.0 seed=44  no-MAC fedavgm      round   25/100 loss=1.9341 acc=0.2884
  alpha=2.0 seed=44  no-MAC fedavgm      round   26/100 loss=1.9655 acc=0.2795
  alpha=2.0 seed=44  no-MAC fedavgm      round   27/100 loss=1.9876 acc=0.2728
  alpha=2.0 seed=44  no-MAC fedavgm      round   28/100 loss=1.9498 acc=0.2792
  alpha=2.0 seed=44  no-MAC fedavgm      round   29/100 loss=1.8192 acc=0.3167
  alpha=2.0 seed=44  no-MAC fedavgm      round   30/100 loss=1.7348 acc=0.3415
  alpha=2.0 seed=44  no-MAC fedavgm      round   31/100 loss=1.7270 acc=0.3485
  alpha=2.0 seed=44  no-MAC fedavgm      round   32/100 loss=1.7511 acc=0.3436
  alpha=2.0 seed=44  no-MAC fedavgm      round   33/100 loss=1.8004 acc=0.3245
  alpha=2.0 seed=44  no-MAC fedavgm      round   34/100 loss=1.8440 acc=0.3127
  alpha=2.0 seed=44  no-MAC fedavgm      round   35/100 loss=1.8009 acc=0.3207
  alpha=2.0 seed=44  no-MAC fedavgm      round   36/100 loss=1.7281 acc=0.3455
  alpha=2.0 seed=44  no-MAC fedavgm      round   37/100 loss=1.7005 acc=0.3555
  alpha=2.0 seed=44  no-MAC fedavgm      round   38/100 loss=1.7010 acc=0.3575
  alpha=2.0 seed=44  no-MAC fedavgm      round   39/100 loss=1.7154 acc=0.3533
  alpha=2.0 seed=44  no-MAC fedavgm      round   40/100 loss=1.7576 acc=0.3477
  alpha=2.0 seed=44  no-MAC fedavgm      round   41/100 loss=1.7774 acc=0.3366
  alpha=2.0 seed=44  no-MAC fedavgm      round   42/100 loss=1.7514 acc=0.3408
  alpha=2.0 seed=44  no-MAC fedavgm      round   43/100 loss=1.7263 acc=0.3448
  alpha=2.0 seed=44  no-MAC fedavgm      round   44/100 loss=1.7180 acc=0.3566
  alpha=2.0 seed=44  no-MAC fedavgm      round   45/100 loss=1.7035 acc=0.3691
  alpha=2.0 seed=44  no-MAC fedavgm      round   46/100 loss=1.6905 acc=0.3700
  alpha=2.0 seed=44  no-MAC fedavgm      round   47/100 loss=1.7153 acc=0.3515
  alpha=2.0 seed=44  no-MAC fedavgm      round   48/100 loss=1.7250 acc=0.3405
  alpha=2.0 seed=44  no-MAC fedavgm      round   49/100 loss=1.7041 acc=0.3481
  alpha=2.0 seed=44  no-MAC fedavgm      round   50/100 loss=1.6885 acc=0.3534
  alpha=2.0 seed=44  no-MAC fedavgm      round   51/100 loss=1.6657 acc=0.3633
  alpha=2.0 seed=44  no-MAC fedavgm      round   52/100 loss=1.6526 acc=0.3703
  alpha=2.0 seed=44  no-MAC fedavgm      round   53/100 loss=1.6427 acc=0.3816
  alpha=2.0 seed=44  no-MAC fedavgm      round   54/100 loss=1.6451 acc=0.3839
  alpha=2.0 seed=44  no-MAC fedavgm      round   55/100 loss=1.6664 acc=0.3736
  alpha=2.0 seed=44  no-MAC fedavgm      round   56/100 loss=1.6724 acc=0.3717
  alpha=2.0 seed=44  no-MAC fedavgm      round   57/100 loss=1.6450 acc=0.3807
  alpha=2.0 seed=44  no-MAC fedavgm      round   58/100 loss=1.6301 acc=0.3880
  alpha=2.0 seed=44  no-MAC fedavgm      round   59/100 loss=1.6254 acc=0.3873
  alpha=2.0 seed=44  no-MAC fedavgm      round   60/100 loss=1.6376 acc=0.3850
  alpha=2.0 seed=44  no-MAC fedavgm      round   61/100 loss=1.6650 acc=0.3777
  alpha=2.0 seed=44  no-MAC fedavgm      round   62/100 loss=1.6824 acc=0.3713
  alpha=2.0 seed=44  no-MAC fedavgm      round   63/100 loss=1.6770 acc=0.3755
  alpha=2.0 seed=44  no-MAC fedavgm      round   64/100 loss=1.6455 acc=0.3863
  alpha=2.0 seed=44  no-MAC fedavgm      round   65/100 loss=1.6253 acc=0.3931
  alpha=2.0 seed=44  no-MAC fedavgm      round   66/100 loss=1.6168 acc=0.3933
  alpha=2.0 seed=44  no-MAC fedavgm      round   67/100 loss=1.6075 acc=0.3987
  alpha=2.0 seed=44  no-MAC fedavgm      round   68/100 loss=1.6113 acc=0.3972
  alpha=2.0 seed=44  no-MAC fedavgm      round   69/100 loss=1.6148 acc=0.3995
  alpha=2.0 seed=44  no-MAC fedavgm      round   70/100 loss=1.6179 acc=0.3994
  alpha=2.0 seed=44  no-MAC fedavgm      round   71/100 loss=1.6238 acc=0.3956
  alpha=2.0 seed=44  no-MAC fedavgm      round   72/100 loss=1.6229 acc=0.3901
  alpha=2.0 seed=44  no-MAC fedavgm      round   73/100 loss=1.6197 acc=0.3926
  alpha=2.0 seed=44  no-MAC fedavgm      round   74/100 loss=1.6134 acc=0.3931
  alpha=2.0 seed=44  no-MAC fedavgm      round   75/100 loss=1.5935 acc=0.4020
  alpha=2.0 seed=44  no-MAC fedavgm      round   76/100 loss=1.5892 acc=0.4093
  alpha=2.0 seed=44  no-MAC fedavgm      round   77/100 loss=1.6032 acc=0.4081
  alpha=2.0 seed=44  no-MAC fedavgm      round   78/100 loss=1.6395 acc=0.3912
  alpha=2.0 seed=44  no-MAC fedavgm      round   79/100 loss=1.6469 acc=0.3944
  alpha=2.0 seed=44  no-MAC fedavgm      round   80/100 loss=1.6507 acc=0.3981
  alpha=2.0 seed=44  no-MAC fedavgm      round   81/100 loss=1.6280 acc=0.4015
  alpha=2.0 seed=44  no-MAC fedavgm      round   82/100 loss=1.6062 acc=0.4094
  alpha=2.0 seed=44  no-MAC fedavgm      round   83/100 loss=1.5877 acc=0.4172
  alpha=2.0 seed=44  no-MAC fedavgm      round   84/100 loss=1.5851 acc=0.4166
  alpha=2.0 seed=44  no-MAC fedavgm      round   85/100 loss=1.5882 acc=0.4142
  alpha=2.0 seed=44  no-MAC fedavgm      round   86/100 loss=1.5835 acc=0.4156
  alpha=2.0 seed=44  no-MAC fedavgm      round   87/100 loss=1.5787 acc=0.4128
  alpha=2.0 seed=44  no-MAC fedavgm      round   88/100 loss=1.5809 acc=0.4106
  alpha=2.0 seed=44  no-MAC fedavgm      round   89/100 loss=1.5828 acc=0.4087
  alpha=2.0 seed=44  no-MAC fedavgm      round   90/100 loss=1.5731 acc=0.4132
  alpha=2.0 seed=44  no-MAC fedavgm      round   91/100 loss=1.5718 acc=0.4153
  alpha=2.0 seed=44  no-MAC fedavgm      round   92/100 loss=1.5639 acc=0.4166
  alpha=2.0 seed=44  no-MAC fedavgm      round   93/100 loss=1.5579 acc=0.4173
  alpha=2.0 seed=44  no-MAC fedavgm      round   94/100 loss=1.5687 acc=0.4140
  alpha=2.0 seed=44  no-MAC fedavgm      round   95/100 loss=1.5882 acc=0.4075
  alpha=2.0 seed=44  no-MAC fedavgm      round   96/100 loss=1.5662 acc=0.4193
  alpha=2.0 seed=44  no-MAC fedavgm      round   97/100 loss=1.5500 acc=0.4211
  alpha=2.0 seed=44  no-MAC fedavgm      round   98/100 loss=1.5456 acc=0.4205
  alpha=2.0 seed=44  no-MAC fedavgm      round   99/100 loss=1.5404 acc=0.4198
  alpha=2.0 seed=44  no-MAC fedavgm      round  100/100 loss=1.5364 acc=0.4230
  alpha=2.0 seed=42  no-MAC adagrad_ota  round    1/100 loss=2.7931 acc=0.1000
  alpha=2.0 seed=42  no-MAC adagrad_ota  round    2/100 loss=3.1850 acc=0.1373
  alpha=2.0 seed=42  no-MAC adagrad_ota  round    3/100 loss=6.7965 acc=0.1000
  alpha=2.0 seed=42  no-MAC adagrad_ota  round    4/100 loss=4.1116 acc=0.1170
  alpha=2.0 seed=42  no-MAC adagrad_ota  round    5/100 loss=5.1157 acc=0.1041
  alpha=2.0 seed=42  no-MAC adagrad_ota  round    6/100 loss=4.3608 acc=0.1290
  alpha=2.0 seed=42  no-MAC adagrad_ota  round    7/100 loss=3.4192 acc=0.1399
  alpha=2.0 seed=42  no-MAC adagrad_ota  round    8/100 loss=4.6788 acc=0.1025
  alpha=2.0 seed=42  no-MAC adagrad_ota  round    9/100 loss=4.6024 acc=0.1033
  alpha=2.0 seed=42  no-MAC adagrad_ota  round   10/100 loss=3.0332 acc=0.1736
  alpha=2.0 seed=42  no-MAC adagrad_ota  round   11/100 loss=2.9201 acc=0.1819
  alpha=2.0 seed=42  no-MAC adagrad_ota  round   12/100 loss=2.8795 acc=0.1679
  alpha=2.0 seed=42  no-MAC adagrad_ota  round   13/100 loss=2.7311 acc=0.1412
  alpha=2.0 seed=42  no-MAC adagrad_ota  round   14/100 loss=2.6458 acc=0.1710
  alpha=2.0 seed=42  no-MAC adagrad_ota  round   15/100 loss=2.6258 acc=0.1692
  alpha=2.0 seed=42  no-MAC adagrad_ota  round   16/100 loss=2.3004 acc=0.2215
  alpha=2.0 seed=42  no-MAC adagrad_ota  round   17/100 loss=2.1259 acc=0.2296
  alpha=2.0 seed=42  no-MAC adagrad_ota  round   18/100 loss=2.1140 acc=0.2254
  alpha=2.0 seed=42  no-MAC adagrad_ota  round   19/100 loss=2.1192 acc=0.2320
  alpha=2.0 seed=42  no-MAC adagrad_ota  round   20/100 loss=2.1235 acc=0.2421
  alpha=2.0 seed=42  no-MAC adagrad_ota  round   21/100 loss=2.1124 acc=0.2500
  alpha=2.0 seed=42  no-MAC adagrad_ota  round   22/100 loss=2.0732 acc=0.2634
  alpha=2.0 seed=42  no-MAC adagrad_ota  round   23/100 loss=2.0640 acc=0.2610
  alpha=2.0 seed=42  no-MAC adagrad_ota  round   24/100 loss=2.0087 acc=0.2779
  alpha=2.0 seed=42  no-MAC adagrad_ota  round   25/100 loss=1.9766 acc=0.2799
  alpha=2.0 seed=42  no-MAC adagrad_ota  round   26/100 loss=1.9188 acc=0.2883
  alpha=2.0 seed=42  no-MAC adagrad_ota  round   27/100 loss=1.8379 acc=0.3026
  alpha=2.0 seed=42  no-MAC adagrad_ota  round   28/100 loss=1.7910 acc=0.3241
  alpha=2.0 seed=42  no-MAC adagrad_ota  round   29/100 loss=1.7976 acc=0.3190
  alpha=2.0 seed=42  no-MAC adagrad_ota  round   30/100 loss=1.8001 acc=0.3183
  alpha=2.0 seed=42  no-MAC adagrad_ota  round   31/100 loss=1.7734 acc=0.3352
  alpha=2.0 seed=42  no-MAC adagrad_ota  round   32/100 loss=1.7595 acc=0.3361
  alpha=2.0 seed=42  no-MAC adagrad_ota  round   33/100 loss=1.7589 acc=0.3309
  alpha=2.0 seed=42  no-MAC adagrad_ota  round   34/100 loss=1.7564 acc=0.3276
  alpha=2.0 seed=42  no-MAC adagrad_ota  round   35/100 loss=1.7365 acc=0.3376
  alpha=2.0 seed=42  no-MAC adagrad_ota  round   36/100 loss=1.7168 acc=0.3505
  alpha=2.0 seed=42  no-MAC adagrad_ota  round   37/100 loss=1.7074 acc=0.3590
  alpha=2.0 seed=42  no-MAC adagrad_ota  round   38/100 loss=1.7122 acc=0.3547
  alpha=2.0 seed=42  no-MAC adagrad_ota  round   39/100 loss=1.7091 acc=0.3578
  alpha=2.0 seed=42  no-MAC adagrad_ota  round   40/100 loss=1.7194 acc=0.3500
  alpha=2.0 seed=42  no-MAC adagrad_ota  round   41/100 loss=1.7085 acc=0.3535
  alpha=2.0 seed=42  no-MAC adagrad_ota  round   42/100 loss=1.7042 acc=0.3548
  alpha=2.0 seed=42  no-MAC adagrad_ota  round   43/100 loss=1.6933 acc=0.3568
  alpha=2.0 seed=42  no-MAC adagrad_ota  round   44/100 loss=1.6854 acc=0.3562
  alpha=2.0 seed=42  no-MAC adagrad_ota  round   45/100 loss=1.6758 acc=0.3612
  alpha=2.0 seed=42  no-MAC adagrad_ota  round   46/100 loss=1.6809 acc=0.3600
  alpha=2.0 seed=42  no-MAC adagrad_ota  round   47/100 loss=1.7007 acc=0.3568
  alpha=2.0 seed=42  no-MAC adagrad_ota  round   48/100 loss=1.7172 acc=0.3567
  alpha=2.0 seed=42  no-MAC adagrad_ota  round   49/100 loss=1.6967 acc=0.3614
  alpha=2.0 seed=42  no-MAC adagrad_ota  round   50/100 loss=1.6787 acc=0.3697
  alpha=2.0 seed=42  no-MAC adagrad_ota  round   51/100 loss=1.6519 acc=0.3800
  alpha=2.0 seed=42  no-MAC adagrad_ota  round   52/100 loss=1.6431 acc=0.3835
  alpha=2.0 seed=42  no-MAC adagrad_ota  round   53/100 loss=1.6456 acc=0.3773
  alpha=2.0 seed=42  no-MAC adagrad_ota  round   54/100 loss=1.6467 acc=0.3796
  alpha=2.0 seed=42  no-MAC adagrad_ota  round   55/100 loss=1.6492 acc=0.3802
  alpha=2.0 seed=42  no-MAC adagrad_ota  round   56/100 loss=1.6429 acc=0.3799
  alpha=2.0 seed=42  no-MAC adagrad_ota  round   57/100 loss=1.6365 acc=0.3794
  alpha=2.0 seed=42  no-MAC adagrad_ota  round   58/100 loss=1.6351 acc=0.3774
  alpha=2.0 seed=42  no-MAC adagrad_ota  round   59/100 loss=1.6366 acc=0.3765
  alpha=2.0 seed=42  no-MAC adagrad_ota  round   60/100 loss=1.6507 acc=0.3783
  alpha=2.0 seed=42  no-MAC adagrad_ota  round   61/100 loss=1.6617 acc=0.3778
  alpha=2.0 seed=42  no-MAC adagrad_ota  round   62/100 loss=1.6466 acc=0.3840
  alpha=2.0 seed=42  no-MAC adagrad_ota  round   63/100 loss=1.6264 acc=0.3898
  alpha=2.0 seed=42  no-MAC adagrad_ota  round   64/100 loss=1.6176 acc=0.3886
  alpha=2.0 seed=42  no-MAC adagrad_ota  round   65/100 loss=1.6199 acc=0.3834
  alpha=2.0 seed=42  no-MAC adagrad_ota  round   66/100 loss=1.6166 acc=0.3835
  alpha=2.0 seed=42  no-MAC adagrad_ota  round   67/100 loss=1.6159 acc=0.3816
  alpha=2.0 seed=42  no-MAC adagrad_ota  round   68/100 loss=1.6217 acc=0.3834
  alpha=2.0 seed=42  no-MAC adagrad_ota  round   69/100 loss=1.6199 acc=0.3892
  alpha=2.0 seed=42  no-MAC adagrad_ota  round   70/100 loss=1.6034 acc=0.4014
  alpha=2.0 seed=42  no-MAC adagrad_ota  round   71/100 loss=1.5977 acc=0.4063
  alpha=2.0 seed=42  no-MAC adagrad_ota  round   72/100 loss=1.5975 acc=0.4063
  alpha=2.0 seed=42  no-MAC adagrad_ota  round   73/100 loss=1.6004 acc=0.4005
  alpha=2.0 seed=42  no-MAC adagrad_ota  round   74/100 loss=1.5965 acc=0.3958
  alpha=2.0 seed=42  no-MAC adagrad_ota  round   75/100 loss=1.5929 acc=0.3973
  alpha=2.0 seed=42  no-MAC adagrad_ota  round   76/100 loss=1.5879 acc=0.3991
  alpha=2.0 seed=42  no-MAC adagrad_ota  round   77/100 loss=1.5805 acc=0.4056
  alpha=2.0 seed=42  no-MAC adagrad_ota  round   78/100 loss=1.5724 acc=0.4117
  alpha=2.0 seed=42  no-MAC adagrad_ota  round   79/100 loss=1.5668 acc=0.4148
  alpha=2.0 seed=42  no-MAC adagrad_ota  round   80/100 loss=1.5661 acc=0.4119
  alpha=2.0 seed=42  no-MAC adagrad_ota  round   81/100 loss=1.5708 acc=0.4095
  alpha=2.0 seed=42  no-MAC adagrad_ota  round   82/100 loss=1.5780 acc=0.4052
  alpha=2.0 seed=42  no-MAC adagrad_ota  round   83/100 loss=1.5818 acc=0.4033
  alpha=2.0 seed=42  no-MAC adagrad_ota  round   84/100 loss=1.5826 acc=0.4007
  alpha=2.0 seed=42  no-MAC adagrad_ota  round   85/100 loss=1.5808 acc=0.3976
  alpha=2.0 seed=42  no-MAC adagrad_ota  round   86/100 loss=1.5745 acc=0.4006
  alpha=2.0 seed=42  no-MAC adagrad_ota  round   87/100 loss=1.5669 acc=0.4070
  alpha=2.0 seed=42  no-MAC adagrad_ota  round   88/100 loss=1.5597 acc=0.4137
  alpha=2.0 seed=42  no-MAC adagrad_ota  round   89/100 loss=1.5561 acc=0.4155
  alpha=2.0 seed=42  no-MAC adagrad_ota  round   90/100 loss=1.5577 acc=0.4127
  alpha=2.0 seed=42  no-MAC adagrad_ota  round   91/100 loss=1.5620 acc=0.4104
  alpha=2.0 seed=42  no-MAC adagrad_ota  round   92/100 loss=1.5627 acc=0.4097
  alpha=2.0 seed=42  no-MAC adagrad_ota  round   93/100 loss=1.5627 acc=0.4093
  alpha=2.0 seed=42  no-MAC adagrad_ota  round   94/100 loss=1.5605 acc=0.4110
  alpha=2.0 seed=42  no-MAC adagrad_ota  round   95/100 loss=1.5572 acc=0.4137
  alpha=2.0 seed=42  no-MAC adagrad_ota  round   96/100 loss=1.5517 acc=0.4215
  alpha=2.0 seed=42  no-MAC adagrad_ota  round   97/100 loss=1.5458 acc=0.4238
  alpha=2.0 seed=42  no-MAC adagrad_ota  round   98/100 loss=1.5443 acc=0.4229
  alpha=2.0 seed=42  no-MAC adagrad_ota  round   99/100 loss=1.5433 acc=0.4206
  alpha=2.0 seed=42  no-MAC adagrad_ota  round  100/100 loss=1.5450 acc=0.4214
  alpha=2.0 seed=43  no-MAC adagrad_ota  round    1/100 loss=3.1384 acc=0.1131
  alpha=2.0 seed=43  no-MAC adagrad_ota  round    2/100 loss=3.6629 acc=0.1055
  alpha=2.0 seed=43  no-MAC adagrad_ota  round    3/100 loss=3.4945 acc=0.1387
  alpha=2.0 seed=43  no-MAC adagrad_ota  round    4/100 loss=6.6560 acc=0.1009
  alpha=2.0 seed=43  no-MAC adagrad_ota  round    5/100 loss=5.4564 acc=0.1098
  alpha=2.0 seed=43  no-MAC adagrad_ota  round    6/100 loss=4.4039 acc=0.1065
  alpha=2.0 seed=43  no-MAC adagrad_ota  round    7/100 loss=3.1305 acc=0.1767
  alpha=2.0 seed=43  no-MAC adagrad_ota  round    8/100 loss=3.9626 acc=0.1171
  alpha=2.0 seed=43  no-MAC adagrad_ota  round    9/100 loss=3.9011 acc=0.1206
  alpha=2.0 seed=43  no-MAC adagrad_ota  round   10/100 loss=3.2566 acc=0.1293
  alpha=2.0 seed=43  no-MAC adagrad_ota  round   11/100 loss=2.7909 acc=0.1773
  alpha=2.0 seed=43  no-MAC adagrad_ota  round   12/100 loss=2.9014 acc=0.2048
  alpha=2.0 seed=43  no-MAC adagrad_ota  round   13/100 loss=2.8926 acc=0.1744
  alpha=2.0 seed=43  no-MAC adagrad_ota  round   14/100 loss=2.5126 acc=0.2007
  alpha=2.0 seed=43  no-MAC adagrad_ota  round   15/100 loss=2.3266 acc=0.2121
  alpha=2.0 seed=43  no-MAC adagrad_ota  round   16/100 loss=2.3140 acc=0.2140
  alpha=2.0 seed=43  no-MAC adagrad_ota  round   17/100 loss=2.2743 acc=0.2311
  alpha=2.0 seed=43  no-MAC adagrad_ota  round   18/100 loss=2.2841 acc=0.2259
  alpha=2.0 seed=43  no-MAC adagrad_ota  round   19/100 loss=2.1255 acc=0.2530
  alpha=2.0 seed=43  no-MAC adagrad_ota  round   20/100 loss=2.0244 acc=0.2637
  alpha=2.0 seed=43  no-MAC adagrad_ota  round   21/100 loss=1.9083 acc=0.2848
  alpha=2.0 seed=43  no-MAC adagrad_ota  round   22/100 loss=1.8496 acc=0.2940
  alpha=2.0 seed=43  no-MAC adagrad_ota  round   23/100 loss=1.8130 acc=0.2982
  alpha=2.0 seed=43  no-MAC adagrad_ota  round   24/100 loss=1.8001 acc=0.3127
  alpha=2.0 seed=43  no-MAC adagrad_ota  round   25/100 loss=1.8093 acc=0.3173
  alpha=2.0 seed=43  no-MAC adagrad_ota  round   26/100 loss=1.7713 acc=0.3311
  alpha=2.0 seed=43  no-MAC adagrad_ota  round   27/100 loss=1.7463 acc=0.3359
  alpha=2.0 seed=43  no-MAC adagrad_ota  round   28/100 loss=1.7733 acc=0.3174
  alpha=2.0 seed=43  no-MAC adagrad_ota  round   29/100 loss=1.7954 acc=0.3143
  alpha=2.0 seed=43  no-MAC adagrad_ota  round   30/100 loss=1.8126 acc=0.3242
  alpha=2.0 seed=43  no-MAC adagrad_ota  round   31/100 loss=1.8108 acc=0.3179
  alpha=2.0 seed=43  no-MAC adagrad_ota  round   32/100 loss=1.7537 acc=0.3380
  alpha=2.0 seed=43  no-MAC adagrad_ota  round   33/100 loss=1.7168 acc=0.3511
  alpha=2.0 seed=43  no-MAC adagrad_ota  round   34/100 loss=1.7096 acc=0.3424
  alpha=2.0 seed=43  no-MAC adagrad_ota  round   35/100 loss=1.7164 acc=0.3414
  alpha=2.0 seed=43  no-MAC adagrad_ota  round   36/100 loss=1.7044 acc=0.3453
  alpha=2.0 seed=43  no-MAC adagrad_ota  round   37/100 loss=1.6901 acc=0.3501
  alpha=2.0 seed=43  no-MAC adagrad_ota  round   38/100 loss=1.6880 acc=0.3564
  alpha=2.0 seed=43  no-MAC adagrad_ota  round   39/100 loss=1.6858 acc=0.3624
  alpha=2.0 seed=43  no-MAC adagrad_ota  round   40/100 loss=1.6748 acc=0.3670
  alpha=2.0 seed=43  no-MAC adagrad_ota  round   41/100 loss=1.6664 acc=0.3735
  alpha=2.0 seed=43  no-MAC adagrad_ota  round   42/100 loss=1.6527 acc=0.3758
  alpha=2.0 seed=43  no-MAC adagrad_ota  round   43/100 loss=1.6688 acc=0.3630
  alpha=2.0 seed=43  no-MAC adagrad_ota  round   44/100 loss=1.6658 acc=0.3638
  alpha=2.0 seed=43  no-MAC adagrad_ota  round   45/100 loss=1.6586 acc=0.3709
  alpha=2.0 seed=43  no-MAC adagrad_ota  round   46/100 loss=1.6558 acc=0.3712
  alpha=2.0 seed=43  no-MAC adagrad_ota  round   47/100 loss=1.6661 acc=0.3709
  alpha=2.0 seed=43  no-MAC adagrad_ota  round   48/100 loss=1.6653 acc=0.3725
  alpha=2.0 seed=43  no-MAC adagrad_ota  round   49/100 loss=1.6477 acc=0.3740
  alpha=2.0 seed=43  no-MAC adagrad_ota  round   50/100 loss=1.6332 acc=0.3758
  alpha=2.0 seed=43  no-MAC adagrad_ota  round   51/100 loss=1.6304 acc=0.3770
  alpha=2.0 seed=43  no-MAC adagrad_ota  round   52/100 loss=1.6322 acc=0.3771
  alpha=2.0 seed=43  no-MAC adagrad_ota  round   53/100 loss=1.6291 acc=0.3769
  alpha=2.0 seed=43  no-MAC adagrad_ota  round   54/100 loss=1.6242 acc=0.3797
  alpha=2.0 seed=43  no-MAC adagrad_ota  round   55/100 loss=1.6276 acc=0.3801
  alpha=2.0 seed=43  no-MAC adagrad_ota  round   56/100 loss=1.6321 acc=0.3836
  alpha=2.0 seed=43  no-MAC adagrad_ota  round   57/100 loss=1.6304 acc=0.3842
  alpha=2.0 seed=43  no-MAC adagrad_ota  round   58/100 loss=1.6313 acc=0.3815
  alpha=2.0 seed=43  no-MAC adagrad_ota  round   59/100 loss=1.6248 acc=0.3771
  alpha=2.0 seed=43  no-MAC adagrad_ota  round   60/100 loss=1.6136 acc=0.3842
  alpha=2.0 seed=43  no-MAC adagrad_ota  round   61/100 loss=1.6015 acc=0.3919
  alpha=2.0 seed=43  no-MAC adagrad_ota  round   62/100 loss=1.5989 acc=0.3957
  alpha=2.0 seed=43  no-MAC adagrad_ota  round   63/100 loss=1.6068 acc=0.3893
  alpha=2.0 seed=43  no-MAC adagrad_ota  round   64/100 loss=1.6051 acc=0.3908
  alpha=2.0 seed=43  no-MAC adagrad_ota  round   65/100 loss=1.6076 acc=0.3919
  alpha=2.0 seed=43  no-MAC adagrad_ota  round   66/100 loss=1.6062 acc=0.3890
  alpha=2.0 seed=43  no-MAC adagrad_ota  round   67/100 loss=1.5967 acc=0.3932
  alpha=2.0 seed=43  no-MAC adagrad_ota  round   68/100 loss=1.5811 acc=0.3979
  alpha=2.0 seed=43  no-MAC adagrad_ota  round   69/100 loss=1.5717 acc=0.4044
  alpha=2.0 seed=43  no-MAC adagrad_ota  round   70/100 loss=1.5665 acc=0.4083
  alpha=2.0 seed=43  no-MAC adagrad_ota  round   71/100 loss=1.5689 acc=0.4040
  alpha=2.0 seed=43  no-MAC adagrad_ota  round   72/100 loss=1.5759 acc=0.4010
  alpha=2.0 seed=43  no-MAC adagrad_ota  round   73/100 loss=1.5806 acc=0.4061
  alpha=2.0 seed=43  no-MAC adagrad_ota  round   74/100 loss=1.5769 acc=0.4079
  alpha=2.0 seed=43  no-MAC adagrad_ota  round   75/100 loss=1.5701 acc=0.4088
  alpha=2.0 seed=43  no-MAC adagrad_ota  round   76/100 loss=1.5698 acc=0.4083
  alpha=2.0 seed=43  no-MAC adagrad_ota  round   77/100 loss=1.5658 acc=0.4109
  alpha=2.0 seed=43  no-MAC adagrad_ota  round   78/100 loss=1.5665 acc=0.4102
  alpha=2.0 seed=43  no-MAC adagrad_ota  round   79/100 loss=1.5673 acc=0.4082
  alpha=2.0 seed=43  no-MAC adagrad_ota  round   80/100 loss=1.5659 acc=0.4128
  alpha=2.0 seed=43  no-MAC adagrad_ota  round   81/100 loss=1.5673 acc=0.4145
  alpha=2.0 seed=43  no-MAC adagrad_ota  round   82/100 loss=1.5657 acc=0.4129
  alpha=2.0 seed=43  no-MAC adagrad_ota  round   83/100 loss=1.5656 acc=0.4100
  alpha=2.0 seed=43  no-MAC adagrad_ota  round   84/100 loss=1.5651 acc=0.4086
  alpha=2.0 seed=43  no-MAC adagrad_ota  round   85/100 loss=1.5643 acc=0.4101
  alpha=2.0 seed=43  no-MAC adagrad_ota  round   86/100 loss=1.5652 acc=0.4077
  alpha=2.0 seed=43  no-MAC adagrad_ota  round   87/100 loss=1.5667 acc=0.4101
  alpha=2.0 seed=43  no-MAC adagrad_ota  round   88/100 loss=1.5640 acc=0.4142
  alpha=2.0 seed=43  no-MAC adagrad_ota  round   89/100 loss=1.5641 acc=0.4152
  alpha=2.0 seed=43  no-MAC adagrad_ota  round   90/100 loss=1.5610 acc=0.4088
  alpha=2.0 seed=43  no-MAC adagrad_ota  round   91/100 loss=1.5602 acc=0.4075
  alpha=2.0 seed=43  no-MAC adagrad_ota  round   92/100 loss=1.5601 acc=0.4057
  alpha=2.0 seed=43  no-MAC adagrad_ota  round   93/100 loss=1.5615 acc=0.4069
  alpha=2.0 seed=43  no-MAC adagrad_ota  round   94/100 loss=1.5600 acc=0.4075
  alpha=2.0 seed=43  no-MAC adagrad_ota  round   95/100 loss=1.5542 acc=0.4106
  alpha=2.0 seed=43  no-MAC adagrad_ota  round   96/100 loss=1.5435 acc=0.4166
  alpha=2.0 seed=43  no-MAC adagrad_ota  round   97/100 loss=1.5433 acc=0.4172
  alpha=2.0 seed=43  no-MAC adagrad_ota  round   98/100 loss=1.5451 acc=0.4166
  alpha=2.0 seed=43  no-MAC adagrad_ota  round   99/100 loss=1.5388 acc=0.4193
  alpha=2.0 seed=43  no-MAC adagrad_ota  round  100/100 loss=1.5362 acc=0.4185
  alpha=2.0 seed=44  no-MAC adagrad_ota  round    1/100 loss=3.1482 acc=0.1000
  alpha=2.0 seed=44  no-MAC adagrad_ota  round    2/100 loss=3.3909 acc=0.1001
  alpha=2.0 seed=44  no-MAC adagrad_ota  round    3/100 loss=4.7961 acc=0.1054
  alpha=2.0 seed=44  no-MAC adagrad_ota  round    4/100 loss=3.3038 acc=0.1771
  alpha=2.0 seed=44  no-MAC adagrad_ota  round    5/100 loss=5.0497 acc=0.1185
  alpha=2.0 seed=44  no-MAC adagrad_ota  round    6/100 loss=3.4342 acc=0.1251
  alpha=2.0 seed=44  no-MAC adagrad_ota  round    7/100 loss=4.4980 acc=0.1116
  alpha=2.0 seed=44  no-MAC adagrad_ota  round    8/100 loss=4.6692 acc=0.1018
  alpha=2.0 seed=44  no-MAC adagrad_ota  round    9/100 loss=3.3757 acc=0.1305
  alpha=2.0 seed=44  no-MAC adagrad_ota  round   10/100 loss=2.9069 acc=0.1696
  alpha=2.0 seed=44  no-MAC adagrad_ota  round   11/100 loss=2.4197 acc=0.1953
  alpha=2.0 seed=44  no-MAC adagrad_ota  round   12/100 loss=2.7268 acc=0.1478
  alpha=2.0 seed=44  no-MAC adagrad_ota  round   13/100 loss=3.1921 acc=0.1264
  alpha=2.0 seed=44  no-MAC adagrad_ota  round   14/100 loss=3.0860 acc=0.1420
  alpha=2.0 seed=44  no-MAC adagrad_ota  round   15/100 loss=2.5609 acc=0.1960
  alpha=2.0 seed=44  no-MAC adagrad_ota  round   16/100 loss=2.3004 acc=0.2182
  alpha=2.0 seed=44  no-MAC adagrad_ota  round   17/100 loss=2.1751 acc=0.2401
  alpha=2.0 seed=44  no-MAC adagrad_ota  round   18/100 loss=2.3109 acc=0.2202
  alpha=2.0 seed=44  no-MAC adagrad_ota  round   19/100 loss=2.3872 acc=0.1985
  alpha=2.0 seed=44  no-MAC adagrad_ota  round   20/100 loss=2.2269 acc=0.2358
  alpha=2.0 seed=44  no-MAC adagrad_ota  round   21/100 loss=2.0030 acc=0.2755
  alpha=2.0 seed=44  no-MAC adagrad_ota  round   22/100 loss=1.8790 acc=0.3011
  alpha=2.0 seed=44  no-MAC adagrad_ota  round   23/100 loss=1.8192 acc=0.3251
  alpha=2.0 seed=44  no-MAC adagrad_ota  round   24/100 loss=1.8538 acc=0.3121
  alpha=2.0 seed=44  no-MAC adagrad_ota  round   25/100 loss=1.9253 acc=0.2876
  alpha=2.0 seed=44  no-MAC adagrad_ota  round   26/100 loss=2.0020 acc=0.2665
  alpha=2.0 seed=44  no-MAC adagrad_ota  round   27/100 loss=1.9253 acc=0.2930
  alpha=2.0 seed=44  no-MAC adagrad_ota  round   28/100 loss=1.7998 acc=0.3273
  alpha=2.0 seed=44  no-MAC adagrad_ota  round   29/100 loss=1.7487 acc=0.3399
  alpha=2.0 seed=44  no-MAC adagrad_ota  round   30/100 loss=1.7272 acc=0.3536
  alpha=2.0 seed=44  no-MAC adagrad_ota  round   31/100 loss=1.7353 acc=0.3538
  alpha=2.0 seed=44  no-MAC adagrad_ota  round   32/100 loss=1.7906 acc=0.3344
  alpha=2.0 seed=44  no-MAC adagrad_ota  round   33/100 loss=1.7911 acc=0.3299
  alpha=2.0 seed=44  no-MAC adagrad_ota  round   34/100 loss=1.7410 acc=0.3457
  alpha=2.0 seed=44  no-MAC adagrad_ota  round   35/100 loss=1.7062 acc=0.3524
  alpha=2.0 seed=44  no-MAC adagrad_ota  round   36/100 loss=1.6924 acc=0.3659
  alpha=2.0 seed=44  no-MAC adagrad_ota  round   37/100 loss=1.6930 acc=0.3679
  alpha=2.0 seed=44  no-MAC adagrad_ota  round   38/100 loss=1.7065 acc=0.3670
  alpha=2.0 seed=44  no-MAC adagrad_ota  round   39/100 loss=1.7026 acc=0.3644
  alpha=2.0 seed=44  no-MAC adagrad_ota  round   40/100 loss=1.6718 acc=0.3719
  alpha=2.0 seed=44  no-MAC adagrad_ota  round   41/100 loss=1.6350 acc=0.3856
  alpha=2.0 seed=44  no-MAC adagrad_ota  round   42/100 loss=1.6322 acc=0.3885
  alpha=2.0 seed=44  no-MAC adagrad_ota  round   43/100 loss=1.6321 acc=0.3867
  alpha=2.0 seed=44  no-MAC adagrad_ota  round   44/100 loss=1.6331 acc=0.3879
  alpha=2.0 seed=44  no-MAC adagrad_ota  round   45/100 loss=1.6328 acc=0.3853
  alpha=2.0 seed=44  no-MAC adagrad_ota  round   46/100 loss=1.6274 acc=0.3827
  alpha=2.0 seed=44  no-MAC adagrad_ota  round   47/100 loss=1.6225 acc=0.3830
  alpha=2.0 seed=44  no-MAC adagrad_ota  round   48/100 loss=1.6099 acc=0.3888
  alpha=2.0 seed=44  no-MAC adagrad_ota  round   49/100 loss=1.6034 acc=0.3938
  alpha=2.0 seed=44  no-MAC adagrad_ota  round   50/100 loss=1.6017 acc=0.3926
  alpha=2.0 seed=44  no-MAC adagrad_ota  round   51/100 loss=1.6066 acc=0.3940
  alpha=2.0 seed=44  no-MAC adagrad_ota  round   52/100 loss=1.6133 acc=0.3914
  alpha=2.0 seed=44  no-MAC adagrad_ota  round   53/100 loss=1.6145 acc=0.3908
  alpha=2.0 seed=44  no-MAC adagrad_ota  round   54/100 loss=1.6124 acc=0.3991
  alpha=2.0 seed=44  no-MAC adagrad_ota  round   55/100 loss=1.6147 acc=0.3987
  alpha=2.0 seed=44  no-MAC adagrad_ota  round   56/100 loss=1.6139 acc=0.3963
  alpha=2.0 seed=44  no-MAC adagrad_ota  round   57/100 loss=1.6011 acc=0.3992
  alpha=2.0 seed=44  no-MAC adagrad_ota  round   58/100 loss=1.5988 acc=0.3956
  alpha=2.0 seed=44  no-MAC adagrad_ota  round   59/100 loss=1.6039 acc=0.3957
  alpha=2.0 seed=44  no-MAC adagrad_ota  round   60/100 loss=1.6101 acc=0.3939
  alpha=2.0 seed=44  no-MAC adagrad_ota  round   61/100 loss=1.6214 acc=0.3926
  alpha=2.0 seed=44  no-MAC adagrad_ota  round   62/100 loss=1.6299 acc=0.3941
  alpha=2.0 seed=44  no-MAC adagrad_ota  round   63/100 loss=1.6232 acc=0.3968
  alpha=2.0 seed=44  no-MAC adagrad_ota  round   64/100 loss=1.6162 acc=0.3996
  alpha=2.0 seed=44  no-MAC adagrad_ota  round   65/100 loss=1.6025 acc=0.4034
  alpha=2.0 seed=44  no-MAC adagrad_ota  round   66/100 loss=1.6000 acc=0.3986
  alpha=2.0 seed=44  no-MAC adagrad_ota  round   67/100 loss=1.5984 acc=0.3949
  alpha=2.0 seed=44  no-MAC adagrad_ota  round   68/100 loss=1.5944 acc=0.3949
  alpha=2.0 seed=44  no-MAC adagrad_ota  round   69/100 loss=1.5868 acc=0.4013
  alpha=2.0 seed=44  no-MAC adagrad_ota  round   70/100 loss=1.5807 acc=0.4037
  alpha=2.0 seed=44  no-MAC adagrad_ota  round   71/100 loss=1.5787 acc=0.4073
  alpha=2.0 seed=44  no-MAC adagrad_ota  round   72/100 loss=1.5755 acc=0.4126
  alpha=2.0 seed=44  no-MAC adagrad_ota  round   73/100 loss=1.5749 acc=0.4103
  alpha=2.0 seed=44  no-MAC adagrad_ota  round   74/100 loss=1.5747 acc=0.4085
  alpha=2.0 seed=44  no-MAC adagrad_ota  round   75/100 loss=1.5725 acc=0.4045
  alpha=2.0 seed=44  no-MAC adagrad_ota  round   76/100 loss=1.5671 acc=0.4085
  alpha=2.0 seed=44  no-MAC adagrad_ota  round   77/100 loss=1.5653 acc=0.4165
  alpha=2.0 seed=44  no-MAC adagrad_ota  round   78/100 loss=1.5614 acc=0.4203
  alpha=2.0 seed=44  no-MAC adagrad_ota  round   79/100 loss=1.5613 acc=0.4188
  alpha=2.0 seed=44  no-MAC adagrad_ota  round   80/100 loss=1.5634 acc=0.4187
  alpha=2.0 seed=44  no-MAC adagrad_ota  round   81/100 loss=1.5629 acc=0.4194
  alpha=2.0 seed=44  no-MAC adagrad_ota  round   82/100 loss=1.5658 acc=0.4125
  alpha=2.0 seed=44  no-MAC adagrad_ota  round   83/100 loss=1.5644 acc=0.4140
  alpha=2.0 seed=44  no-MAC adagrad_ota  round   84/100 loss=1.5641 acc=0.4137
  alpha=2.0 seed=44  no-MAC adagrad_ota  round   85/100 loss=1.5686 acc=0.4170
  alpha=2.0 seed=44  no-MAC adagrad_ota  round   86/100 loss=1.5686 acc=0.4163
  alpha=2.0 seed=44  no-MAC adagrad_ota  round   87/100 loss=1.5662 acc=0.4192
  alpha=2.0 seed=44  no-MAC adagrad_ota  round   88/100 loss=1.5583 acc=0.4226
  alpha=2.0 seed=44  no-MAC adagrad_ota  round   89/100 loss=1.5523 acc=0.4241
  alpha=2.0 seed=44  no-MAC adagrad_ota  round   90/100 loss=1.5542 acc=0.4201
  alpha=2.0 seed=44  no-MAC adagrad_ota  round   91/100 loss=1.5576 acc=0.4175
  alpha=2.0 seed=44  no-MAC adagrad_ota  round   92/100 loss=1.5559 acc=0.4175
  alpha=2.0 seed=44  no-MAC adagrad_ota  round   93/100 loss=1.5500 acc=0.4180
  alpha=2.0 seed=44  no-MAC adagrad_ota  round   94/100 loss=1.5478 acc=0.4228
  alpha=2.0 seed=44  no-MAC adagrad_ota  round   95/100 loss=1.5441 acc=0.4250
  alpha=2.0 seed=44  no-MAC adagrad_ota  round   96/100 loss=1.5427 acc=0.4283
  alpha=2.0 seed=44  no-MAC adagrad_ota  round   97/100 loss=1.5407 acc=0.4300
  alpha=2.0 seed=44  no-MAC adagrad_ota  round   98/100 loss=1.5399 acc=0.4263
  alpha=2.0 seed=44  no-MAC adagrad_ota  round   99/100 loss=1.5376 acc=0.4262
  alpha=2.0 seed=44  no-MAC adagrad_ota  round  100/100 loss=1.5356 acc=0.4277
  alpha=2.0 seed=42  no-MAC adam_ota     round    1/100 loss=2.8438 acc=0.1000
  alpha=2.0 seed=42  no-MAC adam_ota     round    2/100 loss=2.9159 acc=0.1317
  alpha=2.0 seed=42  no-MAC adam_ota     round    3/100 loss=4.2292 acc=0.1000
  alpha=2.0 seed=42  no-MAC adam_ota     round    4/100 loss=6.1003 acc=0.1007
  alpha=2.0 seed=42  no-MAC adam_ota     round    5/100 loss=4.4543 acc=0.1015
  alpha=2.0 seed=42  no-MAC adam_ota     round    6/100 loss=4.4572 acc=0.1066
  alpha=2.0 seed=42  no-MAC adam_ota     round    7/100 loss=4.2432 acc=0.1136
  alpha=2.0 seed=42  no-MAC adam_ota     round    8/100 loss=3.6346 acc=0.1671
  alpha=2.0 seed=42  no-MAC adam_ota     round    9/100 loss=3.0378 acc=0.1663
  alpha=2.0 seed=42  no-MAC adam_ota     round   10/100 loss=2.9066 acc=0.1338
  alpha=2.0 seed=42  no-MAC adam_ota     round   11/100 loss=3.5298 acc=0.1092
  alpha=2.0 seed=42  no-MAC adam_ota     round   12/100 loss=3.8704 acc=0.1082
  alpha=2.0 seed=42  no-MAC adam_ota     round   13/100 loss=3.2964 acc=0.1218
  alpha=2.0 seed=42  no-MAC adam_ota     round   14/100 loss=2.5790 acc=0.2075
  alpha=2.0 seed=42  no-MAC adam_ota     round   15/100 loss=2.3197 acc=0.2177
  alpha=2.0 seed=42  no-MAC adam_ota     round   16/100 loss=2.2845 acc=0.2174
  alpha=2.0 seed=42  no-MAC adam_ota     round   17/100 loss=2.3396 acc=0.1994
  alpha=2.0 seed=42  no-MAC adam_ota     round   18/100 loss=2.3592 acc=0.1856
  alpha=2.0 seed=42  no-MAC adam_ota     round   19/100 loss=2.3563 acc=0.1994
  alpha=2.0 seed=42  no-MAC adam_ota     round   20/100 loss=2.3726 acc=0.2073
  alpha=2.0 seed=42  no-MAC adam_ota     round   21/100 loss=2.3125 acc=0.1909
  alpha=2.0 seed=42  no-MAC adam_ota     round   22/100 loss=2.1647 acc=0.2205
  alpha=2.0 seed=42  no-MAC adam_ota     round   23/100 loss=2.0424 acc=0.2611
  alpha=2.0 seed=42  no-MAC adam_ota     round   24/100 loss=2.0128 acc=0.2648
  alpha=2.0 seed=42  no-MAC adam_ota     round   25/100 loss=2.0321 acc=0.2635
  alpha=2.0 seed=42  no-MAC adam_ota     round   26/100 loss=1.9998 acc=0.2632
  alpha=2.0 seed=42  no-MAC adam_ota     round   27/100 loss=1.9331 acc=0.2836
  alpha=2.0 seed=42  no-MAC adam_ota     round   28/100 loss=1.8927 acc=0.3022
  alpha=2.0 seed=42  no-MAC adam_ota     round   29/100 loss=1.9154 acc=0.3016
  alpha=2.0 seed=42  no-MAC adam_ota     round   30/100 loss=1.9373 acc=0.2970
  alpha=2.0 seed=42  no-MAC adam_ota     round   31/100 loss=1.8722 acc=0.3092
  alpha=2.0 seed=42  no-MAC adam_ota     round   32/100 loss=1.8006 acc=0.3290
  alpha=2.0 seed=42  no-MAC adam_ota     round   33/100 loss=1.7849 acc=0.3239
  alpha=2.0 seed=42  no-MAC adam_ota     round   34/100 loss=1.8156 acc=0.3099
  alpha=2.0 seed=42  no-MAC adam_ota     round   35/100 loss=1.8750 acc=0.3051
  alpha=2.0 seed=42  no-MAC adam_ota     round   36/100 loss=1.8552 acc=0.3147
  alpha=2.0 seed=42  no-MAC adam_ota     round   37/100 loss=1.8163 acc=0.3191
  alpha=2.0 seed=42  no-MAC adam_ota     round   38/100 loss=1.7901 acc=0.3359
  alpha=2.0 seed=42  no-MAC adam_ota     round   39/100 loss=1.7601 acc=0.3437
  alpha=2.0 seed=42  no-MAC adam_ota     round   40/100 loss=1.7598 acc=0.3457
  alpha=2.0 seed=42  no-MAC adam_ota     round   41/100 loss=1.7528 acc=0.3489
  alpha=2.0 seed=42  no-MAC adam_ota     round   42/100 loss=1.7595 acc=0.3444
  alpha=2.0 seed=42  no-MAC adam_ota     round   43/100 loss=1.7479 acc=0.3390
  alpha=2.0 seed=42  no-MAC adam_ota     round   44/100 loss=1.7529 acc=0.3262
  alpha=2.0 seed=42  no-MAC adam_ota     round   45/100 loss=1.7523 acc=0.3263
  alpha=2.0 seed=42  no-MAC adam_ota     round   46/100 loss=1.7714 acc=0.3360
  alpha=2.0 seed=42  no-MAC adam_ota     round   47/100 loss=1.8166 acc=0.3377
  alpha=2.0 seed=42  no-MAC adam_ota     round   48/100 loss=1.8243 acc=0.3406
  alpha=2.0 seed=42  no-MAC adam_ota     round   49/100 loss=1.7943 acc=0.3454
  alpha=2.0 seed=42  no-MAC adam_ota     round   50/100 loss=1.7788 acc=0.3450
  alpha=2.0 seed=42  no-MAC adam_ota     round   51/100 loss=1.7419 acc=0.3478
  alpha=2.0 seed=42  no-MAC adam_ota     round   52/100 loss=1.7358 acc=0.3505
  alpha=2.0 seed=42  no-MAC adam_ota     round   53/100 loss=1.7628 acc=0.3518
  alpha=2.0 seed=42  no-MAC adam_ota     round   54/100 loss=1.7399 acc=0.3590
  alpha=2.0 seed=42  no-MAC adam_ota     round   55/100 loss=1.7072 acc=0.3654
  alpha=2.0 seed=42  no-MAC adam_ota     round   56/100 loss=1.7033 acc=0.3681
  alpha=2.0 seed=42  no-MAC adam_ota     round   57/100 loss=1.7202 acc=0.3583
  alpha=2.0 seed=42  no-MAC adam_ota     round   58/100 loss=1.7542 acc=0.3491
  alpha=2.0 seed=42  no-MAC adam_ota     round   59/100 loss=1.7914 acc=0.3431
  alpha=2.0 seed=42  no-MAC adam_ota     round   60/100 loss=1.7686 acc=0.3515
  alpha=2.0 seed=42  no-MAC adam_ota     round   61/100 loss=1.7128 acc=0.3641
  alpha=2.0 seed=42  no-MAC adam_ota     round   62/100 loss=1.6790 acc=0.3707
  alpha=2.0 seed=42  no-MAC adam_ota     round   63/100 loss=1.6785 acc=0.3651
  alpha=2.0 seed=42  no-MAC adam_ota     round   64/100 loss=1.6810 acc=0.3628
  alpha=2.0 seed=42  no-MAC adam_ota     round   65/100 loss=1.7048 acc=0.3609
  alpha=2.0 seed=42  no-MAC adam_ota     round   66/100 loss=1.7018 acc=0.3653
  alpha=2.0 seed=42  no-MAC adam_ota     round   67/100 loss=1.6800 acc=0.3724
  alpha=2.0 seed=42  no-MAC adam_ota     round   68/100 loss=1.6715 acc=0.3735
  alpha=2.0 seed=42  no-MAC adam_ota     round   69/100 loss=1.6658 acc=0.3754
  alpha=2.0 seed=42  no-MAC adam_ota     round   70/100 loss=1.6590 acc=0.3753
  alpha=2.0 seed=42  no-MAC adam_ota     round   71/100 loss=1.6567 acc=0.3817
  alpha=2.0 seed=42  no-MAC adam_ota     round   72/100 loss=1.6444 acc=0.3841
  alpha=2.0 seed=42  no-MAC adam_ota     round   73/100 loss=1.6410 acc=0.3872
  alpha=2.0 seed=42  no-MAC adam_ota     round   74/100 loss=1.6239 acc=0.3871
  alpha=2.0 seed=42  no-MAC adam_ota     round   75/100 loss=1.6173 acc=0.3889
  alpha=2.0 seed=42  no-MAC adam_ota     round   76/100 loss=1.6166 acc=0.3903
  alpha=2.0 seed=42  no-MAC adam_ota     round   77/100 loss=1.6152 acc=0.3919
  alpha=2.0 seed=42  no-MAC adam_ota     round   78/100 loss=1.6131 acc=0.3935
  alpha=2.0 seed=42  no-MAC adam_ota     round   79/100 loss=1.6132 acc=0.3952
  alpha=2.0 seed=42  no-MAC adam_ota     round   80/100 loss=1.6092 acc=0.3969
  alpha=2.0 seed=42  no-MAC adam_ota     round   81/100 loss=1.6125 acc=0.3909
  alpha=2.0 seed=42  no-MAC adam_ota     round   82/100 loss=1.6272 acc=0.3823
  alpha=2.0 seed=42  no-MAC adam_ota     round   83/100 loss=1.6333 acc=0.3805
  alpha=2.0 seed=42  no-MAC adam_ota     round   84/100 loss=1.6265 acc=0.3813
  alpha=2.0 seed=42  no-MAC adam_ota     round   85/100 loss=1.6214 acc=0.3864
  alpha=2.0 seed=42  no-MAC adam_ota     round   86/100 loss=1.6257 acc=0.3903
  alpha=2.0 seed=42  no-MAC adam_ota     round   87/100 loss=1.6341 acc=0.3877
  alpha=2.0 seed=42  no-MAC adam_ota     round   88/100 loss=1.6334 acc=0.3897
  alpha=2.0 seed=42  no-MAC adam_ota     round   89/100 loss=1.6133 acc=0.3947
  alpha=2.0 seed=42  no-MAC adam_ota     round   90/100 loss=1.6089 acc=0.3889
  alpha=2.0 seed=42  no-MAC adam_ota     round   91/100 loss=1.6258 acc=0.3865
  alpha=2.0 seed=42  no-MAC adam_ota     round   92/100 loss=1.6292 acc=0.3875
  alpha=2.0 seed=42  no-MAC adam_ota     round   93/100 loss=1.6433 acc=0.3875
  alpha=2.0 seed=42  no-MAC adam_ota     round   94/100 loss=1.6658 acc=0.3830
  alpha=2.0 seed=42  no-MAC adam_ota     round   95/100 loss=1.6320 acc=0.3869
  alpha=2.0 seed=42  no-MAC adam_ota     round   96/100 loss=1.6074 acc=0.3940
  alpha=2.0 seed=42  no-MAC adam_ota     round   97/100 loss=1.6015 acc=0.3991
  alpha=2.0 seed=42  no-MAC adam_ota     round   98/100 loss=1.6037 acc=0.3965
  alpha=2.0 seed=42  no-MAC adam_ota     round   99/100 loss=1.6148 acc=0.3995
  alpha=2.0 seed=42  no-MAC adam_ota     round  100/100 loss=1.6385 acc=0.3911
  alpha=2.0 seed=43  no-MAC adam_ota     round    1/100 loss=3.2018 acc=0.1134
  alpha=2.0 seed=43  no-MAC adam_ota     round    2/100 loss=3.5068 acc=0.1015
  alpha=2.0 seed=43  no-MAC adam_ota     round    3/100 loss=3.3830 acc=0.1449
  alpha=2.0 seed=43  no-MAC adam_ota     round    4/100 loss=3.5704 acc=0.1212
  alpha=2.0 seed=43  no-MAC adam_ota     round    5/100 loss=5.3706 acc=0.1004
  alpha=2.0 seed=43  no-MAC adam_ota     round    6/100 loss=4.8732 acc=0.1133
  alpha=2.0 seed=43  no-MAC adam_ota     round    7/100 loss=4.0891 acc=0.1186
  alpha=2.0 seed=43  no-MAC adam_ota     round    8/100 loss=3.1678 acc=0.1328
  alpha=2.0 seed=43  no-MAC adam_ota     round    9/100 loss=2.6595 acc=0.1671
  alpha=2.0 seed=43  no-MAC adam_ota     round   10/100 loss=2.8565 acc=0.1840
  alpha=2.0 seed=43  no-MAC adam_ota     round   11/100 loss=3.0881 acc=0.1520
  alpha=2.0 seed=43  no-MAC adam_ota     round   12/100 loss=3.3051 acc=0.1565
  alpha=2.0 seed=43  no-MAC adam_ota     round   13/100 loss=3.0953 acc=0.1744
  alpha=2.0 seed=43  no-MAC adam_ota     round   14/100 loss=2.5952 acc=0.1816
  alpha=2.0 seed=43  no-MAC adam_ota     round   15/100 loss=2.2073 acc=0.2227
  alpha=2.0 seed=43  no-MAC adam_ota     round   16/100 loss=2.1611 acc=0.2418
  alpha=2.0 seed=43  no-MAC adam_ota     round   17/100 loss=2.3076 acc=0.2254
  alpha=2.0 seed=43  no-MAC adam_ota     round   18/100 loss=2.5050 acc=0.1995
  alpha=2.0 seed=43  no-MAC adam_ota     round   19/100 loss=2.4166 acc=0.2217
  alpha=2.0 seed=43  no-MAC adam_ota     round   20/100 loss=2.2503 acc=0.2418
  alpha=2.0 seed=43  no-MAC adam_ota     round   21/100 loss=2.0926 acc=0.2463
  alpha=2.0 seed=43  no-MAC adam_ota     round   22/100 loss=1.9967 acc=0.2509
  alpha=2.0 seed=43  no-MAC adam_ota     round   23/100 loss=1.9230 acc=0.2806
  alpha=2.0 seed=43  no-MAC adam_ota     round   24/100 loss=1.9256 acc=0.2929
  alpha=2.0 seed=43  no-MAC adam_ota     round   25/100 loss=1.9421 acc=0.2756
  alpha=2.0 seed=43  no-MAC adam_ota     round   26/100 loss=1.9289 acc=0.2743
  alpha=2.0 seed=43  no-MAC adam_ota     round   27/100 loss=1.8862 acc=0.2942
  alpha=2.0 seed=43  no-MAC adam_ota     round   28/100 loss=1.8897 acc=0.2857
  alpha=2.0 seed=43  no-MAC adam_ota     round   29/100 loss=1.9396 acc=0.2689
  alpha=2.0 seed=43  no-MAC adam_ota     round   30/100 loss=1.9558 acc=0.2694
  alpha=2.0 seed=43  no-MAC adam_ota     round   31/100 loss=1.9089 acc=0.2871
  alpha=2.0 seed=43  no-MAC adam_ota     round   32/100 loss=1.8690 acc=0.3029
  alpha=2.0 seed=43  no-MAC adam_ota     round   33/100 loss=1.8269 acc=0.3066
  alpha=2.0 seed=43  no-MAC adam_ota     round   34/100 loss=1.8179 acc=0.3124
  alpha=2.0 seed=43  no-MAC adam_ota     round   35/100 loss=1.8024 acc=0.3219
  alpha=2.0 seed=43  no-MAC adam_ota     round   36/100 loss=1.7847 acc=0.3203
  alpha=2.0 seed=43  no-MAC adam_ota     round   37/100 loss=1.7521 acc=0.3282
  alpha=2.0 seed=43  no-MAC adam_ota     round   38/100 loss=1.7379 acc=0.3333
  alpha=2.0 seed=43  no-MAC adam_ota     round   39/100 loss=1.7585 acc=0.3254
  alpha=2.0 seed=43  no-MAC adam_ota     round   40/100 loss=1.7763 acc=0.3227
  alpha=2.0 seed=43  no-MAC adam_ota     round   41/100 loss=1.7716 acc=0.3307
  alpha=2.0 seed=43  no-MAC adam_ota     round   42/100 loss=1.7511 acc=0.3321
  alpha=2.0 seed=43  no-MAC adam_ota     round   43/100 loss=1.7431 acc=0.3349
  alpha=2.0 seed=43  no-MAC adam_ota     round   44/100 loss=1.7294 acc=0.3421
  alpha=2.0 seed=43  no-MAC adam_ota     round   45/100 loss=1.7125 acc=0.3380
  alpha=2.0 seed=43  no-MAC adam_ota     round   46/100 loss=1.7163 acc=0.3420
  alpha=2.0 seed=43  no-MAC adam_ota     round   47/100 loss=1.7347 acc=0.3421
  alpha=2.0 seed=43  no-MAC adam_ota     round   48/100 loss=1.7389 acc=0.3433
  alpha=2.0 seed=43  no-MAC adam_ota     round   49/100 loss=1.7131 acc=0.3467
  alpha=2.0 seed=43  no-MAC adam_ota     round   50/100 loss=1.7020 acc=0.3479
  alpha=2.0 seed=43  no-MAC adam_ota     round   51/100 loss=1.6968 acc=0.3580
  alpha=2.0 seed=43  no-MAC adam_ota     round   52/100 loss=1.7275 acc=0.3460
  alpha=2.0 seed=43  no-MAC adam_ota     round   53/100 loss=1.7311 acc=0.3424
  alpha=2.0 seed=43  no-MAC adam_ota     round   54/100 loss=1.7246 acc=0.3416
  alpha=2.0 seed=43  no-MAC adam_ota     round   55/100 loss=1.6916 acc=0.3531
  alpha=2.0 seed=43  no-MAC adam_ota     round   56/100 loss=1.6709 acc=0.3626
  alpha=2.0 seed=43  no-MAC adam_ota     round   57/100 loss=1.6619 acc=0.3664
  alpha=2.0 seed=43  no-MAC adam_ota     round   58/100 loss=1.6617 acc=0.3690
  alpha=2.0 seed=43  no-MAC adam_ota     round   59/100 loss=1.6668 acc=0.3721
  alpha=2.0 seed=43  no-MAC adam_ota     round   60/100 loss=1.6878 acc=0.3682
  alpha=2.0 seed=43  no-MAC adam_ota     round   61/100 loss=1.6768 acc=0.3674
  alpha=2.0 seed=43  no-MAC adam_ota     round   62/100 loss=1.6699 acc=0.3659
  alpha=2.0 seed=43  no-MAC adam_ota     round   63/100 loss=1.6730 acc=0.3593
  alpha=2.0 seed=43  no-MAC adam_ota     round   64/100 loss=1.6541 acc=0.3727
  alpha=2.0 seed=43  no-MAC adam_ota     round   65/100 loss=1.6582 acc=0.3706
  alpha=2.0 seed=43  no-MAC adam_ota     round   66/100 loss=1.6533 acc=0.3736
  alpha=2.0 seed=43  no-MAC adam_ota     round   67/100 loss=1.6414 acc=0.3716
  alpha=2.0 seed=43  no-MAC adam_ota     round   68/100 loss=1.6324 acc=0.3742
  alpha=2.0 seed=43  no-MAC adam_ota     round   69/100 loss=1.6325 acc=0.3770
  alpha=2.0 seed=43  no-MAC adam_ota     round   70/100 loss=1.6410 acc=0.3769
  alpha=2.0 seed=43  no-MAC adam_ota     round   71/100 loss=1.6633 acc=0.3658
  alpha=2.0 seed=43  no-MAC adam_ota     round   72/100 loss=1.6535 acc=0.3686
  alpha=2.0 seed=43  no-MAC adam_ota     round   73/100 loss=1.6788 acc=0.3646
  alpha=2.0 seed=43  no-MAC adam_ota     round   74/100 loss=1.6755 acc=0.3636
  alpha=2.0 seed=43  no-MAC adam_ota     round   75/100 loss=1.6582 acc=0.3691
  alpha=2.0 seed=43  no-MAC adam_ota     round   76/100 loss=1.6529 acc=0.3672
  alpha=2.0 seed=43  no-MAC adam_ota     round   77/100 loss=1.6464 acc=0.3671
  alpha=2.0 seed=43  no-MAC adam_ota     round   78/100 loss=1.6293 acc=0.3748
  alpha=2.0 seed=43  no-MAC adam_ota     round   79/100 loss=1.6252 acc=0.3835
  alpha=2.0 seed=43  no-MAC adam_ota     round   80/100 loss=1.6402 acc=0.3772
  alpha=2.0 seed=43  no-MAC adam_ota     round   81/100 loss=1.6597 acc=0.3716
  alpha=2.0 seed=43  no-MAC adam_ota     round   82/100 loss=1.6691 acc=0.3733
  alpha=2.0 seed=43  no-MAC adam_ota     round   83/100 loss=1.6442 acc=0.3815
  alpha=2.0 seed=43  no-MAC adam_ota     round   84/100 loss=1.6176 acc=0.3915
  alpha=2.0 seed=43  no-MAC adam_ota     round   85/100 loss=1.6090 acc=0.3938
  alpha=2.0 seed=43  no-MAC adam_ota     round   86/100 loss=1.6182 acc=0.3898
  alpha=2.0 seed=43  no-MAC adam_ota     round   87/100 loss=1.6387 acc=0.3807
  alpha=2.0 seed=43  no-MAC adam_ota     round   88/100 loss=1.6377 acc=0.3750
  alpha=2.0 seed=43  no-MAC adam_ota     round   89/100 loss=1.6355 acc=0.3741
  alpha=2.0 seed=43  no-MAC adam_ota     round   90/100 loss=1.6257 acc=0.3835
  alpha=2.0 seed=43  no-MAC adam_ota     round   91/100 loss=1.6320 acc=0.3822
  alpha=2.0 seed=43  no-MAC adam_ota     round   92/100 loss=1.6584 acc=0.3743
  alpha=2.0 seed=43  no-MAC adam_ota     round   93/100 loss=1.6772 acc=0.3724
  alpha=2.0 seed=43  no-MAC adam_ota     round   94/100 loss=1.6673 acc=0.3715
  alpha=2.0 seed=43  no-MAC adam_ota     round   95/100 loss=1.6346 acc=0.3836
  alpha=2.0 seed=43  no-MAC adam_ota     round   96/100 loss=1.6052 acc=0.3943
  alpha=2.0 seed=43  no-MAC adam_ota     round   97/100 loss=1.5980 acc=0.3962
  alpha=2.0 seed=43  no-MAC adam_ota     round   98/100 loss=1.6114 acc=0.3879
  alpha=2.0 seed=43  no-MAC adam_ota     round   99/100 loss=1.6448 acc=0.3759
  alpha=2.0 seed=43  no-MAC adam_ota     round  100/100 loss=1.7175 acc=0.3578
  alpha=2.0 seed=44  no-MAC adam_ota     round    1/100 loss=3.2533 acc=0.1000
  alpha=2.0 seed=44  no-MAC adam_ota     round    2/100 loss=2.5889 acc=0.1084
  alpha=2.0 seed=44  no-MAC adam_ota     round    3/100 loss=4.7096 acc=0.1371
  alpha=2.0 seed=44  no-MAC adam_ota     round    4/100 loss=5.4052 acc=0.1036
  alpha=2.0 seed=44  no-MAC adam_ota     round    5/100 loss=3.9350 acc=0.1309
  alpha=2.0 seed=44  no-MAC adam_ota     round    6/100 loss=3.9138 acc=0.1182
  alpha=2.0 seed=44  no-MAC adam_ota     round    7/100 loss=4.7002 acc=0.1268
  alpha=2.0 seed=44  no-MAC adam_ota     round    8/100 loss=3.1872 acc=0.1520
  alpha=2.0 seed=44  no-MAC adam_ota     round    9/100 loss=2.7579 acc=0.1789
  alpha=2.0 seed=44  no-MAC adam_ota     round   10/100 loss=3.2229 acc=0.1324
  alpha=2.0 seed=44  no-MAC adam_ota     round   11/100 loss=3.7716 acc=0.1124
  alpha=2.0 seed=44  no-MAC adam_ota     round   12/100 loss=3.6934 acc=0.1127
  alpha=2.0 seed=44  no-MAC adam_ota     round   13/100 loss=2.9532 acc=0.1397
  alpha=2.0 seed=44  no-MAC adam_ota     round   14/100 loss=2.6102 acc=0.1886
  alpha=2.0 seed=44  no-MAC adam_ota     round   15/100 loss=2.6142 acc=0.1742
  alpha=2.0 seed=44  no-MAC adam_ota     round   16/100 loss=2.4051 acc=0.1995
  alpha=2.0 seed=44  no-MAC adam_ota     round   17/100 loss=2.2107 acc=0.2449
  alpha=2.0 seed=44  no-MAC adam_ota     round   18/100 loss=2.4250 acc=0.1930
  alpha=2.0 seed=44  no-MAC adam_ota     round   19/100 loss=2.6948 acc=0.1619
  alpha=2.0 seed=44  no-MAC adam_ota     round   20/100 loss=2.6554 acc=0.1735
  alpha=2.0 seed=44  no-MAC adam_ota     round   21/100 loss=2.3231 acc=0.2246
  alpha=2.0 seed=44  no-MAC adam_ota     round   22/100 loss=2.0500 acc=0.2756
  alpha=2.0 seed=44  no-MAC adam_ota     round   23/100 loss=1.9658 acc=0.2660
  alpha=2.0 seed=44  no-MAC adam_ota     round   24/100 loss=1.9225 acc=0.2716
  alpha=2.0 seed=44  no-MAC adam_ota     round   25/100 loss=1.8741 acc=0.2967
  alpha=2.0 seed=44  no-MAC adam_ota     round   26/100 loss=1.9038 acc=0.2930
  alpha=2.0 seed=44  no-MAC adam_ota     round   27/100 loss=1.9999 acc=0.2625
  alpha=2.0 seed=44  no-MAC adam_ota     round   28/100 loss=2.0381 acc=0.2552
  alpha=2.0 seed=44  no-MAC adam_ota     round   29/100 loss=1.9681 acc=0.2724
  alpha=2.0 seed=44  no-MAC adam_ota     round   30/100 loss=1.8822 acc=0.2977
  alpha=2.0 seed=44  no-MAC adam_ota     round   31/100 loss=1.8488 acc=0.3022
  alpha=2.0 seed=44  no-MAC adam_ota     round   32/100 loss=1.8982 acc=0.2889
  alpha=2.0 seed=44  no-MAC adam_ota     round   33/100 loss=1.8710 acc=0.3073
  alpha=2.0 seed=44  no-MAC adam_ota     round   34/100 loss=1.8159 acc=0.3257
  alpha=2.0 seed=44  no-MAC adam_ota     round   35/100 loss=1.7988 acc=0.3300
  alpha=2.0 seed=44  no-MAC adam_ota     round   36/100 loss=1.7862 acc=0.3259
  alpha=2.0 seed=44  no-MAC adam_ota     round   37/100 loss=1.7817 acc=0.3228
  alpha=2.0 seed=44  no-MAC adam_ota     round   38/100 loss=1.8133 acc=0.3220
  alpha=2.0 seed=44  no-MAC adam_ota     round   39/100 loss=1.8199 acc=0.3173
  alpha=2.0 seed=44  no-MAC adam_ota     round   40/100 loss=1.7787 acc=0.3312
  alpha=2.0 seed=44  no-MAC adam_ota     round   41/100 loss=1.7018 acc=0.3580
  alpha=2.0 seed=44  no-MAC adam_ota     round   42/100 loss=1.6963 acc=0.3665
  alpha=2.0 seed=44  no-MAC adam_ota     round   43/100 loss=1.7269 acc=0.3570
  alpha=2.0 seed=44  no-MAC adam_ota     round   44/100 loss=1.7658 acc=0.3440
  alpha=2.0 seed=44  no-MAC adam_ota     round   45/100 loss=1.7614 acc=0.3437
  alpha=2.0 seed=44  no-MAC adam_ota     round   46/100 loss=1.7345 acc=0.3460
  alpha=2.0 seed=44  no-MAC adam_ota     round   47/100 loss=1.7129 acc=0.3529
  alpha=2.0 seed=44  no-MAC adam_ota     round   48/100 loss=1.6861 acc=0.3594
  alpha=2.0 seed=44  no-MAC adam_ota     round   49/100 loss=1.6643 acc=0.3656
  alpha=2.0 seed=44  no-MAC adam_ota     round   50/100 loss=1.6664 acc=0.3692
  alpha=2.0 seed=44  no-MAC adam_ota     round   51/100 loss=1.6746 acc=0.3645
  alpha=2.0 seed=44  no-MAC adam_ota     round   52/100 loss=1.6893 acc=0.3562
  alpha=2.0 seed=44  no-MAC adam_ota     round   53/100 loss=1.7159 acc=0.3551
  alpha=2.0 seed=44  no-MAC adam_ota     round   54/100 loss=1.7479 acc=0.3426
  alpha=2.0 seed=44  no-MAC adam_ota     round   55/100 loss=1.7672 acc=0.3312
  alpha=2.0 seed=44  no-MAC adam_ota     round   56/100 loss=1.7338 acc=0.3421
  alpha=2.0 seed=44  no-MAC adam_ota     round   57/100 loss=1.6877 acc=0.3605
  alpha=2.0 seed=44  no-MAC adam_ota     round   58/100 loss=1.6771 acc=0.3606
  alpha=2.0 seed=44  no-MAC adam_ota     round   59/100 loss=1.6913 acc=0.3579
  alpha=2.0 seed=44  no-MAC adam_ota     round   60/100 loss=1.7218 acc=0.3495
  alpha=2.0 seed=44  no-MAC adam_ota     round   61/100 loss=1.7370 acc=0.3492
  alpha=2.0 seed=44  no-MAC adam_ota     round   62/100 loss=1.7565 acc=0.3462
  alpha=2.0 seed=44  no-MAC adam_ota     round   63/100 loss=1.7224 acc=0.3548
  alpha=2.0 seed=44  no-MAC adam_ota     round   64/100 loss=1.6845 acc=0.3697
  alpha=2.0 seed=44  no-MAC adam_ota     round   65/100 loss=1.6664 acc=0.3733
  alpha=2.0 seed=44  no-MAC adam_ota     round   66/100 loss=1.6683 acc=0.3729
  alpha=2.0 seed=44  no-MAC adam_ota     round   67/100 loss=1.6739 acc=0.3717
  alpha=2.0 seed=44  no-MAC adam_ota     round   68/100 loss=1.6793 acc=0.3756
  alpha=2.0 seed=44  no-MAC adam_ota     round   69/100 loss=1.6663 acc=0.3779
  alpha=2.0 seed=44  no-MAC adam_ota     round   70/100 loss=1.6388 acc=0.3826
  alpha=2.0 seed=44  no-MAC adam_ota     round   71/100 loss=1.6256 acc=0.3872
  alpha=2.0 seed=44  no-MAC adam_ota     round   72/100 loss=1.6199 acc=0.3884
  alpha=2.0 seed=44  no-MAC adam_ota     round   73/100 loss=1.6241 acc=0.3931
  alpha=2.0 seed=44  no-MAC adam_ota     round   74/100 loss=1.6279 acc=0.3885
  alpha=2.0 seed=44  no-MAC adam_ota     round   75/100 loss=1.6259 acc=0.3893
  alpha=2.0 seed=44  no-MAC adam_ota     round   76/100 loss=1.6264 acc=0.3921
  alpha=2.0 seed=44  no-MAC adam_ota     round   77/100 loss=1.6332 acc=0.3914
  alpha=2.0 seed=44  no-MAC adam_ota     round   78/100 loss=1.6395 acc=0.3829
  alpha=2.0 seed=44  no-MAC adam_ota     round   79/100 loss=1.6361 acc=0.3849
  alpha=2.0 seed=44  no-MAC adam_ota     round   80/100 loss=1.6301 acc=0.3860
  alpha=2.0 seed=44  no-MAC adam_ota     round   81/100 loss=1.6190 acc=0.3914
  alpha=2.0 seed=44  no-MAC adam_ota     round   82/100 loss=1.6118 acc=0.3988
  alpha=2.0 seed=44  no-MAC adam_ota     round   83/100 loss=1.6127 acc=0.3930
  alpha=2.0 seed=44  no-MAC adam_ota     round   84/100 loss=1.6306 acc=0.3870
  alpha=2.0 seed=44  no-MAC adam_ota     round   85/100 loss=1.6405 acc=0.3833
  alpha=2.0 seed=44  no-MAC adam_ota     round   86/100 loss=1.6322 acc=0.3891
  alpha=2.0 seed=44  no-MAC adam_ota     round   87/100 loss=1.6132 acc=0.3906
  alpha=2.0 seed=44  no-MAC adam_ota     round   88/100 loss=1.6152 acc=0.3878
  alpha=2.0 seed=44  no-MAC adam_ota     round   89/100 loss=1.6502 acc=0.3813
  alpha=2.0 seed=44  no-MAC adam_ota     round   90/100 loss=1.6705 acc=0.3788
  alpha=2.0 seed=44  no-MAC adam_ota     round   91/100 loss=1.6671 acc=0.3845
  alpha=2.0 seed=44  no-MAC adam_ota     round   92/100 loss=1.6419 acc=0.3857
  alpha=2.0 seed=44  no-MAC adam_ota     round   93/100 loss=1.6147 acc=0.3916
  alpha=2.0 seed=44  no-MAC adam_ota     round   94/100 loss=1.6010 acc=0.3916
  alpha=2.0 seed=44  no-MAC adam_ota     round   95/100 loss=1.6022 acc=0.3929
  alpha=2.0 seed=44  no-MAC adam_ota     round   96/100 loss=1.6134 acc=0.3892
  alpha=2.0 seed=44  no-MAC adam_ota     round   97/100 loss=1.6222 acc=0.3915
  alpha=2.0 seed=44  no-MAC adam_ota     round   98/100 loss=1.6109 acc=0.3910
  alpha=2.0 seed=44  no-MAC adam_ota     round   99/100 loss=1.6033 acc=0.3936
  alpha=2.0 seed=44  no-MAC adam_ota     round  100/100 loss=1.5944 acc=0.3959
Saved: results/heavytail/alpha_ablation_cifar10_resnet18.json
./run_all.sh: line 516: syntax error near unexpected token `|'
